:020000040800F2
:10000000000004209DF0000841EC000849EC0008C5
:1000100051EC000859EC000861EC0008EDF0000814
:100020000000000000000000000000007123020832
:1000300069EC00080000000001230208DDE8010867
:10004000EDF00008EDF00008EDF00008EDF000081C
:10005000EDF00008EDF00008EDF00008EDF000080C
:10006000EDF00008EDF00008EDF00008EDF00008FC
:10007000EDF00008EDF00008EDF00008EDF00008EC
:10008000EDF00008EDF00008EDF00008EDF00008DC
:10009000EDF00008EDF00008EDF00008EDF00008CC
:1000A000EDF00008EDF00008EDF00008EDF00008BC
:1000B000EDF0000879EC00088DEC0008EDF0000888
:1000C000EDF00008EDF00008EDF00008EDF000089C
:1000D000EDF00008EDF00008EDF00008A1EC0008DC
:1000E000B5EC0008EDF00008C9EC0008EDF00008E0
:1000F000EDF00008EDF00008EDF00008EDF000086C
:10010000EDF00008DDEC0008F1EC0008EDF000086F
:10011000EDF00008EDF00008EDF00008EDF000084B
:10012000EDF0000805ED000819ED0008EDF00008FD
:100130002DED0008EDF00008EDF00008EDF00008EE
:10014000EDF00008EDF0000841ED0008EDF00008CA
:10015000EDF00008EDF00008EDF00008EDF000080B
:10016000EDF0000855ED0008EDF00008EDF0000896
:10017000EDF0000800000000EDF0000800000000B5
:1001800069ED0008EDF00008EDF00008EDF0000862
:10019000EDF00008EDF00008EDF00008EDF00008CB
:1001A000EDF00008EDF00008EDF00008EDF00008BB
:1001B000EDF00008000000007DED0008EDF0000803
:1001C000EDF0000800000000EDF00008EDF0000880
:1001D000EDF00008EDF00008EDF00008EDF000088B
:1001E000EDF00008EDF00008EDF00008EDF000087B
:0401F000000000000B
:1002000010B5054C237833B9044B13B10448AFF350
:1002100000800123237010BD980703200000000018
:10022000B044020808B5034B1BB103490348AFF3C0
:10023000008008BD000000009C070320B0440208B5
:1002400010F8012B11F8013B012A28BF9A42F7D080
:10025000D01A7047034613F8012B002AFBD1181A55
:100260000138704753B94AB9002908BF00281CBF9C
:100270004FF0FF314FF0FF3000F0B0B9ADF1080C96
:100280006DE904CE00F006F8DDF804E0DDE90223B4
:1002900004B070472DE9F04F099D884604468E460C
:1002A000002B4AD18A4217465FD9B2FA82F64EB184
:1002B000C6F1200301FA06FEB740B44020FA03F36A
:1002C00043EA0E0E4FEA17481FFA87FC230CBEFBC9
:1002D000F8F108FB11EE01FB0CF243EA0E439A42DF
:1002E00007D9FB1801F1FF3002D29A4200F2548183
:1002F00001469B1AA2B2B3FBF8F008FB103300FBD7
:100300000CFC42EA034294450BD9BA1800F1FF33C2
:100310002CBF01240024944502D9002C00F03F8119
:10032000184640EA0140A2EB0C0200211DB1F24048
:100330000023C5E90023BDE8F08F8B4205D90DB13C
:10034000C5E9000100210846F5E7B3FA83F1002969
:100350004ED14345C0F01281824240F20F810846DF
:10036000002DE8D0C5E9004EE5E7002A00F0AC809A
:10037000B2FA82F6002E40F0BB808B1A4FEA124E82
:10038000BCB20121020C80B2B3FBFEFC0EFB1C339D
:1003900042EA034304FB0CF29A420ED9FB180CF11B
:1003A000FF382CBF4FF001094FF000099A4203D9E2
:1003B000B9F1000F00F0EC80C4469B1AB3FBFEF8C5
:1003C0000EFB183304FB08F440EA034294420BD9B5
:1003D000BA1808F1FF332CBF01200020944202D943
:1003E000002800F0D1809846121B48EA0C409DE797
:1003F000C1F120068B4008FA01F400FA01F922FA53
:1004000006F728FA06F88A401F4320FA06F3380C4C
:1004100023431FFA87FC1C0CB8FBF0FE00FB1E8870
:1004200044EA08440EFB0CF8A0450ED93C190EF125
:10043000FF3A2CBF4FF0010B4FF0000BA04503D942
:10044000BBF1000F00F0B880D646A4EB08041FFAF9
:1004500083F8B4FBF0F300FB134403FB0CFC48EA05
:100460000444A4450ED93C1903F1FF302CBF4FF0D2
:1004700001084FF00008A44503D9B8F1000F00F0BF
:100480009F80034643EA0E40A4EB0C04A0FB02EC61
:1004900064457346E04602D307D1F14505D2BEEB71
:1004A00002036CEB070C0138E0465DB1B9EB0302C7
:1004B00064EB080404FA06F622FA01F3CC401E436A
:1004C000C5E90064002136E7B1FBF2FC010C1446DB
:1004D00080B2964641EA08412026904640EA014310
:1004E0001046B1FBF2F1A3EB080341EA0C414BE7E4
:1004F000B740C6F1200301FA06F221FA03F84FEAE9
:10050000174E20FA03F3BCB2B0401343020C190C8F
:1005100080B2B8FBFEF90EFB198841EA084109FBDD
:1005200004F8884551D9791809F1FF3C2CBF4FF0E8
:10053000010A4FF0000A884502D9BAF1000F31D004
:10054000A1EB0801B1FBFEF909FB04F80EFB191140
:100550009BB243EA0143434535D2FB1809F1FF3111
:100560002CBF4FF0010A4FF0000A4345BBD2BAF14D
:10057000000FB8D1A9F102013B44B4E7841A68EB3B
:10058000030201209646EBE63A44A8F102082BE765
:10059000ACF1020C3B4410E702393B44A9E63A4473
:1005A0000238BEE6A7EB0808A9F1020C4144B1FBF2
:1005B000FEF909FB04F8C9E7AEF1020E3C4444E73A
:1005C000023B3C445EE749468DE7A1EB0801CC467F
:1005D000B1FBFEF909FB04F8B8E700BF704700BFA4
:1005E00080B483B000AF7860396000BF0C37BD467F
:1005F0005DF8047B7047000080B500AF034B00221C
:100600001A60034816F026FC00BF80BDE42B0320CF
:10061000200B032080B400AF034B1B681846BD4677
:100620005DF8047B704700BFE42B032080B584B0E5
:1006300002AF72B600BF834B4FF000629A60BFF307
:100640004F8F00BF62B600BF0EF051FD07F0CCFE29
:1006500000F066F900F0D4FB00F08CFB00F059FAD2
:1006600000F078FA00F006FA00F08AFA00F0D8F903
:1006700000F062FA00F0DCF900F044FA00F063FAEE
:1006800000F050FB00F0F2FA00F0B8FA00F024FBA2
:100690006D4B00221A706D4B00936D4B00220121AF
:1006A00043F698201FF07EF803466A4A13606A4BAF
:1006B00000936A4B0022012143F698201FF072F844
:1006C0000346674A1360674B0093674B0022012182
:1006D00041F201001FF066F80346644A1360644B60
:1006E0000093644B0022012141F201001FF05AF8EF
:1006F0000346614A1360614B0093614B0022012164
:1007000043F698201FF04EF803465E4A13605E4B96
:1007100000935E4B0022012143F698201FF042F81F
:1007200003465B4A1360002006F0FCFA002006F046
:1007300011FB06F034FB1FF0D1FF564B0093564BD4
:100740004A4A564906F07EF955480AF07BFE55485C
:1007500005F064F9544A5549554801F04DFA002313
:100760003B603B46184606F069FA0346002B10D161
:100770003B68002B0DD14FF040437B607B6843F416
:1007800024137B607B6843F004037B60786806F089
:100790001BFA1EF0BDF821F0C5FF464A002146486D
:1007A0001EF000F90346454A1360454A00214548BA
:1007B0001EF0F8F80346444A1360444A00214448B6
:1007C0001EF0F0F80346394A1360424A00214248BD
:1007D0001EF0E8F80346414A1360414A00214148AF
:1007E0001EF0E0F80346304A13603F4A00213F48BC
:1007F0001EF0D8F80346294A13603D4A00213D48BF
:100800001EF0D0F803463C4A13603C4A00213C48A5
:100810001EF0C8F803463B4A13603B4A00213B48A0
:100820001EF0C0F803463A4A13603A4A00213A489B
:100830001EF0B8F80346394A13601EF08DF800BF69
:10084000FDE700BF00ED00E0142B0320C42A0320C5
:1008500000000020E82A0320EC2A0320983A002018
:10086000102B0320182B032038BF0020A82B0320B7
:100870003C2B03203CCF0020AC2B0320602B03201B
:1008800040DF0020DC2C0320842B0320D81901201A
:10089000E02C0320B42B0320B02B0320582103208D
:1008A0008C0903201C080320A81C032048130320E4
:1008B00040080320F4690208290F0008940E032061
:1008C000186A020819100008980E03203C6A0208F2
:1008D00055130008606A02082D140008F817032059
:1008E000846A0208ED140008A86A0208C11500080D
:1008F000CC6A0208A117000808260320F06A020843
:100900009D180008B82A0320146B0208F11800088B
:10091000BC2A0320386B020807190008C02A0320EC
:1009200080B59EB000AF07F1300348220021184681
:1009300022F0E9FE07F11C0300221A605A609A6057
:10094000DA601A613B1D00221A605A609A60DA6010
:100950001A615A614FF4007013F03AFD0346002B00
:1009600001D001F007F829233B634FF480337B6308
:100970000123BB650023BB6401237B640223FB6569
:1009800003233B6601237B661023BB660723FB66BC
:1009900004233B6702237B6707F13003184613F0FB
:1009A000B7FD0346002B01D000F0E4FF0F23FB61ED
:1009B00003233B6200237B620023BB620023FB62B4
:1009C00007F11C030321184614F078FA0346002BA4
:1009D00001D000F0CFFF114B9B6D104A43F08073A4
:1009E00093650E4B9B6D03F080733B603B68002367
:1009F0007B604FF00053BB600023FB604BF67F33FE
:100A00003B6122237B612023BB613B1D184615F00F
:100A1000DBF800BF7837BD4680BD00BF0010024044
:100A200080B400AF00BFBD465DF8047B7047000096
:100A300080B500AF0D4B0E4A1A600C4B00221A71A4
:100A40000A4B00225A71094B00225A61074B0022BF
:100A50009A61064B01221A6204480EF0B1FC03466B
:100A6000002B01D000F086FF00BF80BD1C080320D2
:100A70000030024080B500AF204B214A1A601F4B66
:100A800000225A601D4B4FF440729A601B4B0022AB
:100A9000DA601A4B01221A74184B00225A74174B51
:100AA00000229A74154B01225A61144B10229A614C
:100AB000124B3C22DA61114B13221A620F4B0122B6
:100AC0005A620E4B10229A620C4B0F22DA620B4BC9
:100AD00004221A63094B01225A63084B01229A63CC
:100AE000064B0022DA6305480FF018F90346002B85
:100AF00001D000F03FFF00BF80BD00BF40080320D1
:100B000000A4004080B400AF00BFBD465DF8047B88
:100B1000704780B500AF002011F0DCFE0346002BCB
:100B200001D000F027FF11F0F5FE0346002B01D0A5
:100B300000F020FF00BF80BD80B400AF00BFBD4605
:100B40005DF8047B704780B400AF00BFBD465DF820
:100B5000047B704780B500AF074B084A1A60064B0C
:100B600000225A60044815F003FA0346002B01D016
:100B700000F000FF00BF80BD8C09032000080C427C
:100B800080B500AF1B4B1C4A1A601A4B4FF482729F
:100B90005A60184B00229A60164B4FF4E062DA60FC
:100BA000144B00221A61134B00225A61114B4FF46F
:100BB00000729A610F4B0822DA610E4B00221A6212
:100BC0000C4B00225A620B4B00229A62094B0722FF
:100BD000DA62084B00221A63064B08225A63054862
:100BE00015F0D7FB0346002B01D000F0C3FE00BF79
:100BF00080BD00BFA00903200038004080B584B04C
:100C000000AF3B1D00221A605A609A60154B164ACD
:100C10001A60144B42F20F725A60124B00229A6013
:100C2000104B41F63F72DA600E4B00229A610D487C
:100C300016F050F80346002B01D000F09BFE002375
:100C40007B600023FB603B1D1946064816F048FBFD
:100C50000346002B01D000F08DFE00BF1037BD46CB
:100C600080BD00BFD40A03200010004080B584B0CE
:100C700000AF3B1D00221A605A609A60144B154A5F
:100C80001A60134B00225A60114B00229A60104BDD
:100C900041F63F72DA600E4B00229A610C4816F062
:100CA00019F80346002B01D000F064FE00237B609E
:100CB0000023FB603B1D1946054816F011FB034657
:100CC000002B01D000F056FE00BF1037BD4680BD9E
:100CD000200B03200014004080B500AF0F4B104ADA
:100CE0001A600E4B4F225A600C4B00229A600B4B3D
:100CF0004FF6FF72DA60094B00221A61074B00229F
:100D00005A61064B00229A61044815F0E3FF03463E
:100D1000002B01D000F02EFE00BF80BD6C0B032025
:100D20000044014080B500AF104B114A1A600F4BD0
:100D300008221A710D4B02225A710C4B0222DA71F1
:100D40000A4B00221A72094B00225A72074B0022EA
:100D50009A72064B0022DA72044811F0EBFD03464A
:100D6000002B01D000F006FE00BF80BDB80B0320B1
:100D700000D4004080B584B000AF204B9B6C1F4A6C
:100D800043F0040393641D4B9B6C03F00403FB606E
:100D9000FB681A4B9B6C194A43F001039364174B91
:100DA0009B6C03F00103BB60BB68144B9B6C134A44
:100DB00043F002039364114B9B6C03F002037B60CE
:100DC0007B68002205211D200EF0BFFA1D200EF0C9
:100DD000D6FA002205211E200EF0B7FA1E200EF0D2
:100DE000CEFA0022052150200EF0AFFA50200EF06E
:100DF000C6FA00BF1037BD4680BD00BF00100240DC
:100E000080B58AB000AF07F1140300221A605A605F
:100E10009A60DA601A613F4BDB6C3E4A43F0040390
:100E2000D3643C4BDB6C03F004033B613B69394BFF
:100E3000DB6C384A43F08003D364364BDB6C03F041
:100E40008003FB60FB68334BDB6C324A43F00103E9
:100E5000D364304BDB6C03F00103BB60BB682D4BEC
:100E6000DB6C2C4A43F00203D3642A4BDB6C03F0A7
:100E700002037B607B6800224FF46041264810F03B
:100E8000F7FE002240F20111244810F0F1FE00228A
:100E900041F2E401224810F0EBFE4FF460437B6125
:100EA0000123BB610023FB6100233B6207F11403B4
:100EB0001946194810F056FC40F201137B610123DA
:100EC000BB610023FB6100233B6207F11403194659
:100ED000124810F047FC41F2E4037B610123BB613F
:100EE0000023FB6100233B6207F1140319460C4801
:100EF00010F038FC08237B610023BB610023FB61F9
:100F000007F114031946074810F02CFC00BF2837DE
:100F1000BD4680BD001002400008024200000242AF
:100F200000040242001C024280B586B000AF786027
:100F30000023FB75334B186807F10E014FF0FF33A8
:100F400002221EF02AFE38613B69022B04D1FB8984
:100F500042F20302934202D90123FB7510E0294BB0
:100F60001868FB891A464FF0FF3327491EF015FE1B
:100F70003861FB891A463B69934201D00123FB7516
:100F8000FB7D012B0CD1214B1B78012B03D1204879
:100F90000CF0FAFF35E001211E480CF0ADFFC7E769
:100FA000FB891946184804F07DFF0346002BBFD18A
:100FB000164B1B78012B12D1FB891946124801F000
:100FC00021F90346012BB3D1104B1B78002B0CBF2A
:100FD00001230023DBB21A460C4B1A70A8E7FB89E9
:100FE0001946094801F076FD0346012BA0D1074BB5
:100FF0001B78002B0CBF01230023DBB21A46034BE6
:101000001A7095E7E82A0320307D0020142B032076
:10101000684502088845020880B59EB000AF786038
:101020008C4B186807F14C014FF0FF3328221EF05B
:10103000B4FD0346282BF3D1BB6D18460DF068FABA
:10104000034687F8773097F87730002B09D0814B2B
:10105000186897F8772007F10C014FF0FF331EF066
:101060009CFD7B6D002B1CD1FB6C97F8771007F172
:101070000C02184604F094FF1FF030FB024607F103
:101080000C0107F14C03184605F016FD1FF026FB76
:10109000024607F10C0107F14C03184608F002FD67
:1010A00029E07B6DB3F1005F25D1FB6CB3F5E06FF8
:1010B00021D1694B00225A61674B00229A61664B2D
:1010C00000229A603B6D644A5360FB6C624A136075
:1010D000BB6D614AD360604BDB68082B02D95E4B65
:1010E0000822DA6008225D495D480DF04DFA5C493E
:1010F000594800F069FE1FF0F1FA024607F10C01B1
:1011000007F14C03184604F093FD564B1B78DBB2F5
:10111000002B85D0002387F876307B6EB3F5001F57
:1011200017D13B6EB3F5801F09D197F876305A1C62
:1011300087F876201A464C4B3121995410E097F8E5
:1011400076305A1C87F876201A46474B302199543E
:1011500006E097F87730082B02D9082387F8773014
:101160007B6D002B0ED13B6D002B01D1742100E073
:10117000542197F876305A1C87F876201A463A4B55
:10118000995410E03B6D002B01D1722100E05221F7
:1011900097F876305A1C87F876201A46324B9954C5
:1011A000002387F877303B6D002B11D1FB6C9AB28E
:1011B00097F876302C490B44194610460CF0BEFFC8
:1011C0000346DAB297F87630134487F876300FE0AA
:1011D000FA6C97F8763024490B44194610460CF007
:1011E0005BFF0346DAB297F87630134487F876301F
:1011F0007B6EB3F5001F14D1BB6DDBB203F00F03A0
:10120000DAB297F8763018490B44194610460DF0BB
:1012100013F80346DAB297F87630134487F876303D
:1012200013E097F8773003F00F03DAB297F87630CF
:101230000D490B44194610460CF0FEFF0346DAB286
:1012400097F87630134487F87630002387F87530A6
:1012500026E000BFDC2C0320B82B03209005FA0BFE
:10126000DC2B032098010320349D002097F8753073
:1012700078333B4413F86C2C97F8763032490B44A2
:10128000194610460CF0B8FF0346DAB297F87630EC
:10129000134487F8763097F87530013387F8753046
:1012A00097F8752097F877309A42DFD3274BDB7891
:1012B000DBB2002B1BD01FF011FA0246244BA3FB1C
:1012C00002139B0B4EF6602101FB03F3D31A9AB273
:1012D00097F876301C490B44194610460CF058FF1D
:1012E0000346DAB297F87630134487F87630174B16
:1012F0005B79DBB2002B10D07B6EB3F5001F0CD1F5
:10130000FB6DB3F1004F08D197F876305A1C87F87F
:1013100076201A460C4B6921995497F876305A1C5E
:1013200087F876201A46084B0D21995497F87630A5
:10133000194605480CF0E0FD0346002B3FF470AE63
:10134000024B00221A706BE6349D002098010320A6
:1013500073B2E74580B59EB000AF786000233B676D
:1013600015E02F4B18683A6F1346DB0013449B00BF
:101370001A4607F14C0399183B6FC3F124024FF052
:10138000FF331EF00AFC02463B6F13443B673B6F82
:10139000232BE6D9BB6D18460DF0BAF8034687F843
:1013A00077307B6DB3F1005F02D1002387F877308F
:1013B00097F87730002B1FD000233B6711E0184BC4
:1013C000186807F10C023B6FD11897F877203B6F34
:1013D000D21A4FF0FF331EF0E0FB02463B6F13447E
:1013E0003B6797F877303A6F9A42E8D304E04FF0C2
:1013F000FF3101201FF0C2FF0A480FF048F90346F1
:10140000002BF4D007F10C0207F14C0319460548F4
:101410000EF05EFF044BDB680133034AD3609DE7A7
:10142000E02C0320400803200000032080B584B096
:1014300000AF786004F0A8FD00F002FC05F0A2FC0B
:1014400000F09EFA09F0E8FA1FF048F90346184642
:1014500004F01EFB1FF042F90346184604F02CFB73
:101460001D4815F0F7FC1D4815F08CFC1C491D4863
:1014700008F08CFA06F0ECFD1FF030F90346FB6033
:10148000FB68184609F0BEFAFB68184609F0D0FA66
:10149000FB68184600F07BFA134B1B78DBB2002B7D
:1014A00007D1FB68184604F05BFFFB68184604F0A0
:1014B000F9FAFB68184604F001FDFB68184605F0D0
:1014C000E7FAFB68184608F073FA07F10C030A21E3
:1014D00018461EF01FFFCFE7D40A03206C0B032031
:1014E000F8170320A00903206800032080B5A8B0E6
:1014F00000AF78604FF0FF3101201FF03FFF20F078
:10150000ABFD2B480FF037FBC7F89C0007F16003D9
:10151000194627480FF028F807F18C03194624488C
:101520000FF072F8234AD7F89C309360214A07F1F4
:101530000C0311465422184622F045FA1C4B002297
:101540001A66BB6AB3F5003F0BD91A4B9B6803F4CC
:101550000013002B05D0174B012283F8202000F048
:1015600089FB20F08BFD144B1B78012B09D107F16F
:101570000C0207F1600107F18C00D7F89C3005F0F0
:1015800053F8D7F89C3003F48003002B07D0094BA5
:101590001B79DBB263F07F03DAB2064B1A71074B9B
:1015A00018680023022200211FF084FFA2E700BF79
:1015B0004008032000000320903503204813032037
:1015C00080B588B002AF786000237B736F4B1B68D7
:1015D00018461EF0A1F90346002B00F0D0806B4B9B
:1015E000186807F10D014FF0FF3301221EF0D5FA04
:1015F0000346012B40F0C380644B1B6818461EF065
:101600008BF90346012B40F2BA80604B186807F152
:101610000E014FF0FF3302221EF0BFFA0346022BE9
:1016200040F0AD80FB89B3F5805F80F0A880002397
:10163000FB82FB89002B17D012E0544B1868FB8A01
:10164000534A9918FB891A46FB8AD31A1A464FF057
:10165000FF331EF0A2FA03469AB2FB8A1344FB82C0
:10166000FB89FA8A9A42E8D17B7B002B35D11FF0A7
:1016700035F8FA8907F10A030093464B44490CF008
:1016800031F97B89002B1DD0434B186807F10A0103
:101690004FF0FF3302221EF055F938613E4B1868B7
:1016A0007B891A464FF0FF333A491EF04BF9024648
:1016B0003B6913443B61394B186800230222002127
:1016C0001FF0F8FE1FF00AF8FA8907F10A030093E9
:1016D000304B2F490CF096FB51E01EF0FFFFFA89CA
:1016E00007F10A0300932B4B29490CF0DFFA7B89A1
:1016F000002B3AD000237B75264B1B787F2B02D022
:1017000001237B7510E07B89022B0DD9214B9B783F
:10171000112B09D01F4B9B78122B05D01D4B9B78AA
:10172000312B01D001237B757B7D002B1DD01A4B03
:10173000186807F10A014FF0FF3302221EF002F988
:101740003861154B18687B891A464FF0FF331149F1
:101750001EF0F8F802463B6913443B610F4B1868D2
:101760000023022200211FF0A5FE1EF0B7FFFA8918
:1017700007F10A030093074B05490CF043FB4FF0B8
:10178000FF3100201FF0FAFD20E700BFA82B032047
:10179000349F002038AF0020AC2B03200826032004
:1017A00080B584B000AF78600023FB81364B1B68A6
:1017B00018461EF0B1F80346012B5ED9324B18686B
:1017C0004FF0FF33022231491EF0E7F90346022BA6
:1017D00053D12F4B03F580539B8AB3F5805F4CD2D6
:1017E0000023FB8115E0284B1868FB89294A9918CA
:1017F000274B03F580539B8A1A46FB89D31A1A4656
:101800004FF0FF331EF0C9F903469AB2FB89134427
:10181000FB811F4B03F580539B8AFA899A42E2D1E0
:101820001EF05CFF03461946194805F071FF034698
:10183000002B22D116E0144B1B6818461EF06CF8E2
:101840000346012B18D8144B1B78DBB2002B05D0B4
:101850000F4B03F5005393F8233000E00A2318469A
:101860001DF033F91EF03AFF034618460BF062FFF5
:101870000346012BDFD100E000BF4FF0FF31002015
:101880001FF07CFD92E700BFAC2B0320A03D02209F
:101890008C2D0220A83D02206800032080B584B072
:1018A00000AF78600D490E480CF0DAFA0B4A0D498A
:1018B0000D4820F069FF0A4B18684FF0FF334FF4D2
:1018C00000620A491EF069F9F860FB68002BF2D04B
:1018D000F96806480CF0EAFAEDE700BFB82A0320E1
:1018E000102B0320940E0320E82A032030750020DB
:1018F00080B582B000AF7860786804F00DFB00BF5F
:101900000837BD4680BD80B582B000AF786000204A
:1019100004F00DFB00BF0837BD4680BD80B582B026
:1019200000AF78607B681B680E4A934205D10E4B6E
:101930001B6801330C4A13600FE07B681B680B4A7D
:10194000934202D10DF0EEFB07E07B681B68084A6A
:10195000934202D1786804F0CDFA00BF0837BD4643
:1019600080BD00BF00140040E42B0320002C014088
:101970000010004080B400AF72B600BF00BFFDE7AA
:1019800080B400AF00BFBD465DF8047B704780B4F3
:1019900083B000AF786000BF0C37BD465DF8047BB4
:1019A000704780B400AF00BFBD465DF8047B704750
:1019B00080B48BB000AF78606FF000433B620123CE
:1019C000FB757B68404A934203D940F2EE233B8388
:1019D0000AE07B683D4A934203D94FF448733B8346
:1019E00002E040F26B333B833B8B394AA2FB03237B
:1019F0001B09BB82374B3B610123BB833A697B6880
:101A0000B2FBF3F3FB770AE0BB8B0133BB83BB8BE9
:101A10003A69B2FBF3F27B68B2FBF3F3FB77FB7F2F
:101A2000192BF1D845E0FB7F5B08FB7631E0FA7FAC
:101A3000FB7ED31ADBB2013BFB733A8BFB7E4FF488
:101A40007A7103FB01F1FB7F91FBF3F3D31A7B6205
:101A50007B6A002B02DA7B6A5B427B627A6A3B6AB2
:101A60009A4213DABB8A7A6A9A420FDC7B6A3B623B
:101A7000194B1B68BA8B5A61174B1B68FA7EDA61E7
:101A8000154B1B68FA7B1A620023FB75FB7E013342
:101A9000FB76FA7EFB7F023B9A42C8DBBB8B0133AD
:101AA000BB83BB8B3A69B2FBF3F27B68B2FBF3F307
:101AB000FB77BB8BB3F5806FB5D3FB7D18462C3716
:101AC000BD465DF8047B704700350C0020A107007F
:101AD000CDCCCCCC005A6202E82B032080B582B07A
:101AE00002AF002240213F4810F0C2F83E4B1B6875
:101AF0003E4918460EF087FA0346002B01D0FFF747
:101B000039FF394B1B683A4918460EF07CFA0346F8
:101B1000002B01D0FFF72EFF334B186800230093F2
:101B20000023022202210EF0C8FA0346002B01D046
:101B3000FFF720FF2C4B1B6818460EF031FB0346C5
:101B4000002B01D0FFF716FF274B1B680022012155
:101B500018460EF0AEFD0346002B01D0FFF70AFF3A
:101B6000214B1B680022062118460EF0A2FD0346F9
:101B7000002B01D0FFF7FEFE1B4B1B6807224FF422
:101B8000F05118460EF095FD0346002B01D0FFF7EB
:101B9000F1FE154B1B680722802118460EF089FDC7
:101BA0000346002B01D0FFF7E5FE0F4B1B68002218
:101BB000104918460EF07DFD0346002B01D0FFF7BB
:101BC000D9FE094B1B6800224FF4602118460EF025
:101BD00070FD0346002B01D0FFF7CCFE00BFBD46D1
:101BE00080BD00BF00040242E82B03202400032034
:101BF0003C0003200040710080B584B000AFF86065
:101C0000B9607A60094AFB681360094ABB681360CF
:101C1000084A7B681360084901201DF044F9034617
:101C2000064A136000BF1037BD4680BDE82B032075
:101C3000EC2B0320F02B03208C2C0320882C03207A
:101C400080B500AF0A4B1B6818460EF0B9F9084B77
:101C50001B6818460EF062F80346002B01D0FFF710
:101C600089FE00F08FF8FFF739FF00BF80BD00BF8D
:101C7000E82B032080B500AF034B1B6818460EF01D
:101C80009FF900BF80BD00BFE82B032080B584B062
:101C900000AF78600023FB737B68082B4DD801A24E
:101CA00052F823F0C91C0008D71C0008E51C0008E6
:101CB000F31C0008FF1C00080B1D0008171D00087E
:101CC000231D00082F1D000842F21070FFF770FE60
:101CD0000346FB7344E044F62060FFF769FE0346C9
:101CE000FB733DE04CF25030FFF762FE0346FB739E
:101CF00036E01E48FFF75CFE0346FB7330E01C48ED
:101D0000FFF756FE0346FB732AE01A48FFF750FE22
:101D10000346FB7324E01848FFF74AFE0346FB73B3
:101D20001EE01648FFF744FE0346FB7318E0144814
:101D3000FFF73EFE0346FB7312E07B6842F20F7230
:101D400093420AD97B680E4A934206D87868FFF717
:101D50002FFE0346FB7300BF01E00123FB7300BFAE
:101D6000FB7B18461037BD4680BD00BFA086010032
:101D700048E8010090D0030020A1070000350C00C6
:101D800040420F0080B400AF0E4B00221A710D4B81
:101D90000022DA600B4B00221A610A4B00225A61C2
:101DA000084B00229A61074B00229A60054B0022E3
:101DB000DA61044B002283F8202000BFBD465DF8A5
:101DC000047B70470000032080B586B000AF7860C8
:101DD00039600023BB747B68DB6818460CF098FB05
:101DE0000346FB747B689B68B3F1005F01D100235D
:101DF000FB74FB7C2433FB6000BF2C4B1B684FF053
:101E0000FF3118461DF067FA0346012BF5D1284B28
:101E10001B6818461DF056FD0246FB6893420AD91E
:101E2000244B1B79DBB243F00203DAB2214B1A7167
:101E30000223BB7425E01E4B18684FF0FF332422A9
:101E400079681DF07FFD7861FB7C002B0BD0184B6F
:101E50001868FA7C4FF0FF3339681DF073FD0246B5
:101E60007B6913447B617A69FB689A4209D0114B04
:101E70001B79DBB243F00803DAB20E4B1A7101236F
:101E8000BB740A4B18680023002200211DF026F8BD
:101E9000094B1B6818680023022200211FF00AFB6F
:101EA000BB7C18461837BD4680BD00BF882C032078
:101EB000E02C032000000320EC2B032080B400AFB3
:101EC0001E4B1B6801225A601C4B1B684FF440726A
:101ED0009A601A4B1B680022DA60184B1B680022BC
:101EE0001A74164B1B6800225A74144B1B6801228B
:101EF0009A74124B1B6801225A61104B1B68102206
:101F00009A610E4B1B683F22DA610C4B1B68102252
:101F10001A620A4B1B6801225A62084B1B68042292
:101F20009A62064B1B680F22DA62044B1B6804227C
:101F30001A6300BFBD465DF8047B7047E82B0320A1
:101F400080B586B000AF786039600023BB603B6825
:101F500003F00103002B4FD0454B464A40217868DF
:101F60000EF0FAF90346002B01D0FFF71AFD424BA1
:101F70005B690133404A53613E4BDB6818460CF005
:101F8000C7FA0346FB74FB7C2833FB603B4B1B68A2
:101F900018461DF097FC0246FB6893420ED9364B5B
:101FA0009B690133344A9361354B1B681B6807F109
:101FB0000802114618461FF0DBFB1DE02F4B186886
:101FC00007F1080328222B491DF055FD7861FB7CA1
:101FD000002B0BD0294B1868FA7C07F10803244921
:101FE0001DF049FD02467B6913447B617A69FB68F9
:101FF0009A4201D0FFF7D5FC3B6803F00203002BA7
:102000000BD01D4B1B79DBB243F00103DAB21A4B44
:102010001A717B681B6802221A653B6803F004038F
:10202000002B19D0144B9B690133134A9361124B57
:102030001B79DBB243F00803DAB20F4B1A717B68ED
:102040001B6804221A650E4B1B681B6807F1080207
:10205000114618461FF08CFBBB68002B03D0094BC0
:102060004FF080521A6000BF1837BD4680BD00BFD8
:10207000F42B0320342C032000000320DC2C03204D
:10208000F02B032004ED00E080B584B000AF786051
:1020900039600023FB600C4B1B6901330A4A136152
:1020A0000A4B1B681B6807F10C02114618461FF00B
:1020B0005FFBFB68002B03D0054B4FF080521A608A
:1020C00000BF1037BD4680BD00000320EC2B03206D
:1020D00004ED00E080B584B000AF78600023FB60C1
:1020E0000C4BDB6901330B4AD3610B4B1B681B683C
:1020F00007F10C02114618461FF03AFBFB68002B53
:1021000003D0064B4FF080521A6000BF1037BD4617
:1021100080BD00BF00000320F02B032004ED00E091
:1021200080B582B000AF786039601E4978680EF0E3
:102130001BFA3B6803F40033002B0BD0194BDB6810
:10214000002B03D1184B00221A6003E0164B4FF00E
:1021500000421A603B6803F48023002B14D0114B1B
:102160001B69012B08D1104B1B79DBB243F0040330
:10217000DAB20D4B1A7107E00B4B1B79DBB223F07F
:102180000403DAB2084B1A713B6803F40023002BF6
:1021900003D0054B012283F8202000BF0837BD463D
:1021A00080BD00BF5C2C03200000032080B487B0FA
:1021B00000AF7860396000237B6100233B6100231E
:1021C000FB6013E0FB687A6813441B78202B02D174
:1021D00000233B6107E03B69002B04D101233B61F5
:1021E0007B6901337B61FB680133FB60FA683B6804
:1021F0009A42E7DB7B6918461C37BD465DF8047BD5
:102200007047000080B588B000AF78603960002367
:10221000FB777A683B68134400221A703B6842F2ED
:102220000202934204D988480BF0AEFE00F00BBCCA
:102230000023BB6100233B6100237B6120E07A68BF
:102240007B6913441B78082B06D1BB69002B14D083
:10225000BB69013BBB6110E07A687B6913441B7862
:102260000A2B0AD07A687B691A447968BB690B44E7
:1022700012781A70BB690133BB617B6901337B61E2
:102280007A693B689A42DAD37A68BB6913440022C0
:102290001A70BB693B603B6819467868FFF786FF98
:1022A00003463B613B69002B06D13B68002B03D101
:1022B00066480BF069FEC6E36549786821F03EFA8E
:1022C000F860FB68002B03D162480BF05DFEBAE3B7
:1022D0006149F868FDF7B4FF0346002B15D05F494C
:1022E000F868FDF7ADFF0346002B0ED05C49F86897
:1022F000FDF7A6FF0346002B07D05A49F868FDF703
:102300009FFF0346002B40F07B813B69012B40F28D
:1023100034814F49002021F011FAF8605249F868E1
:10232000FDF78EFF0346002B3CD150480BF02CFEEE
:102330004F480BF029FE4D480BF026FE4D480BF0A0
:1023400023FE4D480BF020FE4A480BF01DFE4B4883
:102350000BF01AFE4A480BF017FE46480BF014FE2D
:1023600048480BF011FE48480BF00EFE41480BF0B8
:102370000BFE46480BF008FE45480BF005FE3D48B5
:102380000BF002FE43480BF0FFFD43480BF0FCFD51
:1023900042480BF0F9FD37480BF0F6FD33480BF0DF
:1023A000F3FDE6E03E49F868FDF74AFF0346002BDF
:1023B00040F08C802D480BF0E7FD2D480BF0E4FD3C
:1023C0002A480BF0E1FD2B480BF0DEFD35480BF001
:1023D000DBFD28480BF0D8FD28480BF0D5FD32482E
:1023E0000BF0D2FD23480BF0CFFD26480BF0CCFDBF
:1023F0002E480BF0C9FD1F480BF0C6FD23480BF01B
:10240000C3FD2B480BF0C0FD1A480BF0BDFD214861
:102410000BF0BAFD27480BF0B7FD27480BF0B4FDD1
:1024200026480BF0B1FD26480BF0AEFD25480BF019
:10243000ABFD25480BF0A8FD0E480BF0A5FD0B48A1
:102440000BF0A2FD95E000BF8C450208A0450208F4
:10245000A4450208A8450208D4450208DC45020844
:10246000E4450208EC450208F0450208F845020878
:1024700038460208644602086846020878460208A0
:1024800088460208BC460208C4460208E046020824
:10249000EC46020834470208404702088447020815
:1024A000944702089C470208B0470208EC4702081C
:1024B000004802084C4802086C4802087C480208A0
:1024C0009C480208AC480208CC480208AC49F868AD
:1024D000FDF7B6FE0346002B48D1AA480BF054FD89
:1024E000A9480BF051FDA7480BF04EFDA7480BF093
:1024F0004BFDA7480BF048FDA4480BF045FDA5484F
:102500000BF042FDA4480BF03FFDA0480BF03CFD52
:10251000A2480BF039FDA2480BF036FD9B480BF0AA
:1025200033FDA0480BF030FD9F480BF02DFD974880
:102530000BF02AFD9D480BF027FD9D480BF024FD74
:102540009C480BF021FD9C480BF01EFD9B480BF0B6
:102550001BFD9B480BF018FD9A480BF015FD8B48AE
:102560000BF012FD87480BF00FFD02E096480BF0D0
:102570000BFD96480BF008FD65E282480BF004FD68
:1025800081480BF001FD7F480BF0FEFC7F480BF00B
:10259000FBFC8F480BF0F8FC7C480BF0F5FC8D48F9
:1025A0000BF0F2FC8C480BF0EFFC8C480BF0ECFCD1
:1025B0008B480BF0E9FC8B480BF0E6FC8A480BF0EB
:1025C000E3FC8A480BF0E0FC89480BF0DDFC89480D
:1025D0000BF0DAFC88480BF0D7FC88480BF0D4FCF1
:1025E00087480BF0D1FC87480BF0CEFC67480BF016
:1025F000CBFC85480BF0C8FC62480BF0C5FC22E21E
:102600005F49F868FDF71CFE0346002B47D13B6984
:10261000022B03D07D480BF0B7FC14E27C4900206C
:1026200021F08CF8F8607B49F868FDF709FE034655
:10263000002B03D178480BF0A7FC04E27749F86837
:10264000FDF7FEFD0346002B07D175480BF09CFCFF
:102650000021422004F006FBF5E17249F868FDF71D
:10266000EFFD0346002B07D16F480BF08DFC0021D6
:10267000432004F0F7FAE6E16C49F868FDF7E0FD65
:102680000346002B07D16A480BF07EFC0021442052
:1026900004F0E8FAD7E167480BF076FCD3E166492D
:1026A000F868FDF7CDFD0346002B47D13B69022BAF
:1026B00003D062480BF068FCC5E15549002021F0C9
:1026C0003DF8F8605349F868FDF7BAFD0346002B62
:1026D00003D15B480BF058FCB5E15049F868FDF7B1
:1026E000AFFD0346002B07D156480BF04DFC0121EE
:1026F000422004F0B7FAA6E14A49F868FDF7A0FDC8
:102700000346002B07D150480BF03EFC012143202B
:1027100004F0A8FA97E14549F868FDF791FD0346F2
:10272000002B07D149480BF02FFC0121442004F075
:1027300099FA88E13F480BF027FC84E14449F868A6
:10274000FDF77EFD0346002B40F0E2803B69022B43
:1027500003D040480BF018FC75E12D49002020F013
:10276000EDFFF8603C49F868FDF76AFD0346002B71
:1027700076D1012007F0A4FE38480BF005FC62E199
:10278000DC480208F8450208384602086446020898
:10279000E448020878460208F8480208BC460208E5
:1027A00034490208E0460208484902083447020852
:1027B00094490208B4490208C8490208E8490208D5
:1027C000FC4902081C4A0208304A0208584A02081A
:1027D000AC4A0208504B02085C4B0208884B0208C6
:1027E000D84B0208284C0208784C0208E44C020836
:1027F0000C4D0208384D0208684D0208944D02083D
:10280000EC4D0208384E02086C4E02088C4E02084D
:10281000A4450208DC4E0208E04E0208144F0208EC
:10282000184F02083C4F0208404F0208644F02084C
:10283000684F02088C4F020894470208B04F020804
:10284000005002081C500208405002086450020860
:10285000F045020888500208D8500208DC500208EF
:102860007E49F868FDF7ECFC0346002B06D10220F8
:1028700007F026FE7A480BF087FBE4E07949F86818
:10288000FDF7DEFC0346002B06D1032007F018FEFF
:1028900073480BF079FBD6E07349F868FDF7D0FC7C
:1028A0000346002B06D1042007F00AFE6C480BF00B
:1028B0006BFBC8E06D49F868FDF7C2FC0346002BCE
:1028C00006D1052007F0FCFD65480BF05DFBBAE082
:1028D0006749F868FDF7B4FC0346002B06D10620D3
:1028E00007F0EEFD5E480BF04FFBACE06149F86885
:1028F000FDF7A6FC0346002B06D1072007F0E0FDFC
:1029000057480BF041FB9EE05B480BF03DFB9AE023
:102910005A49F868FDF794FC0346002B14D0584937
:10292000F868FDF78DFC0346002B0DD05549F8687B
:10293000FDF786FC0346002B06D05349F868FDF7E7
:102940007FFC0346002B02D10123FB777BE04F493C
:10295000F868FDF775FC0346002B08D14C480BF0D6
:1029600013FBC8201CF0B1F80CF025FD6BE04949C1
:10297000F868FDF765FC0346002B03D146480BF0D1
:1029800003FB60E04549F868FDF75AFC0346002B5D
:1029900039D13B69022B03D041480BF0F5FA52E0E4
:1029A0004049002020F0CAFEF8603F49F868FDF772
:1029B00047FC0346002B06D1012007F09EF83B4858
:1029C0000BF0E2FA3FE02549F868FDF739FC0346D1
:1029D000002B06D1022007F090F835480BF0D4FA0E
:1029E00031E02049F868FDF72BFC0346002B06D1A7
:1029F000032007F082F82F480BF0C6FA23E02E4898
:102A00000BF0C2FA1FE02D49F868FDF719FC0346E8
:102A1000002B0FD101F094FD0346002B06D028486F
:102A20000BF0B2FA012001F0ABFD0CE025480BF0F1
:102A3000ABFA08E024480BF0A7FAF8680BF0A4FA08
:102A400022480BF0A1FAFB7F002B02D120480BF0AB
:102A50009BFAFB7F18462037BD4680BDE850020830
:102A6000DC500208EC500208F0500208F450020852
:102A7000F8500208FC5002080051020830510208C8
:102A8000345102083C510208445102084C510208DA
:102A900054510208A4510208AC51020828520208FD
:102AA00030520208A4450208D850020850520208C9
:102AB00064520208785202088C520208BC52020882
:102AC000C4520208D4520208E8520208FC5202081A
:102AD000405302082DE9F04FC7B002AF786107F507
:102AE0008873A3F580731960002387F80E310023E3
:102AF00087F80D317B691B78302B03D07B691B78FD
:102B0000312B14D14FF40013C7F8E8307B6901333F
:102B10001B78302B03D10023C7F8E43003E04FF4D7
:102B20008013C7F8E430012387F80E3108E0002352
:102B3000C7F8E8300023C7F8E430002387F80E31E7
:102B4000D44B5B79DBB2012B1ED107F58873A3F55B
:102B500080731B68013B7A6913441B78692B0FD182
:102B60004FF00043C7F8E03007F58873A3F5807392
:102B700007F58872A2F580721268013A1A6007E0C0
:102B80000023C7F8E03003E0C34B1B68C7F8E03010
:102B90000023C7F8EC300023C7F8F0307B691B78BE
:102BA000752B0CD107F58873A3F580731B68132B65
:102BB00041F0D281786903F017FC01F0CDB997F8A4
:102BC0000E317A6913441B78742B07D097F80E31B5
:102BD0007A6913441B78722B40F0A98097F80E3164
:102BE00007F58872A2F580721268D31A042B40F29E
:102BF00098800023C7F8D4300023C7F8D83097F85E
:102C00000E3101337A69134418460BF011FC034668
:102C1000C7F8D03097F80E3104337A691344184658
:102C20000BF0A8FB034687F80F3197F80F31C7F870
:102C3000DC3097F80E317A6913441B78722B06D179
:102C40004FF00053C7F8D830002387F80F3197F8BA
:102C50000E3107F58872A2F580721268D41A97F8BF
:102C60000F3118460BF054FC03465B0005339C42C1
:102C700051D1002387F80C3197F80E31053387F8CE
:102C80000E311AE097F80E317A691A4497F80C3130
:102C9000591C87F80C111C4610460BF07DFB0346AF
:102CA0001A4604F5807307F110010B4403F8802CD9
:102CB00097F80E31023387F80E3197F80E2107F599
:102CC0008873A3F580731B68013B9A42DAD302E054
:102CD0000A201BF0FAFE07F1900207F1D00311461B
:102CE0001846FFF771F80346022BF1D001216B481B
:102CF0000BF002F9D7F8D04097F80F3118460BF0D7
:102D000007FC0346194607F190031A46204603F0D4
:102D100047F901F021B9012161480BF0EDF801F00C
:102D20001BB901215E480BF0E7F801F015B997F8DF
:102D30000E317A6913441B78522B07D097F80E3165
:102D40007A6913441B78542B40F0B28097F80E3107
:102D500007F58872A2F580721268D31A092B40F227
:102D6000A1804FF08043C7F8D4300023C7F8D83093
:102D700097F80E3101337A69134418460BF07EFB45
:102D80000346C7F8D03097F80E3109337A691344F7
:102D900018460BF0EFFA034687F80F3197F80F311A
:102DA000C7F8DC3097F80E317A6913441B78522B40
:102DB00006D14FF00053C7F8D830002387F80F3101
:102DC00097F80E3107F58872A2F580721268D41A4E
:102DD00097F80F3118460BF09BFB034605335B0059
:102DE0009C4251D197F80E310A3387F80E310023F7
:102DF00087F80B311AE097F80E317A691A4497F880
:102E00000B31591C87F80B111C4610460BF0C4FA05
:102E100003461A4604F5807307F110010B4403F8CA
:102E2000802C97F80E31023387F80E3197F80E2177
:102E300007F58873A3F580731B68013B9A42DAD3C8
:102E400002E00A201BF041FE07F1900207F1D003D7
:102E500011461846FEF7B8FF0346022BF1D00121B8
:102E60000E480BF049F8D7F8D04097F80F311846C4
:102E70000BF04EFB0346194607F190031A46204615
:102E800003F08EF801F068B8012105480BF034F822
:102E900001F062B898010320000003206446020894
:102EA000445302080121CA480BF026F801F054B837
:102EB0007B691B78233B562B01F2498001A252F813
:102EC00023F000BF153600084F3F0008313E0008D0
:102ED0000B3F00084F3F00084F3F00084F3F0008DE
:102EE0004F3F00084F3F00084F3F00084F3F00088A
:102EF0004F3F00084F3F00084F3F00084F3F00087A
:102F00004F3F00084F3F00084F3F00084F3F000869
:102F10004F3F00084F3F00084F3F00084F3F000859
:102F20004F3F00084F3F00084F3F00084F3F000849
:102F30004F3F0008A1370008CD3500084F3F00087B
:102F40004F3F00083D30000885380008C5370008AD
:102F50005132000883340008A13700087D3800088A
:102F600071370008E33600084F30000827330008A7
:102F700097300008213000084F3F00084F3F0008FD
:102F80004F3F0008EF3000084F3F00084F3F000858
:102F90006B30000883320008733B0008093A0008D0
:102FA000F73300084F3F00084F3F00084F3F00082D
:102FB000FB3E00084F3F00084F3F0008FD3400086B
:102FC000F13E00081D3B00083F3600084F3F000857
:102FD0003B3500084F3F0008A13700084534000882
:102FE0003F37000887360008AB3700088F330008EA
:102FF000B53A00084F3F0008E538000809380008D6
:103000004F3F0008FD3100084F3F00084F3F0008C8
:103010008F35000835340008AB3D0008433A0008FE
:1030200001216C480AF068FF6B4B0022DA606B4BA1
:1030300001221A70FEF704FE00F08EBF674B0022DB
:103040001A70012163480AF057FF00F085BF012183
:1030500060480AF051FF604B0222DA605F4B0122A8
:103060001A70FEF7EDFD00F077BF0F215C480AF003
:1030700043FF0C215B480AF03FFF01215A480AF048
:103080003BFF092159480AF037FF022158480AF04E
:1030900033FF00F061BF4E2387F82030002387F80C
:1030A0000A3114E097F80A319A00524B1344187809
:1030B00097F80A315B00013307F1200213441946E7
:1030C0000BF09AF897F80A31013387F80A3197F82C
:1030D0000A310B2BE6D907F12003192118460AF013
:1030E0000BFF01213B480AF007FF00F035BF07F551
:1030F0008873A3F580731B68012B61D907F588736A
:10310000A3F580731B68082B5AD80023C7F8043135
:10311000012387F80331012387F802312DE097F866
:1031200002317A6913441B782F2B06D997F80231A4
:103130007A6913441B78392B02D9002387F80331AD
:10314000D7F8042113469B0013445B00194697F8F7
:1031500002317A6913441B780B44303BC7F80431C1
:10316000D7F80431244A934202D9002387F8033167
:1031700097F80231013387F8023197F8023107F5E9
:103180008872A2F5807212689A42C8D897F8033103
:10319000012B10D1D7F80401FEF778FD0346002B70
:1031A00004D101210B480AF0A7FE0FE001210848D5
:1031B0000AF0A2FE0AE0012105480AF09DFE05E0A2
:1031C000012103480AF098FE00F0C6BE00F0C4BE1C
:1031D0004453020864460208400803209801032073
:1031E0004853020858530208A445020864530208D1
:1031F000705302089005FA0B40420F0007F58873E0
:10320000A3F580731B68052B1CD1B74B01225A61B3
:103210007B69013318460BF0BFF803461A46B24BE0
:10322000DA617B69033318460BF0B6F803461A4699
:10323000AD4B1A62FEF704FD0121AC480AF05CFEBA
:1032400000F08ABE0121AA480AF056FE00F084BEB2
:103250007B691B7887F82030A64B1B79DAB207F11F
:1032600020030133194610460AF0C6FF0D2387F8E4
:10327000233007F12003042118460AF03DFE00F038
:103280006BBE07F58873A3F580731B68022B42D1D0
:103290007B6901331B78303B032B37D801A252F8EE
:1032A00023F000BFB5320008CB320008E13200083D
:1032B000F73200088F4B0022DA628E4B00225A64EC
:1032C00001218A480AF018FE2BE08A4B0122DA62BB
:1032D000884B01225A64012184480AF00DFE20E047
:1032E000844B0222DA62834B02225A6401217F4816
:1032F0000AF002FE15E07F4B0322DA627D4B0322C7
:103300005A64012179480AF0F7FD0AE00121784862
:103310000AF0F2FD05E0012175480AF0EDFD00F02C
:103320001BBE00F019BE07F58873A3F580731B68F8
:10333000042B0FD17B69013318460BF079F8034653
:10334000C3F30A036B4A5363012168480AF0D4FDB2
:1033500000F002BE07F58873A3F580731B68092B84
:103360000FD17B69013318460BF088F8034623F030
:103370000043604AD36401215C480AF0BDFD00F0BF
:10338000EBBD01215A480AF0B7FD00F0E5BD07F595
:103390008873A3F580731B68042B0FD17B690133FD
:1033A00018460BF045F80346C3F30A03514A9363EA
:1033B00001214E480AF0A0FD00F0CEBD07F588734C
:1033C000A3F580731B68092B0FD17B690133184665
:1033D0000BF054F8034623F00043464A13650121DD
:1033E00042480AF089FD00F0B7BD012140480AF0CB
:1033F00083FD00F0B1BD07F58873A3F580731B68EA
:10340000022B11D17B6901331B78302B03D13A4B4E
:103410000022DA7002E0384B0122DA7001213348D1
:103420000AF06AFD00F098BD012131480AF064FD00
:1034300000F092BDFEF704FC01212C480AF05CFD6F
:1034400000F08ABD07F58873A3F580731B68022B13
:1034500011D17B6901331B78302B03D122480CF04A
:103460007EFE02E020480CF059FE01211F480AF0C0
:1034700043FD00F071BD01211D480AF03DFD00F043
:103480006BBD07F58873A3F580731B68032B06D00B
:1034900007F58873A3F580731B68052B1ED17B6924
:1034A000013318460AF078FF03461A460E4B9A611C
:1034B00007F58873A3F580731B68052B08D17B691A
:1034C000033318460AF068FF03461A46064B9A6211
:1034D000012106480AF010FD00F03EBD012104481C
:1034E0000AF00AFD00F038BD4008032064460208D7
:1034F00044530208000003209801032007F5887355
:10350000A3F580731B68022B11D17B6901331B78F3
:10351000302B03D1B64B00221A7402E0B44B0122C7
:103520001A740121B3480AF0E7FC00F015BD01212F
:10353000B1480AF0E1FC00F00FBD07F58873A3F570
:1035400080731B68022B1CD17B6901331B78302BE5
:1035500003D1A74B00229A600DE07B6901331B78F1
:10356000312B04D1A24B4FF480729A6003E0A04B40
:103570004FF440729A6001219E480AF0BDFC00F0B1
:10358000EBBC01219C480AF0B7FC00F0E5BC07F554
:103590008873A3F580731B68022B11D17B690133FB
:1035A0001B78302B03D1954B00225A7102E0934BCC
:1035B00001225A7101218F480AF09EFC00F0CCBC18
:1035C00001218D480AF098FC00F0C6BC07F588730D
:1035D000A3F580731B68022B16D17B6901331B781E
:1035E000302B03D1854B00221A7107E07B69013330
:1035F0001B78312B02D1814B01221A7101217D48A8
:103600000AF07AFC00F0A8BC01217B480AF074FCA7
:1036100000F0A2BC07F58873A3F580731B68012B2B
:1036200007D1012387F80D3175480AF0ADFC00F091
:1036300093BC012170480AF05FFC00F08DBC07F5D7
:103640008873A3F580731B68022B16D17B69013345
:103650001B78302B03D1002002F0C0FF07E07B690C
:1036600001331B78312B02D1012002F0B7FF012179
:1036700060480AF041FC00F06FBC01215E480AF08E
:103680003BFC00F069BC07F58873A3F580731B68E9
:10369000092B20D17B69013318460AF099FE0346B5
:1036A0001A46534B5A617B69053318460AF074FE7B
:1036B00003461A464E4BDA617B69073318460AF017
:1036C0006BFE03461A464A4B1A62012149480AF02A
:1036D00013FC00F041BC012147480AF00DFC00F04A
:1036E0003BBC07F58873A3F580731B68072B20D1BB
:1036F0007B69013318460AF04FFE03461A463C4BDD
:103700005A627B69033318460AF046FE03461A469E
:10371000374BDA627B69053318460AF03DFE0346F3
:103720001A46334B1A63012132480AF0E5FB00F0D8
:1037300013BC012130480AF0DFFB00F00DBC7B69AF
:103740001B7887F8203007F097FE03461A4607F1EA
:1037500020030133194610460AF04EFD0D2387F869
:10376000233007F12003042118460AF0C5FBF3E3D8
:103770007B691B7887F8203007F090FE024607F13E
:1037800020030133194610460AF086FC0D2387F802
:10379000293007F120030A2118460AF0ADFBDBE3CC
:1037A000162118480AF0A8FBD6E3012111480AF0B7
:1037B000A3FB0F4B0122DA60104B01221A70FEF7B7
:1037C0003FFAC9E307F16403194609480CF0CCFE3F
:1037D00007F15403194606480CF016FF07F164027E
:1037E00007F154031146184602F092FEB4E300BFFD
:1037F000400803206446020844530208980103204D
:1038000074530208A4530208BA480AF0BDFB4021D1
:10381000B9480CF01EFF034618460AF0DDFBB64817
:103820000CF035FF034618460AF0D6FBB34B1B6875
:1038300018461CF047F8034618460AF0CDFBAF4B7C
:103840001B6818461CF068F8034618460AF0C4FBCB
:10385000AB4B1B6818461CF035F8034618460AF0B7
:10386000BBFBA74B1B6818461CF056F803461846CE
:103870000AF0B2FBA3480AF087FB6DE3A24802F00E
:1038800019FE69E3A1480AF09EFE0346013307F5DD
:103890008872A2F5807212689A421ED17B695C1C04
:1038A0009A480AF090FE03461A46984920461FF0AF
:1038B00032FF0346002B10D1012192480AF01CFB75
:1038C000C8201BF002F904F07DFD0346002B02D155
:1038D00004F0FEFD01E020F0F7FD01218C480AF024
:1038E0000BFB39E307F58873A3F580731B68022B84
:1038F00040F084807B6901331B78422B09D07B69BF
:1039000001331B78432B04D07B6901331B78442B94
:103910006FD1804B00229A707E4B00221A704FF4B8
:103920008013C7F8E4300023C7F8DC304FF40013ED
:10393000C7F8E8300023C7F8D43040F28113C7F845
:10394000D030002387F801313CE0002003F0EAF991
:10395000FEF7B4FAFEF774F964201BF0B6F87B6941
:1039600001331B780121184603F0ACF97B69013360
:103970001B780121184603F075F997F801315A1C9C
:1039800013469B0013449B0018461BF09EF802E070
:103990000A201BF09AF807F1900207F1D0031146B4
:1039A0001846FEF711FA0346022BF1D032201BF025
:1039B0008CF8554B5B69002B09D197F80131013325
:1039C00087F8013197F80131132BBED900E000BF11
:1039D0004D4B5B69002B04D101214D480AF08CFA54
:1039E00011E04C4B01221A70012146480AF084FA7A
:1039F00009E0012146480AF07FFAADE2012144487E
:103A00000AF07AFAA8E2A7E207F58873A3F58073B3
:103A10001B68022B10D17B6901331B78302B03D13B
:103A2000002003F07FF902E0012003F07BF901217F
:103A300034480AF061FA8FE2012135480AF05CFA55
:103A40008AE207F58873A3F580731B68032B2CD1DA
:103A50007B6901331B78422B09D07B6901331B78CA
:103A6000432B04D07B6901331B78442B18D17B692D
:103A700002331B78302B07D17B6901331B7800217F
:103A8000184603F0EFF806E07B6901331B7801214B
:103A9000184603F0E7F801211A480AF02DFA5BE214
:103AA00001211B480AF028FA56E2012118480AF0C1
:103AB00023FA51E207F58873A3F580731B68012B85
:103AC00012D101210F480AF017FA134802F096FDAF
:103AD000002003F027F9002003F03CF964201AF0DD
:103AE000F4FF0BF068FC37E2012109480AF004FA00
:103AF00032E200BFBC53020840080320DC2C032044
:103B0000E02C03206446020800000320C053020892
:103B10004453020898010320C453020807F5887330
:103B2000A3F580731B68022B1ED17B6901331B78C0
:103B3000302B06D1A84B01221A70A84B00229A7094
:103B40000DE0A74B0022DA60A44B00221A70FEF7AA
:103B500077F8A24B01229A709F4B00221A70012124
:103B6000A0480AF0C9F9F7E101219F480AF0C4F919
:103B7000F2E11CF0C3FD0346102B03D99B480AF069
:103B800003FAE9E19A480AF0FFF91CF0B7FD014693
:103B900007F11C031A4697481CF0BCFD96480AF032
:103BA000F3F9FB690022BB60FA6007F120031A46B3
:103BB000D7E902010AF056FB07F1200318460AF084
:103BC000E3F98E480AF0E0F9002387F8FF30E3E0DC
:103BD000FB69002B12D097F8FF2086491346DB00C3
:103BE00013449B000B4418331B68642203FB02F24E
:103BF000FB69B2FBF3F387F8003102E0002387F89A
:103C0000003197F8FF3000229846914607F12003D3
:103C10001A46404649460AF025FB07F1200318469C
:103C20000AF0B2F976480AF0AFF997F8FF20714927
:103C30001346DB0013449B000B4404331B681846F7
:103C40000AF0A2F997F8FF206A491346DB001344F3
:103C50009B000B4404331B681846FCF7FBFA034631
:103C6000072B03D867480AF08FF902E066480AF08C
:103C70008BF9664BC7F8F83097F8FF205D4913467B
:103C8000DB0013449B000B440C331B78052B27D817
:103C900001A252F823F000BFB13C0008B93C000873
:103CA000C13C0008C93C0008D13C0008D93C0008D0
:103CB000574BC7F8F83013E0564BC7F8F8300FE011
:103CC000554BC7F8F8300BE0544BC7F8F83007E015
:103CD000534BC7F8F83003E0524BC7F8F83000BF39
:103CE000D7F8F8000AF050F997F8003100229A4608
:103CF000934607F120031A46504659460AF0B2FA95
:103D000041480AF041F907F1200318460AF03CF94E
:103D100045480AF039F997F8FF2036491346DB0089
:103D200013449B000B4420331B889BB200221D468A
:103D3000164607F120031A46284631460AF092FA41
:103D400031480AF021F907F1200318460AF01CF95E
:103D50002D480AF019F997F8FF2026491346DB0091
:103D600013449B000B4418331B6800223B607A60AD
:103D700007F120031A46D7E900010AF073FA07F1A8
:103D8000200318460AF000F916480AF0FDF897F8E3
:103D9000FF30013387F8FF3097F8FF401CF0AEFC8E
:103DA00003469C42FFF414AFD6E07B691B7887F88A
:103DB00020301E4B1A6807F12003013319461046C4
:103DC0000AF06AF90D2387F8293007F120030A2148
:103DD00018460AF091F8BFE068000320980103201C
:103DE000400803206446020844530208D4530208E2
:103DF000E453020878740120305402085054020839
:103E000064540208685402086C5402087054020892
:103E1000785402088054020888540208905402081A
:103E200098540208A0540208A85402089005FA0BFE
:103E300007F58873A3F580731B68032B53D907F527
:103E40008873A3F580731B68043B5B08A7F8F63002
:103E50007B69013318460AF0EBFA03461A46B7F8B5
:103E6000F63093423AD17B690433B7F8F62019460D
:103E70003D480AF04DFA1CF031FCB7F8F62007F186
:103E80001A030093394B384909F02CFD7A8B7B6972
:103E90000133194610460AF051F97B6904337A8BD5
:103EA000324918460AF0C0F87B8B02335B007A690E
:103EB00013440D221A707B8B5B0005331946786919
:103EC0000AF01AF81CF00AFCB7F8F62007F11A03FA
:103ED0000093264B244909F095FF3DE00121244839
:103EE0000AF00AF838E0012121480AF005F833E029
:103EF000012120480AF000F82EE01F480AF044F89B
:103F000001211C4809F0F8FF26E007F58873A3F5A6
:103F100080731B68062B15D17B6901330522174975
:103F200018461FF0E0FB0346002B07D114480AF0A7
:103F30002BF801210F4809F0DFFF0DE011480AF0CE
:103F400023F809E001210A4809F0D6FF04E0012125
:103F5000074809F0D1FF00BF97F80D31184607F563
:103F60008A77BD46BDE8F08F70540120746401204B
:103F70004453020864460208AC540208C0540208C4
:103F8000C8540208E054020880B483B000AF03466E
:103F90000A46FB711346BB71BB79002B0DD0FB7930
:103FA000012202FA03F31AB20E4B1B881BB2134311
:103FB0001BB29AB20B4B1A800EE0FB79012202FA77
:103FC00003F31BB2DB431AB2064B1B881BB2134030
:103FD0001BB29AB2034B1A8000BF0C37BD465DF886
:103FE000047B7047462D032080B483B000AF0346A6
:103FF000FB71084B1B881A46FB7942FA03F3DBB2CC
:1040000003F00103DBB218460C37BD465DF8047BB4
:10401000704700BF462D032080B489B000AFF86020
:10402000B9601346FB711E4B1B781A46BB6802FB36
:1040300003F3FA681344FB61FB69DB08BB61FB69AE
:10404000DBB203F00703FB75FB79002B10D0154A98
:10405000BB6913441A78FB7D012101FA03F3DBB23B
:104060001343D9B20F4ABB6913440A461A7011E0D0
:104070000C4ABB6913441A78FB7D012101FA03F352
:10408000DBB2DB43DBB21340D9B2064ABB6913444F
:104090000A461A7000BF2437BD465DF8047B70479E
:1040A00059000320B886012080B487B000AF786043
:1040B0003960114B1B781A463B6802FB03F37A68A0
:1040C00013447B617B69DB083B617B69DBB203F0F6
:1040D0000703FB73094A3B6913441B781A46FB7BB1
:1040E00022FA03F3DBB203F00103DBB218461C37FC
:1040F000BD465DF8047B704759000320B886012057
:10410000B0B586B000AF0346FB7100237B6135E09C
:10411000FB793B6113E07C69FB793A69D31A1D4650
:104120007B693A6911461846FFF7BEFF03461A46F7
:1041300029462046FFF770FF3B6901333B61154B71
:104140001B781A463B699342E5DB124B1B781A46F3
:10415000FB79D31AFB6008E07B69F96800221846F6
:10416000FFF75AFFFB680133FB600B4B1B781A46C5
:10417000FB689342F0DB7B6901337B61064B1B7864
:104180001A467B699342C3DB00BF00BF1837BD46A8
:10419000B0BD00BF5A00032059000320B0B586B05F
:1041A00000AF0346FB7100237B6131E01E4B1B789F
:1041B0001A46FB79D31A013B3B6113E07C69FA791B
:1041C0003B6913441D467B693A6911461846FFF75F
:1041D0006BFF03461A4629462046FFF71DFF3B6941
:1041E000013B3B613B69002BE8DA0023FB6008E000
:1041F0007B69F96800221846FFF70EFFFB68013360
:10420000FB60FB79FA689A42F2DB7B6901337B61E0
:10421000064B1B781A467B699342C7DB00BF00BF81
:104220001837BD46B0BD00BF5A0003205900032017
:10423000B0B584B000AF0423FB73264B1B78002B72
:1042400001D10223FB730023BB6037E000237B60B6
:1042500013E0FA7B7B6813441D46BC687B68BA6830
:1042600011461846FFF720FF03461A462146284606
:10427000FFF7D2FE7B6801337B60174B1B781A4631
:10428000FB7BD31A7A689A42E3DB134B1B781A46FE
:10429000FB7BD31A3B6008E03B68B96800221846F4
:1042A000FFF7BAFE3B6801333B600B4B1B781A46A5
:1042B0003B689342F0DBBB680133BB60074B1B7864
:1042C0001A46BB689342C1DB00BF00BF1037BD4632
:1042D000B0BD00BF4C2D0320590003205A0003201D
:1042E000B0B584B000AF0423FB73224B1B78002BC6
:1042F00001D10223FB730023BB602FE01E4B1B7810
:10430000013B7B6013E0FB7B7A68D31A1D46BC68D7
:104310007B68BA6811461846FFF7C6FE03461A4680
:1043200021462846FFF778FE7B68013B7B60FB7BDC
:104330007A689A42E7DA00233B6008E03B68B96894
:1043400000221846FFF768FE3B6801333B60FB7BA9
:104350003A689A42F2DBBB680133BB60074B1B78BB
:104360001A46BB689342C9DB00BF00BF1037BD4689
:10437000B0BD00BF4C2D0320590003205A0003207C
:1043800080B483B000AF03460A46FB801346BB806F
:10439000054AFB881380054ABB88138000BF0C3791
:1043A000BD465DF8047B70475C0003204E2D032062
:1043B00080B489B000AF78600B467B804C4B4FF4E3
:1043C00000721A804B4B00221A804B4B00221A803D
:1043D0004A4B00221A804A4B00221A70494B002295
:1043E0001A700023FB7706E0FB7F474A0021D15477
:1043F000FB7F0133FB77FB7F0F2BF5D90023BB61DC
:1044000009E0BB694149BA690A441178404AD1546C
:10441000BB690133BB61BB69EF2BF2D90023FB827F
:104420000BE0FB8A7A681A44FB8A03F50073117863
:10443000374AD154FB8A0133FB82FA8A7B889A423D
:10444000EFD300237B7506E07B7D324A0021D154F7
:104450007B7D01337B757B7D072BF5D97B8803F54D
:1044600000737B8206E07B8A294A0021D1547B8A33
:1044700001337B827B8AB3F5805FF4D3264B002225
:104480001A700023FB6007E0244AFB6813440022F3
:104490001A70FB680133FB60FB68B3F5806FF3D3E0
:1044A0000023BB6008E01E4B19881E4ABB6822F837
:1044B0001310BB680133BB60BB68B3F5106FF2D358
:1044C000194B03221A70194B00221A70184B18222C
:1044D0001A80184B2E221A80174B40221A70174B45
:1044E00020221A7000BF2437BD465DF8047B704758
:1044F000022D0320E42C0320002D0320442D032053
:10450000482D0320492D0320E82C03205C6B020872
:10451000B8760120F82C0320502D0320B886012006
:104520004E2D0320B88A0120580003204C2D032073
:104530005400032056000320590003205A00032092
:1045400080B400AF034B1B781846BD465DF8047B72
:10455000704700BF512D032080B483B000AF786056
:10456000054A7B681360054B01221A7000BF0C37A7
:10457000BD465DF8047B7047542D0320512D032068
:1045800080B400AF034B00221A7000BFBD465DF837
:10459000047B7047512D0320B0B58EB002AF786018
:1045A000A54B00221A80A54B93F82030DBB2023BCA
:1045B000042B26D801A252F823F000BFD1450008F1
:1045C000DB450008E5450008EF450008F94500080F
:1045D00001210520FFF7D8FC13E001210820FFF797
:1045E000D3FC0EE001210920FFF7CEFC09E00121F8
:1045F0000720FFF7C9FC04E001210620FFF7C4FCF7
:1046000000BF8F4B1B687A68D31A102B16D98D4BBD
:104610001B78002B05D08B4B1B78013BDAB2894B02
:104620001A70894B1B78002B05D0874B1B78013BF8
:10463000DAB2854B1A70824A7B681360834B1B8801
:1046400040F6FE72934204D8814B1B88B3F5805F1D
:1046500004D3804B00221A7001F047B97B4B1B88B2
:104660001A467D4B9B5C1BB21B021AB2774B1B8810
:1046700001337949CB5C1BB213431BB29AB2774B1F
:104680001A80764B1B8803F47043B3F5704F00F02B
:10469000BE86B3F5704F01F32581B3F5604F00F08E
:1046A0007386B3F5604F01F31D81B3F5504F00F0F1
:1046B0005484B3F5504F01F31581B3F5404F00F02A
:1046C0003384B3F5404F01F30D81B3F5304F00F063
:1046D0001E84B3F5304F01F30581B3F5204F00F090
:1046E0000784B3F5204F01F3FD80B3F5104F00F0C0
:1046F000E183B3F5104F01F3F580B3F5004F00F0FF
:104700004482B3F5004F01F3ED80B3F5E04F00F0C4
:104710002182B3F5E04F01F3E580B3F5C04F00F01F
:104720000782B3F5C04F01F3DD80B3F5A04F00F071
:10473000E181B3F5A04F01F3D580B3F5804F00F0D0
:104740009F81B3F5804F01F3CD80B3F5405F00F05A
:104750007C81B3F5405F01F3C580B3F5005F00F0E5
:104760005681B3F5005F01F3BD80002B05D0B3F592
:10477000805F00F0438101F0B5B8384B1B88DBB295
:10478000012B4FD0002B40F30681FF2B00F3038158
:10479000E02BC0F20081E03B1F2B00F2FC8001A265
:1047A00052F823F033480008974900089749000859
:1047B0009749000897490008974900089749000859
:1047C0009749000897490008974900089749000849
:1047D000974900089749000897490008BB48000816
:1047E0009749000897490008974900089749000829
:1047F0009749000897490008974900089749000819
:104800009749000897490008974900089749000808
:10481000F3480008094900081F4900082749000813
:104820005F490008094B1B8802339AB2074B1A8074
:10483000E2E00023BB621BE0462D03206C00032056
:10484000542D0320492D0320482D0320022D032041
:10485000002D0320512D0320B8760120E42C0320E5
:10486000954ABB6A134400221A70BB6A0133BB62CB
:10487000BB6AB3F5806FF3D3904B1888904B1988BF
:10488000904B1B781A46904B1B7812FB03F39AB29D
:104890008E4B1B781C468C4B1B7814FB03F39CB28D
:1048A0008B4B1B880093234606F05EFB894B1B88CD
:1048B00002339AB2874B1A809EE0874B1B88013BDC
:1048C0009AB2854B1A80844B1B881F2B02D9834BCD
:1048D00000221A70804B1B881A46814B33F8122035
:1048E0007C4B1A807B4B1B8802339AB2794B1A801F
:1048F00082E0FFF7F5FC01F009F8764B1B880233E4
:104900009AB2744B1A8077E0FFF792FC00F0FEFF3A
:10491000704B1B8802339AB26E4B1A806CE06F4B5F
:1049200000221A7068E0684B03221A706D4B002257
:104930001A70624B18221A80614B2E221A80614B2A
:1049400040221A70614B20221A70624B1B8802337E
:104950009AB2604B1A80644B00221A704CE05A4B9A
:1049600001221A70554B38221A80554B40221A806A
:10497000544B80221A70554B40221A70594B012219
:104980001A70544B1B8802339AB2524B1A80564B02
:1049900000221A7030E0554B1B8803F0F003C02B47
:1049A00013D0D02B23D1514B1B88DBB203F00F0364
:1049B000DBB21846FFF7A4FB00F0A8FF454B1B88AD
:1049C00002339AB2434B1A8016E0484B1B88DBB285
:1049D00003F00F03DBB21846FFF7E0FB00F096FF91
:1049E0003C4B1B8802339AB23A4B1A8004E03B4B93
:1049F00000221A7000F079BF00F077BF3B4B1B8894
:104A0000C3F30B039AB2334B1A8000F06EBF324BE4
:104A10001B881A462F4B1988314B23F812102E4B46
:104A20001B8801339AB22C4B1A802B4B1B881F2BEF
:104A300002D92A4B00221A702C4B1B88C3F30B039C
:104A40009AB2244B1A8000F050BF284B1B881B12CF
:104A500003F00F03264AD35C1A46244B1B88DBB2B3
:104A60009A4205D11B4B1B8802339AB2194B1A800C
:104A7000184B1B8802339AB2164B1A8000F035BFD0
:104A80001A4B1B881B1203F00F03194AD35C1A46FA
:104A9000164B1B88DBB29A4205D00E4B1B880233A3
:104AA0009AB20C4B1A800B4B1B8802339AB2094BFB
:104AB0001A8000F01ABF00BFB886012054000320FE
:104AC0005600032059000320580003205A000320F9
:104AD0004E2D0320022D0320442D0320512D0320B1
:104AE000042D03204C2D0320502D0320E42C032003
:104AF000E82C0320A04B1B881B1203F00F039F4AD6
:104B0000D25C9D4B1B881B1103F00F039B49CB5CB0
:104B10009A4205D19A4B1B8802339AB2984B1A805D
:104B2000974B1B8802339AB2954B1A8000F0DDBE7A
:104B3000914B1A88904B1B881B1203F00F03D1B2C4
:104B40008E4AD1548E4B1B8802339AB28C4B1A80FA
:104B500000F0CBBE884B1B881B1203F00F03874A63
:104B6000D15C854B1B88DAB2834B1B881B1203F088
:104B70000F030A44D1B2814AD154814B1B880233BE
:104B80009AB27F4B1A8000F0B0BE7B4B1B881B1281
:104B9000DBB203F00F037B72774B1B881B11DBB278
:104BA00003F00F033B72744B1B8803F00F030E2BB3
:104BB00000F2798101A252F823F000BFF94B0008FE
:104BC000234C00085F4C00089B4C0008D74C0008A1
:104BD0004F4D0008CF4D0008354E0008A74E000885
:104BE000A74E0008A74E0008A74E0008A74E0008D1
:104BF000A74E0008034E00085F4B1B881B1103F0F3
:104C00000F025D4B1B881B1203F00F035B49895C8D
:104C10005A4AD1545A4B1B8802339AB2584B1A80C5
:104C200046E1554B1B881B1203F00F03534AD15C1E
:104C3000514B1B881B1103F00F03504AD25C4E4BA3
:104C40001B881B1203F00F030A43D1B24B4AD15405
:104C50004B4B1B8802339AB2494B1A8028E1464BD2
:104C60001B881B1203F00F03444AD15C424B1B8884
:104C70001B1103F00F03414AD25C3F4B1B881B12F0
:104C800003F00F030A40D1B23C4AD1543C4B1B887D
:104C900002339AB23A4B1A800AE1374B1B881B1237
:104CA00003F00F03354AD15C334B1B881B1103F013
:104CB0000F03324AD25C304B1B881B1203F00F03E8
:104CC0004A40D1B22D4AD1542D4B1B8802339AB29F
:104CD0002B4B1A80ECE0284B1B881B1103F00F03B1
:104CE000264AD35C1946244B1B881B1203F00F0382
:104CF000224AD35CC3F1FF03994203DD012387F805
:104D00002F3002E0002387F82F301B4B1B881B122B
:104D100003F00F03194AD15C174B1B881B1103F0DA
:104D20000F03164AD25C144B1B881B1203F00F03AF
:104D30000A44D1B2114AD154104A97F82F30D37394
:104D40000F4B1B8802339AB20D4B1A80B0E00A4B0E
:104D50001B881B1103F00F03084AD25C064B1B880B
:104D60001B1203F00F030549CB5C9A420AD90023BA
:104D700087F82F3009E000BFE42C0320E82C032043
:104D8000022D0320012387F82F30A04B1B881B1214
:104D900003F00F039E4AD15C9C4B1B881B1103F050
:104DA0000F039B4AD25C994B1B881B1203F00F0325
:104DB0008A1AD1B2964AD154954A97F82F30D373B4
:104DC000944B1B8802339AB2924B1A8070E03B7A64
:104DD0008F4AD35C03F0010387F82F303B7A8C4A6B
:104DE000D25C7B7A5208D1B2894AD154884A97F86A
:104DF0002F30D373874B1B8802339AB2854B1A80AE
:104E000056E03B7A824AD35CDB0987F82F303B7A45
:104E10007F4AD25C7B7A5200D1B27D4AD1547C4A1F
:104E200097F82F30D3737B4B1B8802339AB2794BA0
:104E30001A803DE0754B1B881B1203F00F03744A68
:104E4000D25C724B1B881B1103F00F037049CB5CC3
:104E50009A4203D9002387F82F3002E0012387F814
:104E60002F306A4B1B881B1103F00F03684AD15C7B
:104E7000664B1B881B1203F00F03654AD25C634B21
:104E80001B881B1203F00F038A1AD1B2604AD15457
:104E90005F4A97F82F30D3735E4B1B8802339AB268
:104EA0005C4B1A8004E05C4B00221A7000F01DBDC0
:104EB00000F01BBD554B1B881B1203F00F03544A17
:104EC000D25C524B1B881B1103F00F035049CB5C83
:104ED0009A4205D04F4B1B8802339AB24D4B1A8031
:104EE0004C4B1B8802339AB24A4B1A8000F0FDBC2F
:104EF000464B1B88C3F30B039AB2484B1A80454BB1
:104F00001B8802339AB2434B1A8000F0EEBC3F4B31
:104F10001B88C3F30B039BB23D4A127813449AB229
:104F20003C4B1A8000F0E1BC06F0A6FA03465AB2E8
:104F3000364B1B885BB213405AB2344B1B881B1292
:104F400003F00F03D1B2324AD154324B1B880233E3
:104F50009AB2304B1A8000F0C8BC2C4B1B881B1235
:104F600003F00F032A4AD35C3B82284B1B881B119A
:104F700003F00F03264AD35CFB81244B1B8803F00C
:104F80000F03FB8400237B73082387F82330204B17
:104F90000022DA73224B1B78002B0BD1214B1B888C
:104FA00000936023C0222E21182005F0DDFF1C4B4A
:104FB00001221A70FB8C002B0ED11B4B1B78002B8F
:104FC00005D01023FB84102387F8233004E010233E
:104FD000FB84102387F8233080233B840023FB7756
:104FE0003A8A97F823301344104A1278934206DC29
:104FF000FA89FB8C13440E4A1278934201DD012397
:1050000000E000237B730023BB8373E1E42C0320C7
:10501000E82C0320022D0320512D0320002D032016
:10502000502D03204E2D03204C2D0320590003202A
:105030005A000320FB8C102B1AD14FF400433B8401
:10504000864B1B881A46BB8B5B001344844AD35C97
:105050001B02BB84814B1B881A46BB8B5B0013442D
:1050600001337F4AD35C1A46BB8C1343BB8409E0EF
:1050700080233B84794B1B881A46BB8B1344784AA8
:10508000D35CBB8400237B832AE1BA8C398C7B8B75
:1050900041FA03F31340002B01D0012300E0002369
:1050A0003B733B7B002B00F0AF800123FB773A8AF8
:1050B0007B8B13446B4A127893FBF2F101FB02F2F3
:1050C0009B1A1846FA89BB8B1344674A127893FBE4
:1050D000F2F101FB02F29B1A1946FEF7E5FF0346C7
:1050E000002B02D0614B0122DA733A8A7B8B134486
:1050F0005C4A127893FBF2F101FB02F29B1A1C4608
:10510000FA89BB8B1344584A127893FBF2F101FBE6
:1051100002F29B1A1D463A8A7B8B1344514A12783D
:1051200093FBF2F101FB02F29B1A1846FA89BB8B42
:1051300013444D4A127893FBF2F101FB02F29B1AE1
:105140001946FEF7B1FF03461A463B7B5340DBB2DC
:105150001A4629462046FEF75FFF7B7B002B53D083
:105160003A8A7B8B13443F4A127893FBF2F101FB9E
:1051700002F29B1A1846FA89BB8B13443A4A1278FA
:1051800093FBF2F101FB02F29B1A1946FEF78CFF2A
:105190000346002B02D1364B1B8801E0354B1B88A0
:1051A0007B813A8A7B8B13442E4A127893FBF2F16F
:1051B00001FB02F29B1A9BB22F4A127813FB02F3F7
:1051C0009AB22E4B1B88134498B2FA89BB8B1344B6
:1051D000254A127893FBF2F101FB02F29B1A9BB273
:1051E000254A127813FB02F39AB2254B1B8813440D
:1051F00099B2214B1B781A461F4B1B781C467B89A2
:105200000093234605F0B0FE7B7B002B65D13A8AE4
:105210007B8B1344134A127893FBF2F101FB02F2E9
:105220009B1A1846FA89BB8B13440F4A127893FBDA
:10523000F2F101FB02F29B1A1946FEF735FF034615
:10524000002B02D10A4B1B8801E00A4B1B887B8193
:1052500000237B763CE000233B7631E0002D0320E9
:10526000B8760120590003205A000320E82C0320BF
:105270004E2D03205C00032058000320540003201F
:10528000560003207B8BAB4A127803FB02F27B7E35
:105290001A44BB8BA749097803FB01F13B7E0B4401
:1052A00097F82310A348007800FB01F101FB03F3FA
:1052B0001344A1497A8921F813203B7E01333B76C0
:1052C0009C4B1B783A7E9A42DCD37B7E01337B7603
:1052D000984B1B787A7E9A42BDD37B8B01337B83BC
:1052E00097F823309BB27A8B9A42FFF4CEAEBB8BF9
:1052F0000133BB83BA8BFB8C9A42FFF49BAEFB7FDE
:10530000002B3AD07B7B002B37D13B8A8B4A12781B
:1053100093FBF2F101FB02F29B1A9BB2854A1278D1
:1053200013FB02F39AB2864B1B88134498B2FB8995
:10533000844A127893FBF2F101FB02F29B1A9BB2B2
:105340007C4A127813FB02F39AB27F4B1B881344FA
:1053500099B2784B1B781A4697F823309BB212FB10
:1053600003F39AB2734B1B781C46FB8C13FB04F3BC
:105370009BB2714C009405F080FE744B1B88023385
:105380009AB2724B1A80B0E2714B1B88DBB29E2B33
:1053900002D0A12B1BD035E06D4B1B881B1203F0F4
:1053A0000F036C4AD35C1846FEF71EFE0346002B23
:1053B00006D0664B1B8804339AB2644B1A8025E0F2
:1053C000624B1B8802339AB2604B1A801EE0604B1E
:1053D0001B881B1203F00F035E4AD35C1846FEF7CE
:1053E00003FE0346002B06D1584B1B8804339AB2A8
:1053F000564B1A800AE0554B1B8802339AB2534B26
:105400001A8003E0544B00221A706EE26DE2504B9A
:105410001B88DBB2852B00F04582852B00F35D8273
:10542000752B00F02482752B00F35782652B00F05A
:10543000CA81652B00F35182332B63DC072BC0F24A
:105440004C82073B2C2B00F2488201A252F823F039
:105450000D550008DB580008DB5800082D550008E2
:10546000DB580008DB580008DB580008DB58000850
:10547000DB580008DB580008DB580008DB58000840
:10548000DB580008DB580008D3550008DB5800083B
:10549000DB580008F3550008DB580008DB5800080B
:1054A000DB580008DB580008DB58000813560008DA
:1054B000DB580008DB580008DB580008DB58000800
:1054C000DB580008DB580008DB580008DB580008F0
:1054D000DB580008DB5800083D560008DB58000880
:1054E000DB580008DB580008DB580008DB580008D0
:1054F000DB58000865560008DB580008DB58000838
:1055000093560008552B00F02081E6E1104B1B88D4
:105510001B1203F00F03114A11780E4AD1540B4BA2
:105520001B8802339AB2094B1A80DAE10023FB751B
:105530004BE000BF58000320B88A01205900032027
:10554000540003205A00032056000320022D03209C
:10555000E42C0320E82C0320512D0320482D0320A8
:10556000FB7D1846FEF740FD0346002B0DD0FB7D6A
:10557000012202FA03F31AB29C4B1B881BB213439D
:105580001BB29AB2994B1A801CE0984B1B881A46A2
:10559000FB7D42FA03F303F00103002B12D0944B7E
:1055A0001B881B1203F00F039249FA7DCA548F4BDC
:1055B00000221A80904B1B8802339AB28E4B1A80BD
:1055C00000BF8EE1FB7D0133FB75FB7D0F2BC7D93F
:1055D00087E1874B1B881B1203F00F03854AD25CBF
:1055E000864B1A70844B1B8802339AB2824B1A8006
:1055F00077E17F4B1B881B1203F00F037D4AD25CBF
:105600007F4B1A707C4B1B8802339AB27A4B1A80FC
:1056100067E1774B1B881B1203F00F03754AD35CBD
:105620001A46784B1B8813449AB2764B1A80724BF9
:105630001B8802339AB2704B1A8052E16C4B1B8864
:105640001B1203F00F036B4AD35C1A4692001344FB
:105650009AB26C4B1A80684B1B8802339AB2664B25
:105660001A803EE1624B1B881B1203F00F03614A54
:10567000D35C1A46920013445B009BB250339AB23B
:10568000604B1A805C4B1B8802339AB25A4B1A80CB
:1056900027E15C4B1B880233B3F5805F03D35A4B81
:1056A00000221A701DE1524B1B881B1203F00F03DE
:1056B000504AD35C534A12881146544AA2FB032332
:1056C0005B09DAB2524B5A54494B1B881B1203F048
:1056D0000F03484AD35C4F4AA2FB0323DB08DAB22C
:1056E000484B1B88581C4B4BA3FB0213D9080B4695
:1056F0009B000B445B00D31ADAB2454B1A543C4B67
:105700001B881B1203F00F033A4AD35C3F4AA2FBEB
:1057100003125209642101FB02F29B1ADAB2394BDF
:105720001B88981C3B4BA3FB0213D9080B469B001C
:105730000B445B00D31ADAB2354B1A542E4B1B883C
:1057400002339AB22C4B1A80CBE02E4B1B881A46A0
:10575000274B1B881B1203F00F031344B3F5805F24
:1057600003D3294B00221A70BBE00023BB750CE069
:10577000BA7D244B1B881946BB7D0B441D49895CAF
:10578000234AD154BB7D0133BB75BA7D184B1B88AE
:105790001B1203F00F039A42EADD154B1B881B1204
:1057A0009BB203F00F039AB2164B1B8813449BB2B3
:1057B00001339AB2134B1A800F4B1B8802339AB2F3
:1057C0000D4B1A808DE00F4B1B881A46084B1B8827
:1057D0001B1203F00F031344B3F5805F03D30A4B8E
:1057E00000221A707DE000237B7522E04A2D032001
:1057F000E42C0320E82C0320022D0320482D032055
:10580000492D0320002D0320512D03201F85EB512E
:10581000B8760120CDCCCCCC354B1B881A467B7D8D
:105820001A447B7D3349895C334AD1547B7D0133F3
:105830007B757A7D314B1B881B1203F00F039A4254
:10584000EADD2E4B1B881B129BB203F00F039AB2AA
:10585000274B1B8813449BB201339AB2244B1A8006
:10586000274B1B8802339AB2254B1A8039E000235C
:105870003B7508E03A7D3B7D1F49895C214AD15444
:105880003B7D01333B753A7D1C4B1B881B1203F09B
:105890000F039A42EEDD1A4B1B8802339AB2184B63
:1058A0001A801EE00023FB7408E0FA7CFB7C15499B
:1058B000895C114AD154FB7C0133FB74FA7C0F4B99
:1058C0001B881B1203F00F039A42EEDD0C4B1B8862
:1058D00002339AB20A4B1A8003E00B4B00221A7073
:1058E00003E002E0084B00221A703037BD46B0BD1D
:1058F000002D0320B8760120E82C0320E42C03209F
:10590000022D0320F82C0320512D032090B585B0E3
:1059100002AF0023FB804FE00023BB8043E0FB8805
:10592000BA8811461846FEF7BFFB0346002B02D18A
:10593000324B1B8801E0324B1B883B800023FB70FD
:1059400029E00023BB701EE0FB882E4A127803FB7F
:1059500002F2FB781A44BB882A49097803FB01F15B
:10596000BB780B442849097808462649097800FB8A
:1059700001F101FB03F3134424493A8821F8132071
:10598000BB780133BB701F4B1B78BA789A42DBD3CC
:10599000FB780133FB701B4B1B78FA789A42D0D30B
:1059A000BB880133BB801A4B1B781A46BB889342D5
:1059B000B5D3FB880133FB80134B1B781A46FB8859
:1059C0009342A9D3134B1888134B19880D4B1B789E
:1059D0001A460D4B1B7812FB03F39AB2094B1B7846
:1059E0001C460B4B1B7814FB03F39BB2074C009433
:1059F00005F043FB00BF0C37BD4690BD4E2D032084
:105A00005C0003205800032059000320B88A0120BD
:105A10005A000320540003205600032080B483B0B2
:105A200000AF7860044A7B68136000BF0C37BD4646
:105A30005DF8047B704700BF582D032080B485B00B
:105A400000AF786039607B68FB604FF0FF33BB606C
:105A50000EE0FB685A1CFA601B781A46BB6853407C
:105A6000DBB20A4A52F82320BB681B0A5340BB60D2
:105A70003B685A1E3A60002BEBD1BB68DB431846EB
:105A80001437BD465DF8047B704700BF1C8C0208CC
:105A900080B483B000AF786000BF0C37BD465DF8BE
:105AA000047B704780B483B000AF786000BF0C37D0
:105AB000BD465DF8047B704780B483B000AF78606A
:105AC0000A4B00221A600A4B00221A80094B00225E
:105AD0001A80094B00221A70084A7B68136000BFC5
:105AE0000C37BD465DF8047B704700BF5C2D03207A
:105AF0006435032066350320683503206C350320A8
:105B000080B584B000AF0023FB810023BB602F4B26
:105B10001B78DBB2012B55D01CF09EFA2C4B1B8856
:105B20009BB2002B02D11CF0A9FA4CE0294B1B6858
:105B30007B60294B1B68274A1360274A7B681360E8
:105B4000234B1B889AB2254B1A80244B1B88FB8160
:105B5000214B1B68BB601E4B00221A801B4B01228D
:105B60001A701F4B5B6901331D4A53611C4B9B69C3
:105B700001331B4A93611CF081FA00220421194869
:105B80000CF076F8FB891A46B968174810F0A4FCA7
:105B90000346FB70FB78002B15D00122042111482D
:105BA0000CF066F81CF058FA084B00221A700C4BE7
:105BB000DB6801330A4AD360094AFB7813771CF08B
:105BC0005DFA00E000BF1037BD4680BD6835032098
:105BD0006435032060000320640003206635032041
:105BE0007035032000040242A009032080B500AFF5
:105BF000012204210A480CF03BF80A4B5B68013390
:105C0000084A5360084B1B889AB2064B9B681344A2
:105C1000044A9360054B00221A7000BF80BD00BF8C
:105C200000040242703503206635032068350320E6
:105C300080B59CB000AFF860B9607A60002387F847
:105C40006F30002387F86E30FB68DB68184608F079
:105C50005FFC034687F8693097F86F30013387F8A7
:105C60006F3097F86F305A1C87F86F2070333B44C1
:105C7000AA2203F85C2CFB681B681A0E97F86F3099
:105C8000591C87F86F10D2B270333B4403F85C2C78
:105C9000FB681B681A0C97F86F30591C87F86F1057
:105CA000D2B270333B4403F85C2CFB681B681A0AC1
:105CB00097F86F30591C87F86F10D2B270333B449D
:105CC00003F85C2CFB681A6897F86F30591C87F84A
:105CD0006F10D2B270333B4403F85C2C97F86F30EE
:105CE0005A1C87F86F2070333B4497F8692003F8FB
:105CF0005C2C002387F86D30FB685B68B3F1804F44
:105D000005D197F86D3043F0010387F86D30FB68DB
:105D10009B68B3F1005F05D197F86D3043F0020343
:105D200087F86D3097F86F305A1C87F86F20703302
:105D30003B4497F86D2003F85C2C002387F86C3007
:105D400012E097F86C30BA681A4497F86F30591C13
:105D500087F86F10127870333B4403F85C2C97F887
:105D60006C30013387F86C3097F86C2097F8693005
:105D70009A4203D297F86C303F2BE2D9012387F87F
:105D80006B300FE097F86B3070333B4413F85C2CAA
:105D900097F86E30534087F86E3097F86B300133C8
:105DA00087F86B3097F86B2097F86F309A42E9D3F9
:105DB00097F86F305A1C87F86F2070333B4497F880
:105DC0006E2003F85C2C97F86F30013BDBB23B751B
:105DD0001CF042F92F4B1B88A7F866302E4B1B682E
:105DE0003B66B7F8662097F86F301344B3F5806FC1
:105DF0002CDC002387F86A3013E097F86A20B7F8A4
:105E0000661097F86A300B4419463B6E0B447032AB
:105E10003A4412F85C2C1A7097F86A30013387F80C
:105E20006A3097F86A2097F86F309A42E5D397F86E
:105E30006F309AB2B7F8663013449AB2154B1A8095
:105E4000164B1B680133154A136009E0134B1B699D
:105E50000133124A1361114B1B6801330F4A13605F
:105E60001CF00CF90B4B1B88A7F85E30B7F85E30BE
:105E7000B3F5607F05D20A4B1B687A68D31A092BE9
:105E800004D9FFF73DFE064A7B68136000BF7037F8
:105E9000BD4680BD643503206000032070350320BB
:105EA0006C35032080B483B000AF78603960002384
:105EB00018460C37BD465DF8047B704780B582B04C
:105EC00000AF7860094B1B687A68D31A092B04D994
:105ED000FFF716FE054A7B681360054B1B6801330C
:105EE000034A136000BF0837BD4680BD6C350320F0
:105EF0005C2D032080B483B000AF7860054B1B6835
:105F00000133044A136000BF0C37BD465DF8047BC3
:105F1000704700BF602D032080B582B000AF78606D
:105F200000201AF093F900BF0837BD4680BD80B548
:105F300082B000AF786000201AF088F900BF0837FF
:105F4000BD4680BD80B582B000AF78607B689B6E37
:105F50009BB2184608F050FB03461A467B68DA8469
:105F60007B68243304211846FFF768FD02467B68EE
:105F70009A62044B1A687B681A6100BF0837BD46F5
:105F800080BD00BF0000032080B400AF034B01229E
:105F90001A7000BFBD465DF8047B7047680003209F
:105FA00080B584B000AFF860B9607A607B681B8808
:105FB0009AB27B681A80BB68012B06D87B681B8865
:105FC0009BB2DBB29AB27B681A80BB68002B00F0F0
:105FD000C181FB68B3F5EA7F80F0B981FB68B3F556
:105FE000DC7F3CD2FB6840F2A712934200F0938121
:105FF000FB68B3F5D47F80F0AA81FB68B3F5A87F76
:1060000000F09781FB68B3F5A87F00F2A081FB68E0
:10601000A22B00F06B81FB68A22B00F29881FB6839
:10602000982B00F05C81FB68982B00F29081FB6854
:10603000772B00F28C81FB68582B51D2FB681A2B0E
:1060400000F0E980FB681A2BC0F08181FB68432BCC
:1060500000F27D81FB68242B80F08A8077E1FB6869
:10606000A3F5DC731B2B00F2728101A252F823F01E
:10607000236300084F6300084F6300083F63000874
:106080004F6300084F6300084F6300084F63000828
:106090004F6300084F6300084F6300084F63000818
:1060A0004F6300084F6300084F6300084F63000808
:1060B0004F6300080B6300084F6300084F6300083C
:1060C0004F6300084F6300084F6300084F630008E8
:1060D0004F6300084F6300084F630008FB6200082D
:1060E000FB68583B1F2B00F2328101A252F823F0CB
:1060F000856200084F6300084F6300084F63000883
:106100004F6300084F6300084F6300084F630008A7
:106110004F6300084F6300086F6200084F63000878
:106120004F6300084F6300084F6300084F63000887
:106130004F6300084F6300084F6300084F63000877
:106140004F630008CF6200084F6300084F630008E8
:106150004F6300084F6300084F6300084F63000857
:106160004F6300084F6300084F6300089B620008FC
:10617000FB68243B1F2B00F2EA8001A252F823F0B7
:10618000016200084F6300084F6300084F63000876
:106190004F6300084F6300084F6300084F63000817
:1061A0004F6300084F6300084F6300084362000814
:1061B0004F6300084F6300084F6300084F630008F7
:1061C0004F6300084F6300084F6300084F630008E7
:1061D0004F6300082D6200084F6300084F630008FA
:1061E0004F6300084F6300084F6300084F630008C7
:1061F0004F6300084F6300084F63000859620008AE
:106200007B681B889BB2184608F0F6F903461A46CD
:10621000524B1A809EE07B681B889BB2184608F0A0
:10622000EBF903461A464D4B5A8093E07B681B8876
:106230009BB2184608F0E0F903461A46474B9A808D
:1062400088E07B681B889BB2184608F0D5F90346A6
:106250001A46424BDA807DE07B681B889BB2184669
:1062600008F0CAF903461A463C4B9A8272E07B68F2
:106270001B889BB2184608F0BFF903461A46374BF5
:106280001A8167E07B681B889BB2184608F0B4F956
:1062900003461A46314B5A815CE07B681B889BB2EF
:1062A000DAB22E4B1A73BB68012B52D97B681B885C
:1062B0009BB21B0A9BB2DAB2284B83F82020274BF3
:1062C00093F82030DBB2184601F0E4FE41E07B6831
:1062D0001B889BB2DBB29AB2204BDA813AE07B6832
:1062E0001B889BB2DAB21D4B9A7533E07B681B8822
:1062F0009BB2DAB2194BDA752CE07B681B889BB233
:10630000DBB29AB2154B1A8224E07B681B889AB2E2
:10631000124B5A821EE07B681B889AB20F4B5A833D
:1063200018E07B681B889BB2DBB29AB20B4B9A8356
:1063300010E07B681B889AB2084B1A830AE07B68DE
:106340001B889BB2DBB29AB2044BDA8302E000BF37
:1063500000E000BF00BF1037BD4680BD6C000320C9
:1063600080B584B000AF78600023FB8131E0FB8909
:106370001C4A52F82330DB6E7A68D21AFB8919491D
:1063800051F823305B6E9A4220D3FB89154A52F8AC
:1063900023301846FFF7D6FDFB89124A52F8233006
:1063A0001846FB890F4A52F8233024331946FBF76D
:1063B0000BFDFB890B4A52F823309A6E01329A6624
:1063C000FB89084A52F823307A68DA66FB89013380
:1063D000FB81FB89062BCAD900BF00BF1037BD4621
:1063E00080BD00BF9000032080B582B000AF786010
:1063F0007B680133184608F01BF80346184608F07E
:10640000FBF803461A46244B9A847B6804331846EB
:1064100008F00EF80346184608F0EEF803461A4650
:106420001E4B9A847B680733184608F001F8034630
:10643000184608F0E1F803461A46194B9A847B681F
:106440000A33184607F0F4FF0346184608F0D4F85C
:1064500003461A46134B9A847B680D33184607F09F
:106460009BFF03461A46104B9A847B680F331846ED
:1064700007F092FF03461A460C4B9A847B6811334F
:10648000184607F089FF03461A46094B9A8400BF55
:106490000837BD4680BD00BFA801032018020320B5
:1064A00088020320F802032068030320D803032096
:1064B0004804032080B582B000AF7860114807F02F
:1064C00063FD7B68DB68184607F086FD7B681B6907
:1064D000184607F081FD7B685B69184607F07CFD74
:1064E0007B689B69184607F077FD074B9B68184649
:1064F00007F072FD054807F047FD00BF0837BD46AD
:1065000080BD00BFF054020898010320F454020833
:1065100080B582B000AF786039602D4807F034FD57
:106520002C4B9B68184607F057FD7B681B68184684
:1065300007F052FD7B685B68184607F04DFD7B68ED
:106540009B68184607F048FD7B68DB68184607F033
:1065500043FD3B681B68184607F03EFD3B685B68DF
:10656000184607F039FD3B689B68184607F034FD74
:106570003B68DB68184607F02FFD3B681B6918462F
:1065800007F02AFD3B685B69184607F025FD3B686C
:106590009B69184607F020FD3B68DB69184607F049
:1065A0001BFD3B681B6A184607F016FD3B685B6ADB
:1065B000184607F011FD3B689B6A184607F00CFD72
:1065C000054807F0E1FC00BF0837BD4680BD00BFAD
:1065D000F854020800000320F454020880B483B089
:1065E00000AF0346FB71044AFB79137000BF0C3700
:1065F000BD465DF8047B70479035032080B582B0BE
:1066000000AF7860074B1B78012B07D1786807F043
:10661000DAFF03461946786807F06EFC00BF0837BA
:10662000BD4680BD9035032080B586B000AFF860D0
:10663000B9607A603B609F48FFF7E0FF9E48FFF734
:10664000DDFF9E4B1B79DBB2002B06D0B968F868E2
:10665000FFF75EFF7868FFF72DFF3B68002B00F027
:10666000B9819748FFF7CAFF3B6803F00103002B8D
:1066700002D09448FFF7C2FF3B6803F00203002BEF
:1066800002D09148FFF7BAFF3B6803F00403002BE8
:1066900002D08E48FFF7B2FF3B6803F00803002BDF
:1066A00002D08B48FFF7AAFF3B6803F01003002BD2
:1066B00002D08848FFF7A2FF3B6803F02003002BBD
:1066C00002D08548FFF79AFF3B6803F04003002B98
:1066D00002D08248FFF792FF3B6803F08003002B53
:1066E00002D07F48FFF78AFF3B6803F48073002BDA
:1066F00002D07C48FFF782FF3B6803F40073002B55
:1067000002D07948FFF77AFF3B6803F48033002B0F
:1067100002D07648FFF772FF3B6803F48013002B2A
:1067200002D07348FFF76AFF7248FFF767FF3B68C4
:1067300003F40013002B2FD0BB681B687B616E48ED
:10674000FFF75CFF7B69012B02D16C48FFF756FF16
:106750007B69022B02D16A48FFF750FF7B69032B4C
:1067600002D16848FFF74AFF7B69042B02D16648D3
:10677000FFF744FF7B69052B02D16448FFF73EFF1A
:106780007B69062B02D16248FFF738FF7B69072B34
:1067900002D16048FFF732FF5648FFF72FFF3B68F2
:1067A00003F48003002B32D0BB685B683B615A481E
:1067B000FFF724FF3B69012B02D15048FFF71EFF72
:1067C0003B69022B02D14E48FFF718FF3B69032BB0
:1067D00002D14C48FFF712FF3B69042B02D14A4813
:1067E000FFF70CFF3B69052B02D14848FFF706FF76
:1067F0003B69062B02D14648FFF700FF3B69072B98
:1068000002D14448FFF7FAFE3A48FFF7F7FE3B682B
:1068100003F48013002B02D04048FFF7EFFE4048FE
:10682000FFF7ECFEFB681B68DBB2184607F0BDFB08
:106830003C48FFF7E3FEFB681B68DB08DBB2184649
:1068400007F0B3FB3848FFF7D9FEFB685B68DBB2A3
:10685000184607F0AAFB3548FFF7D0FEFB68DB6857
:10686000DBB2184607F0A1FB3148FFF7C7FEBB6853
:106870009B6ADBB2184607F098FB1E48FFF7BEFE86
:10688000FB689B68002B02D02A48FFF7B7FE2A4816
:10689000FFF7B4FEBB689B68002B03D12748FFF7C6
:1068A000ADFE62E0BB689B68082B4BD12448FFF724
:1068B000A5FE5AE0FC540208345502089801032052
:1068C000585502085C550208785502089C55020884
:1068D000B8550208D8550208F855020810560208A3
:1068E0002C560208485602086456020880560208D0
:1068F000A0560208F4540208BC560208E0560208EA
:10690000FC5602081857020834570208505702086C
:106910006C57020888570208A8570208CC5702088B
:10692000E8570208F85702080058020818580208E9
:1069300028580208345802086C5802088058020887
:10694000AC580208BB689B68102B03D12D48FFF799
:1069500055FE0AE0BB689B68182B03D12A48FFF755
:106960004DFE02E02948FFF749FE2948FFF746FEA1
:10697000BB68DB68002B02D02648FFF73FFEBB68F0
:106980001B69002B02D02448FFF738FEBB685B6907
:10699000002B02D02148FFF731FEBB689B69012B19
:1069A00002D11F48FFF72AFEBB68DB69012B02D129
:1069B0001C48FFF723FEBB681B6A012B02D11A4853
:1069C000FFF71CFEBB685B6A012B06D11748FFF777
:1069D00015FE02E01648FFF711FE7B689B69002B4D
:1069E00002D01448FFF70AFE134B9B68002B02D01D
:1069F0001248FFF703FE1248FFF700FE00BF1837EA
:106A0000BD4680BDD8580208F85802081C59020833
:106A1000F45402083859020860590208B0590208B3
:106A2000D45902080C5A0208445A0208785A02083B
:106A3000A05A0208B05A020898010320DC5A020842
:106A40000C5B020880B584B000AFF860B9607A6072
:106A50003B600B4ABB6813600A4A7B6813600A4AB2
:106A60003B681360094ABB69136000F045F8F86899
:106A700006F02CFE002318461037BD4680BD00BF2F
:106A800094350320983503209C350320A03503203E
:106A900080B584B000AF78600023FB73786806F09F
:106AA00029FE03461A46FB7B1343FB73FB7B184608
:106AB0001037BD4680BD000080B584B000AFF860DF
:106AC000B9607A600A4B1B687A68B968F86806F0A2
:106AD00043FE0346012B07D1064B1B6818680023B1
:106AE000022200211AF0E6FC00BF1037BD4680BD2F
:106AF000983503209435032080B582B000AF002381
:106B0000FB713B461946102000F086F90346002B26
:106B100008D00021102000F05BF90346002B01D0C3
:106B20000123FB71FB7918460837BD4680BD80B54F
:106B300082B000AF3B46184600F080F80346002BB9
:106B400012D13B68002B0CD00021102000F040F93E
:106B50000346002B02D00123FB7107E00023FB71E9
:106B600004E00023FB7101E00123FB71FB7918466F
:106B70000837BD4680BD80B584B000AF786039600D
:106B80000123FB730023BB6007F1080319461020A3
:106B900000F042F90346002B10D1BB687A689A4294
:106BA0000CD27B689BB211339BB23968184600F057
:106BB00033F90346002B01D10023FB73FB7B1846FE
:106BC0001037BD4680BD000080B584B000AF78604E
:106BD0000023BB600123FB73174B1B78002B02D1F2
:106BE0000023FB7322E007F108031946102000F090
:106BF00013F90346002B19D1BB681133FF2B15D8AD
:106C0000BB689BB211339BB27968184600F0E0F87C
:106C10000346002B0AD1BB6801331946102000F04F
:106C2000D7F80346002B01D10023FB73FB7B1846EA
:106C30001037BD4680BD00BFAC00032080B584B0D6
:106C400000AF78600023FB737968102000F0E4F84F
:106C50000346002B01D00123FB73FB7B1846103742
:106C6000BD4680BD80B582B000AF03460A46FB71C9
:106C70001346BB71FB79422B06D1BB791A46202102
:106C80000D480AF0F5FF13E0FB79432B07D1BB79E0
:106C90001A464FF4005109480AF0EAFF08E0FB7970
:106CA000442B05D1BB791A46012105480AF0E0FFC3
:106CB00000BF0837BD4680BD000402420008024202
:106CC0000000024280B582B000AF03460A46FB7165
:106CD0001346BB71FB79422B06D1BB791A46802142
:106CE0000E480AF0C5FF14E0FB79432B07D1BB79AE
:106CF0001A464FF480410A480AF0BAFF09E0FB79CE
:106D0000442B06D1BB791A464FF4004104480AF0DF
:106D1000AFFF00BF0837BD4680BD00BF0004024280
:106D20000008024280B582B000AF0346FB71FB79D8
:106D300019464220FFF796FFFB7919464320FFF7DB
:106D400091FFFB7919464420FFF78CFF00BF0837FD
:106D5000BD4680BD80B582B000AF0346FB71FB79B4
:106D600019464220FFF7AEFFFB7919464320FFF793
:106D7000A9FFFB7919464420FFF7A4FF00BF08379D
:106D8000BD4680BD80B500AF0020FFF7E3FF0A20BD
:106D900017F09BFE0120FFF7C5FF00BF80BD80B547
:106DA00082B000AF0023FB800AF006F8002013F049
:106DB00039FB0346FB80FB88002B02D0002014F037
:106DC0002FFC0AF01BF8FB8818460837BD4680BD2B
:106DD00080B584B000AF03463960FB800023FB819F
:106DE00009F0EAFFFB883968184614F044FD0346B1
:106DF000FB81FB8903F48073002B06D014F056FD51
:106E000003461A46FB891343FB8109F0F7FFFB8910
:106E100018461037BD4680BD80B584B000AF03462C
:106E20003960FB800023FB81FB883968184614F029
:106E3000FDFC03461A46FB891343FB81FB89184678
:106E40001037BD4680BD80B483B000AF78600B467C
:106E5000FB701346BB70FB7803F00103002B02D0DC
:106E60007B6800221A70FB7803F00203002B04D029
:106E70007B6803F5805303221A7400BF0C37BD46AC
:106E80005DF8047B704780B586B000AFF8600B46B4
:106E90007A60FB727B681B7803F00F03FB75FB685D
:106EA0001B78002B04D006220121F868FFF7CBFFE6
:106EB000FB7D002B17D0FB7D072B14D8FA7DFB7AC6
:106EC000013B9A420FD8FB6803F10D007B68013348
:106ED000FA7D194607F058FBFB7D9AB2FB685A8091
:106EE000FB6802221A7000BF1837BD4680BD80B50E
:106EF00084B000AFF8600B467A60FB72FB681B78C9
:106F0000002B04D006220121F868FFF79CFFFB7AD2
:106F1000072B43D97B681B781BB21B021BB203F4FF
:106F200070631AB27B6801331B781BB213431BB228
:106F30009AB2FB689A80FB689B88072B2ED9FB6866
:106F40009B88B3F5805F1CD8FB6803F10D007B685C
:106F500002330622194607F017FBFB6806225A8007
:106F6000FB6801221A70FB6803F5005300229A7730
:106F7000FB6801221A73FB6803F580530122DA8152
:106F80000CE0FB6803F5005302229A77FB680122AC
:106F90001A7307220121F868FFF755FF00BF103769
:106FA000BD4680BD80B586B000AFF8600B467A6004
:106FB000FB72FB681B78012B75D17B681B7803F093
:106FC0000F03FB75FB7D9AB2FB6803F58053DB89E9
:106FD00003F00F039BB29A4205D004220121F86806
:106FE000FFF731FF60E0FB689A88FB685B88D31A83
:106FF000BB82BB8A072B02D9FB7A082B54D1BB8AF0
:10700000072B04D8FB7A9BB2BA8A9A424CD2FB680F
:1070100003F58053DB8901339AB2FB6803F5805393
:10702000DA81BB8A062B02D8BB8ADBB202E0FB7A8C
:10703000013BDBB2FB74FB685B880833FA681344DE
:10704000581D7B680133FA7C194607F09DFAFB68EE
:107050005A88FB7C9BB213449AB2FB685A80FB6847
:107060005A88FB689B889A4203D1FB6802221A70F7
:107070001AE0FB6803F50053DB7F002B14D0FB689C
:1070800003F58053DB89013BFA6802F50052D27F99
:1070900093FBF2F101FB02F29B1A002B04D1FB6877
:1070A00001221A7300E000BF1837BD4680BD80B5CD
:1070B00084B000AFF8600B467A60FB727B681B7887
:1070C00003F00F03DAB2FB6803F5005383F82120C5
:1070D000FB7A012B08D97B6801331A78FB6803F52A
:1070E000005383F8222005E0FB6803F500530022DB
:1070F00083F82220FB7A022B08D97B6802331A78A6
:10710000FB6803F5005383F8232005E0FB6803F5D3
:107110000053002283F82320FB6803F5005393F803
:107120002130022B24D0022B28DC002B02D0012B93
:107130000CD023E0FB6803F580531B7C022B23D18A
:10714000FB6803F5805301221A741DE0FB6803F508
:1071500080531B7C022B05D0FB6803F580531B7CFE
:10716000012B13D1FB6803F5805302221A740DE042
:1071700008220221F868FFF766FE08E005220221D6
:10718000F868FFF760FE02E000BF00E000BF00BF4C
:107190001037BD4680BD80B485B000AF78603960DF
:1071A0007B6800221A707B6800225A807B6800226C
:1071B0009A807B6800221A737B6800229A607B6841
:1071C00003F5805300221A747B6803F58053002274
:1071D0005A827B6803F5805300229A827B6803F50C
:1071E00080531A46002393617B6803F50053002205
:1071F00083F821207B6803F50053002283F82220C6
:107200007B6803F50053002283F823207B6803F595
:10721000005300229A777B6803F500530022DA7747
:107220007B6803F50053002283F820207B6803F578
:1072300080530022DA817B6803F5005300229A8391
:107240007B6803F500531A463B6853620023FB60DA
:1072500008E07A68FB6813440D3300221A70FB685B
:107260000133FB60FB68B3F5805FF2D30023BB60A2
:107270000AE07A68BB68134403F580531C3300228C
:107280001A70BB680133BB60BB68B3F5805FF0D395
:1072900000BF00BF1437BD465DF8047B7047000097
:1072A00090B589B000AFF8607A603B600B46FB7226
:1072B000FB683A689A60FB7A002B2ED07B681B78BB
:1072C0001B09DBB2032B27D801A252F823F000BF21
:1072D000E1720008EF720008FD7200080B730008ED
:1072E000FB7A7A681946F868FFF7CDFD15E0FB7A5E
:1072F0007A681946F868FFF7FAFD0EE0FB7A7A68BB
:107300001946F868FFF74EFE07E0FB7A7A681946DF
:10731000F868FFF7CCFE00E000BFFB681B7B012B89
:107320001BD107F1140207F11F031946F86800F09A
:1073300019F8FA7FFB6803F500535C6A104607F002
:10734000F9F80346E360FB6803F500535B6A07F155
:10735000140211461846FAF737FD00BF2437BD4620
:1073600090BD00BF80B487B000AFF860B9607A60AC
:107370000023FB75FB681B7B002B1FD0FB6803F50C
:1073800000539B7F43F03003DAB27B681A707B684E
:107390000133FA6802F50052D27F1A707B6802331B
:1073A000FA6802F5005292F820201A70BB68032296
:1073B0001A700123FB75FB6800221A73FB7D1846C7
:1073C0001C37BD465DF8047B704780B586B000AFC2
:1073D000F860B9607A603B600023FB75FB6803F5D9
:1073E00080531B7C012B40F01381FB6803F5005395
:1073F00093F82330BB75BB7DF02B01D90123BB75FE
:10740000FB6803F580539B693A68D21ABB7D9A42A8
:10741000C0F0FE80FB6803F580535B8A002B6AD1C5
:10742000FB6803F580539B8A072B2FD8FB6803F575
:1074300080539B8ADAB27B681A707B68581CFB68A1
:1074400003F580531C33FA6802F58052928A19467C
:1074500007F09AF8FB6803F580539B8ADBB201338F
:10746000DAB2BB681A70FB6803F580539A8AFB682E
:1074700003F580535A82FB6803F5005301229A8377
:10748000FB6803F5805303221A74B9E0FB6803F527
:1074900080539B8A1B0A9BB25BB203F00F035BB263
:1074A00043F010035BB2DAB27B681A70FB6803F535
:1074B00080539A8A7B680133D2B21A707B68981C19
:1074C000FB6803F580531C330622194607F05CF86D
:1074D000BB6808221A70FB6803F5805306225A82A3
:1074E000FB6803F5005301229A83FB6803F5805380
:1074F00002221A7484E0FB6803F580539A8AFB68C1
:1075000003F580535B8AD31ABB82FB6803F50053F3
:107510009B8B5BB203F00F035BB243F020035BB2C3
:10752000DAB27B681A70BB8A072B39D97B68581C82
:10753000FB6803F580535B8A03F580531833FA68C0
:10754000134404330722194607F01EF8BB680822CB
:107550001A70FB6803F580535B8A07339AB2FB68A5
:1075600003F580535A82FB6803F5005393F82230E9
:10757000002B3BD0FB6803F500539B8BFA6802F5A8
:10758000005292F8222093FBF2F101FB02F29B1AC7
:10759000002B2BD1FB6803F5805302221A7425E0DF
:1075A0007B68581CFB6803F580535B8A03F58053A6
:1075B0001833FA6813440433BA8A194606F0E4FF14
:1075C000BB8ADBB20133DAB2BB681A70FB6803F521
:1075D00080535A8ABB8A13449AB2FB6803F58053DE
:1075E0005A82FB6803F5805303221A74FB6803F583
:1075F00000539B8B01339AB2FB6803F500539A83C7
:107600000123FB75FB6803F580531A463B689361C1
:10761000FB7D18461837BD4680BD000080B584B09C
:1076200000AF786039607B681B78012B0DD17B68D7
:107630009B683A68D31AFB60FB68064A934204DDF4
:10764000032201217868FFF7FEFB0023184610375C
:10765000BD4680BD400D030080B598B000AFF86016
:10766000B9607A60002387F85F30FB6803F58053C8
:107670001B7C012B05D0FB6803F580531B7C022B80
:107680000FD1FB6803F580539B69BA68D31ABB65B9
:10769000BB6D1E4A934204D902220221F868FFF70B
:1076A000D2FB07F1140207F15701BB68F868FFF736
:1076B0008CFE0346002B14D097F85730184606F07E
:1076C00039FF02467B68DA6002E0012006F0AAFF7B
:1076D00007F1140319467868FAF776FB0346002B86
:1076E000F3D1FB6803F580531B7C032B07D10123E7
:1076F00087F85F30FB6803F5805300221A7497F80F
:107700005F3018466037BD4680BD00BF400D0300A6
:1077100080B584B000AF786039600123FB737B686B
:1077200003F580539B8AB3F5805F21D87B6803F50E
:1077300080531B7C002B04D0012202217868FFF7C4
:1077400082FB7B6803F5805300225A827B6803F535
:10775000005300229A837B6803F580531A463B68E6
:1077600093617B6803F5805301221A740023FB7335
:10777000FB7B18461037BD4680BD80B485B000AF96
:10778000F860B9607A60FB70BB687F221A70BB68D2
:107790000133FA6812781A70BB680233FA781A70EB
:1077A0007B6803221A8000BF1437BD465DF8047B56
:1077B0007047000080B586B000AFF8607A603B602B
:1077C0000B467B817B89022B06D012233A687968AD
:1077D000F868FFF7D2FF5AE2FB681B784033DAB251
:1077E0007B681A70FB685A1C7B68013312781A7028
:1077F000FB6801331B78802B00F2428201A252F811
:1078000023F000BF097A0008317A0008817C000863
:10781000817C0008757A0008857A0008817C000860
:10782000817C0008817C0008817C0008817C000844
:10783000817C0008957A0008C17A0008817C0008E4
:10784000817C0008817C0008DB7A0008817C0008CC
:10785000817C0008817C0008817C0008817C000814
:10786000817C0008817C0008817C0008817C000804
:10787000817C0008817C0008817C0008817C0008F4
:10788000EB7A0008217B0008497B0008817C000816
:10789000817C0008817C0008817C0008817C0008D4
:1078A000817C0008817C0008817C0008817C0008C4
:1078B000817C0008817C0008817C0008817C0008B4
:1078C000817C0008617B0008717B0008817C0008D6
:1078D000817C0008817C0008817C0008817C000894
:1078E000817C0008817C0008817C0008817C000884
:1078F000817C0008817C0008817C0008817C000874
:10790000817C0008897B0008B17B0008D97B0008D6
:10791000817C0008817C0008817C0008F17B0008E4
:10792000817C0008817C0008817C0008817C000843
:10793000817C0008817C0008017C0008197C00081B
:10794000817C0008817C0008817C0008817C000823
:10795000817C0008817C0008817C0008817C000813
:10796000817C0008817C0008817C0008817C000803
:10797000817C0008817C0008817C0008817C0008F3
:10798000817C0008317C0008817C0008817C000833
:10799000817C0008817C0008817C0008817C0008D3
:1079A000817C0008817C0008817C0008817C0008C3
:1079B000817C0008817C0008817C0008817C0008B3
:1079C000817C0008817C0008817C0008817C0008A3
:1079D000817C0008817C0008817C0008817C000893
:1079E000817C0008817C0008817C0008817C000883
:1079F000817C0008817C0008817C0008817C000873
:107A0000817C0008597C00083B6806221A807B684C
:107A1000023398221A707B68033318221A707B682D
:107A2000043380221A707B68053303221A702EE11A
:107A300007F114031846FFF701F90346002B01D0A4
:107A400000237B613B6806221A807B69DAB27B687F
:107A5000023302F07F02D2B21A707B680333002235
:107A60001A707B68043300221A707B680533002289
:107A70001A700CE13B6803221A807B6802334C22A7
:107A80001A7004E13B6803221A807B680233742277
:107A90001A70FCE03B6804221A807F4B9B889BB2E3
:107AA000DB001A127B680233D2B21A707A4B9B88C1
:107AB0009BB2DAB27B680333D200D2B21A70E6E02E
:107AC0003B6803221A80744B9B8A9BB21B0A9AB2B2
:107AD0007B680233D2B21A70D9E03B6803221A8065
:107AE0007B68023300221A70D1E03B6804221A80BE
:107AF00018F0F4FD0346694AA2FB03239B091A0A06
:107B00007B680233D2B21A7018F0E8FD0346634A6C
:107B1000A2FB03239A097B680333D2B21A70B6E042
:107B20003B6806221A807B68023380221A707B68C9
:107B3000033301221A707B68043380221A707B6839
:107B4000053301221A70A2E03B6804221A807B6888
:107B5000023300221A707B68033300221A7096E009
:107B60003B6803221A807B68023300221A708EE081
:107B70003B6804221A807B68023300221A707B68FB
:107B8000033300221A7082E03B6806221A807B6869
:107B90000233A4221A707B6803330C221A707B68AC
:107BA000043300221A707B68053301221A706EE0DC
:107BB0003B6806221A807B68023300221A707B68B9
:107BC000033300221A707B68043300221A707B682A
:107BD000053300221A705AE03B6804221A807B6841
:107BE000023335221A707B680333BF221A704EE0CD
:107BF0003B6803221A807B68023351221A7046E0E8
:107C00003B6804221A807B68023300221A707B686A
:107C1000033300221A703AE03B6804221A807B6822
:107C2000023300221A707B68033300221A702EE0A0
:107C30003B6806221A807B68023300221A707B6838
:107C4000033300221A707B68043300221A707B68A9
:107C5000053301221A701AE03B6806221A807B68FD
:107C6000023300221A707B68033300221A707B688B
:107C7000043300221A707B68053300221A7006E074
:107C800012233A687968F868FFF777FD00BF00BFF4
:107C90001837BD4680BD00BF6C000320D34D621075
:107CA00080B588B000AFF8607A603B600B467B819E
:107CB0007B89012B06D012233A687968F868FFF7B0
:107CC0005CFD4DE007F118031846FEF7B7FF0346C9
:107CD000002B06D010233A687968F868FFF74DFD4D
:107CE0003EE0BB6901339BB25B009AB23B681A80ED
:107CF000FB681B784033DAB27B681A70BA697B681C
:107D00000133D2B21A7026E0FB8B07F11402114640
:107D10001846FEF730FF0346002B07D010233A68C1
:107D20007968F868FFF729FD00BF19E07B69190E33
:107D3000FB8B01335B007A681344CAB21A707B690B
:107D4000190CFB8B5B0003337A681344CAB21A70B8
:107D5000FB8B0133FB83FA8BBB69DBB29A42D3D333
:107D600000BF2037BD4680BD80B584B000AFF8604D
:107D70007A603B600B467B817B89012B06D0122306
:107D80003A687968F868FFF7F8FC14E0FEF7CFFE70
:107D90000346002B06D010233A687968F868FFF78D
:107DA000ECFC08E0FB681B784033DAB27B681A70A1
:107DB0003B6801221A8000BF1037BD4680BD00001D
:107DC000B0B586B000AFF8607A603B600B467B814F
:107DD0007B89022B06D012233A687968F868FFF78E
:107DE000CCFCD7E0FB681B784033DAB27B681A70B2
:107DF000FB685A1C7B68013312781A70FB680133E8
:107E00001B780A2B00F2BE8001A252F823F000BFBB
:107E10003D7E0008857F0008657E0008857F00089C
:107E2000FB7E0008857F00081F7F0008857F000813
:107E3000857F0008857F00084F7F00087B6802333C
:107E400054221A707B68033340221A707B68043313
:107E500000221A707B68053300221A703B680622E4
:107E60001A8097E07B68023301221A703B68142263
:107E70001A800023FB827B68033319460120FEF73A
:107E8000CBFF03461A46FB8A1343FB827B6807330A
:107E900019460220FEF7C0FF03461A46FB8A134329
:107EA000FB827B680B3319460320FEF7B5FF0346C0
:107EB0001A46FB8A1343FB827B680F331946042062
:107EC000FEF7AAFF03461A46FB8A1343FB827B6830
:107ED000133319460520FEF79FFF03461A46FB8A17
:107EE0001343FB82FB8A002B53D07B6803331122A0
:107EF000002118461BF007FC4BE07B68023301228F
:107F00001A707B680333254A1C4615460FCD206046
:107F10006160A260E3603B6813221A803AE07B68EC
:107F2000023301221A707B68033312221A707B68B5
:107F3000043334221A707B68053356221A707B682A
:107F4000063378221A703B6807221A8022E07B6889
:107F5000023301221A707B68033314220021184671
:107F600006F0F4FA7B6803330D4A1D4614460FCC25
:107F700028606960AA60EB6023882B823B68172227
:107F80001A8007E012233A687968F868FFF7F5FB72
:107F900000E000BF00BF1837BD46B0BD445B02081B
:107FA000545B020880B584B000AFF8607A603B6033
:107FB0000B467B81FB681B78013B092B32D801A261
:107FC00052F823F0ED7F000825800008FB7F0008B1
:107FD000098000082580000825800008FB7F000834
:107FE0002580000817800008FB7F000879893B681E
:107FF0007A68F868FFF7DEFB24E079893B687A68E5
:10800000F868FFF74DFE1DE079893B687A68F868EB
:10801000FFF7AAFE16E079893B687A68F868FFF7EF
:10802000CFFE0FE07B687F221A707B680133FA680D
:1080300012781A707B68023311221A703B6803228F
:108040001A8000BF002318461037BD4680BD00BF10
:1080500080B582B002AF0A4B00930A4B0022012187
:108060000A2017F09FFB0346074A136007490120C7
:1080700016F019FF0346064A136000BFBD4680BDD7
:10808000FC35032020360320A4350320AC35032023
:10809000A835032080B584B000AF0346FB71394B8F
:1080A0001B68002B69D0384B1B78FA799A4260D054
:1080B0000A23FB73FB79013B052B44D801A252F83C
:1080C00023F000BFFB800008DD800008E38000088B
:1080D000E9800008EF800008F58000080423FB73A6
:1080E00034E00523FB7331E00123FB732EE0002312
:1080F000FB732BE00623FB7328E0234B1B78023B2A
:10810000042B1CD801A252F823F000BF21810008E3
:10811000278100082D81000833810008398100087B
:108120000723FB730EE00823FB730BE00323FB73B1
:1081300008E00223FB7305E00923FB7302E00B2335
:10814000FB7300BF02E00B23FB7300BFFB7B0A2B1A
:108150000FD00C4B1B68184617F0B4FB0346002BDE
:1081600007D0084B186807F10F010023012217F010
:10817000E9FB054AFB79137000E000BF1037BD46EC
:1081800080BD00BFA43503202A36032080B582B00D
:1081900000AF00BF144B1B684FF0FF31184617F0BB
:1081A0009AF80346012BF5D1104B1B68184617F0BF
:1081B000B3FB0346002B08D00C4B1868F91D4FF099
:1081C000FF33012217F0E9FC01E00A23FB71064BA3
:1081D000186800230022002116F080FEFB79184663
:1081E0000837BD4680BD00BFA8350320A435032055
:1081F00080B58AB000AF3B1D184608F0B9FFFB6997
:1082000003F48013002B01D0012300E00223184661
:108210002837BD4680BD80B588B000AF78600023A8
:10822000FB610223FB607B683B6100237B61802351
:10823000BB6107F11C0207F10C031146184608F058
:10824000BFFE034618462037BD4680BD80B485B0CA
:1082500000AF786039600123FB733A687B689A420B
:1082600002D80023FB7314E07B68B3F1006F03D3E3
:108270007B680B4A934202D90023FB7309E03B68F9
:10828000B3F1006F03D93B68064A934201D900233A
:10829000FB73FB7B18461437BD465DF8047B7047C3
:1082A000FFFF03080000040880B485B000AF7860C9
:1082B00039600023FB733A687B689A4202D8002336
:1082C000FB7309E07B68B3F1005F05D33B68064AA6
:1082D000934201D80123FB73FB7B18461437BD463C
:1082E0005DF8047B704700BF0000042080B485B0B7
:1082F00000AF786039600023FB733A687B689A426C
:1083000002D80023FB7341E07B68B3F1005F06D322
:108310003B68224A934202D80123FB7336E07B6814
:108320001F4A934206D93B681E4A934202D8012352
:10833000FB732BE07B681C4A934206D93B681B4ABF
:10834000934202D80123FB7320E07B68184A9342D2
:1083500006D93B68174A934202D80123FB7315E004
:108360007B68B3F1006F11D33B68134A93420DD879
:10837000124B1B88B3F5007F02D10123FB7305E08C
:108380003B680F4A934201D80123FB73FB7B1846DD
:108390001437BD465DF8047B704700BF0000042021
:1083A000FFFFF90B0002FA0BFFFFF80B0080F90B3F
:1083B0003F2002404021024000000808E005FA0B7F
:1083C0000000040880B58AB000AF3B1D184608F0D5
:1083D000CFFE7B69AA2B01D1002300E001231846C0
:1083E0002837BD4680BD000080B58AB000AF0023AD
:1083F00087F827303B46184608F0BAFE97F8273032
:10840000002B04D1BB6903F08063002B53D00821FB
:108410002E4809F015FC0346002B03D1012387F8F1
:10842000273048E004233B604FF4C0437B61BB69C5
:1084300043F00063BB61BB6923F08063BB6172B62C
:1084400000BF08F0B9FC03461A4697F827301343DB
:1084500087F8273008F0ECFC03461A4697F82730D7
:10846000134387F827303B46184608F019FE0346A9
:108470001A4697F82730134387F8273008F012FD83
:1084800003461A4697F82730134387F8273008F039
:10849000F1FC03461A4697F82730134387F8273034
:1084A00008F0ACFC03461A4697F82730134387F8C8
:1084B000273062B600BF97F82730002B01D1002388
:1084C00000E0012318462837BD4680BD001C02424B
:1084D00080B58AB000AF002387F8273072B600BF9E
:1084E0003B46184608F044FE04233B604FF400531B
:1084F0007B61BB6943F08063BB6108F05DFC0346B0
:108500001A4697F82730134387F8273097F8273013
:10851000002B37D108F08CFC03461A4697F8273019
:10852000134387F8273097F82730002B2AD13B4692
:10853000184608F0B5FD03461A4697F8273013434E
:1085400087F8273097F82730002B09D108F0AAFCCC
:1085500003461A4697F82730134387F8273011E06F
:1085600008F088FC03461A4697F82730134387F82B
:10857000273008F043FC03461A4697F82730134388
:1085800087F8273062B600BF012318462837BD465A
:1085900080BD80B58AB000AF002387F8273008F08F
:1085A0000BFC034687F8273008F042FC03461A46C6
:1085B00097F82730134387F827303B46184608F0D2
:1085C000D7FD04233B604FF480737B61BB6903F4E8
:1085D0008013002B02D00023BB6102E04FF4801314
:1085E000BB6197F82730002B17D13B46184608F09F
:1085F00057FD03461A4697F82730134387F827306C
:1086000097F82730002B08D108F04CFC03461A4697
:1086100097F82730134387F8273008F02BFC0346E0
:108620001A4697F82730134387F8273008F0E6FBFF
:1086300003461A4697F82730134387F8273097F8F0
:108640002730002B01D1002300E0012318462837F2
:10865000BD4680BD80B582B000AF08F0ADFB0346DB
:10866000FB71FFF7C5FD03461846FFF7D4FD03462F
:108670001A46FB791343FB7108F0C0FB03461A4608
:10868000FB791343FB71FB79002B01D1002300E040
:10869000012318460837BD4680BD000080B584B070
:1086A00000AF1D4B7B601D4B3B6008F085FB034614
:1086B000FB737B68BB6019E0BB68D3E90023B3F1AF
:1086C000FF3F08BFB2F1FF3F0DD0BB6803F580212B
:1086D000BB68D3E90023084600F057F803461A4662
:1086E000FB7B1343FB73BB680833BB60BA683B6812
:1086F0009A42E1D308F082FB03461A46FB7B134300
:10870000FB73FB7B002B01D1002300E00123184603
:108710001037BD4680BD00BF00E00308000004081C
:1087200080B586B000AF00233B6108F045FB0346EF
:10873000FB7502233B60FFF75BFD0346012B01D174
:10874000022300E001237B607C23BB600423FB60E9
:1087500007F110023B461146184608F031FC03466B
:108760001A46FB7D1343FB7508F048FB03461A4687
:10877000FB7D1343FB75FB7D002B01D1002300E043
:10878000012318461837BD4680BD80B586B000AFBE
:10879000F860C7E90023D7E90023F968012008F051
:1087A000C9FA0346FB75FB7D002B01D1002300E0D5
:1087B000012318461837BD4680BD000080B586B03D
:1087C00000AFF860B9607A60414B1B68002B78D02D
:1087D000FB685B68002B77D1FB689B69002B73D12A
:1087E000FB689B68002B6FD1FB68DB68082B6BD89C
:1087F000FB681B68374A12781146374A32F8112055
:108800001340344A12781146344A32F81110314A72
:1088100012781046304A32F810200A4092B2934241
:1088200051D100BF2A4B1B684FF0FF31184616F09C
:1088300052FD0346012BF5D1294B93F8D030DBB222
:108840001B01274A13447B61FB681A687B691A6025
:10885000FB68DB68DAB27B691A737B69181DFB68F9
:10886000DB681A46B96805F08FFE1D4B93F8D030CF
:10887000DBB2591C1B4B83FB01239A10CB17D21A76
:1088800013465B0013449B001344CA1AD2B2144B24
:1088900083F8D020124B93F8D130DBB20C2B08D8E0
:1088A0000F4B93F8D130DBB20133DAB20C4B83F8C3
:1088B000D120074B186800230022002116F00EFB80
:1088C00002E000BF00E000BF1837BD4680BD00BF1A
:1088D000343603202B360320389002081C900208FF
:1088E000B81A02204FECC44E80B584B002AF304BB2
:1088F0001B781A462F4B33F812303A461146184669
:1089000005F01CFC3A23FB70294B1B781A462A4BB6
:1089100033F812203B4604331946104605F00EFC8E
:108920000023FB71254BDB889BB20193022300934C
:108930001623F0220021002002F056FB1F4BDB889B
:108940009AB21E4B1B889BB21D4900910521052040
:1089500002F0FEFC194BDB889AB2184B1B8899B2C7
:108960003B4600930B4605215D2002F0F1FC154BC0
:108970001B78002B0CD0114B1B899AB20F4B1B8814
:108980009BB2114900910521B52002F0E1FC0BE0FA
:108990000A4BDB889AB2094B1B889BB20B490091AA
:1089A0000521B52002F0D4FC00BF0837BD4680BDCC
:1089B0002B3603201C90020838900208043703204D
:1089C000685B0208AD000320705B0208785B020858
:1089D00080B500AF0D4B002283F8D0200B4B002256
:1089E00083F8D1200A4B1B68002B06D109490120CE
:1089F00016F059FA0346064A136001F095FD064B3E
:108A000000221A60FFF770FF00BF80BDB81A022075
:108A100034360320383603202C36032080B58EB040
:108A200002AF78609A4B1B78002B3AD0994B1B68A9
:108A30000C2B11D8974B1B6802339BB21B0199B2C8
:108A4000954B1B899AB2944B1B889BB2934800901C
:108A5000092002F07DFC1CE0102002F059FA8D4B39
:108A600019688F4BA3FB01239A081346DB001344BC
:108A70005B00CA1A931C9BB21B0199B2864B1B89DF
:108A80009AB2854B1B889BB284480090092002F063
:108A90005FFC804B1B6801337E4A13607C4B0022D5
:108AA0001A70804B1B68184616F036FF034641F6D5
:108AB0004C52934200F279817B4B19687B4BA3FBAC
:108AC00001239A0813469B001344CA1A002A40F057
:108AD0006D8100BF764B1B684FF0FF31184616F0D2
:108AE000FAFB0346012BF5D1724B1B78002B00F0EB
:108AF0005481714B93F8D130DBB2002B00F04D81E3
:108B00006D4B93F8D030DBB20D336B4A92F8D12025
:108B1000D2B2991A694B83FB01239A10CB17D21A50
:108B200013465B0013449B001344CA1ABA62002325
:108B300087F82F3020E197F82F20BB6AD1185F4BC0
:108B4000A3FB01239A0813465B0013449B001344C4
:108B5000CB1A7B627B6A1B01574A13443B62514B21
:108B60001B68184616F0D8FE034641F64C52934255
:108B700003D9474B01221A7007E100233B773B6A78
:108B80001B689BB207F108021146184605F0D6FA99
:108B90002023FB72002387F82E3025E097F82E3033
:108BA0005B08DBB21A463B6A13441B791A4697F8F6
:108BB0002E300133002B03F00103B8BF5B429B0052
:108BC00042FA03F3DBB203F00F03D8B297F82E306A
:108BD000043307F108021344194605F02DFB97F8FA
:108BE0002E30013387F82E3097F82E203B6A1B7BFE
:108BF0005B009A42D2DB3B6A1B7B02335B00303363
:108C00003B44002203F8282C224B1B680C2B57D81E
:108C1000204B1B6802339BB21B0199B21E4BDB88B1
:108C20009AB21D4B1B8898B207F1080300930346C4
:108C3000092002F08DFB3B6A1B7BC3F10803002B6C
:108C400040F390803B6A1B7B1A4692001A44520004
:108C500013445B009BB2353398B20E4B1B68023352
:108C60009BB21B0199B23B6A1B7BC3F108039BB209
:108C70001A4692001A44520013445B009AB2064B03
:108C80001B889BB200930E2302F06EF96AE000BFCE
:108C9000303603202C36032004370320805B020883
:108CA000398EE338DC2C0320FC360320CDCCCCCC31
:108CB00034360320AD000320B81A02204FECC44E16
:108CC000102002F025F93B4B19683B4BA3FB012315
:108CD0009A081346DB0013445B00CA1A931C9BB22C
:108CE0001B0199B2354BDB889AB2344B1B8898B282
:108CF00007F1080300930346092002F029FB3B6AB1
:108D00001B7BC3F10803002B2CDD3B6A1B7B1A463F
:108D100092001A44520013445B009BB2353398B260
:108D2000244B1968244BA3FB01239A081346DB004C
:108D300013445B00CA1A931C9BB21B0199B23B6A95
:108D40001B7BC3F108039BB21A4692001A445200DF
:108D500013445B009AB2194B1B889BB200930E23FD
:108D600002F002F9134B1B680133124A136097F8A3
:108D70002F30013387F82F30114B93F8D130DBB20D
:108D800097F82F209A42FFF4D6AE0D4B002283F8BD
:108D9000D0200B4B002283F8D1200A4B1868002307
:108DA0000022002116F09AF800E000BF3037BD46DF
:108DB00080BD00BF2C360320398EE33804370320F2
:108DC000B81A02203436032080B500AF202002F00C
:108DD0007DF800BF80BD000080B582B000AF0346C3
:108DE000FB71FB79052B10D11D4B1B78002B03D198
:108DF0001B4B0C221A7005E0194B1B78013BDAB2B1
:108E0000174B1A70FFF770FD25E0FB79042B13D187
:108E1000134B1B7801331946124BA3FB01239A080D
:108E200013465B0013449B001344CA1AD2B20C4B86
:108E30001A70FFF759FD0EE0FB79062B0BD10A4B98
:108E40001B78002B0CBF01230023DBB21A46064B14
:108E50001A70FFF749FD012318460837BD4680BD4B
:108E60002B3603204FECC44EAD00032080B582B0FA
:108E700000AF0D4B1B687B6008E07B68D3F8A43023
:108E80003B6078681AF074FA3B687B607B68002B63
:108E9000F3D1064B00221A70034B00221A6000BF68
:108EA0000837BD4680BD00BFE0360320DD36032015
:108EB00080B588B000AF78604C4B1B68FB61002325
:108EC000BB6105E0FB69BB61FB69D3F8A430FB61C2
:108ED000FB69002B04D0FB691B687A689A42F1D8C1
:108EE000FB69002B06D0FB691B687A689A4201D1A6
:108EF000FB6976E03E4B1B78DBB2092B2FD93B4B4D
:108F00001B687B6100233B6105E07B693B617B69FA
:108F1000D3F8A4307B617B69D3F8A430002BF4D163
:108F20007B69002B11D07B691B687A689A420AD250
:108F300078691AF01DFA3B69002B06D03B690022C4
:108F4000C3F8A42001E000234BE0294B1B78DBB2DF
:108F5000013BDAB2264B1A70264B01221A70A82068
:108F60001AF0FEF90346FB60FB68002B04D1214B8D
:108F700001221A70002334E0FB687A681A60FB68EB
:108F8000043360220021184605F0E0FAFB686433E0
:108F900040220021184605F0D9FAFB68FA69C3F8A7
:108FA000A420BB69002B03D1104AFB68136003E0C7
:108FB000BB69FA68C3F8A420FB68D3F8A430FA6848
:108FC0009A4203D1FB680022C3F8A420084B1B7807
:108FD000DBB20133DAB2064B1A70074B01221A706A
:108FE000FB6818462037BD4680BD00BFE036032031
:108FF000DD360320DF360320DE36032080B586B061
:1090000000AF78601E4B1B687B6100233B6100232F
:10901000FB732CE07B691B6A7A689A4221D97B69D1
:10902000BB603B69002B05D17B69D3F8A430144A9F
:10903000136005E07B69D3F8A4203B69C3F8A42042
:109040007B69D3F8A4307B61B8681AF091F90D4BB5
:109050001B78DBB2013BDAB20A4B1A700123FB73B7
:1090600005E07B693B617B69D3F8A4307B617B6958
:10907000002BCFD1FB7B18461837BD4680BD00BF03
:10908000E0360320DD360320B0B586B000AFF860CF
:10909000B9607A60FB685B68002B40F09D80FB68DC
:1090A0009B69002B40F09880FB689B68002B40F088
:1090B0009380FB68DB68082B00F28E80484B1B68AE
:1090C000002B00F0888000BF454B1B684FF0FF313C
:1090D000184616F000F90346012BF5D1FB681B6812
:1090E0001846FFF7E5FE38613B69002B03D13D4B85
:1090F00001221A7067E03A693B6902F134041D1DD0
:109100000FCD0FC40FCD0FC495E80F0084E80F00FA
:109110003B69FA681C1D15460FCD0FC40FCD0FC457
:1091200095E8030084E803003B697A681A623B69AA
:1091300003F12C00FB68DB681A46B96805F024FAD5
:109140000023FB7533E0FB7D3A69134493F82C2030
:10915000FB7D39690B4493F85C305340DBB203F07C
:109160000F03002B08D0FB7D5B0001333A691833F5
:109170009B0013447A685A60FB7D3A69134493F864
:109180002C20FB7D39690B4493F85C305340DBB2F3
:1091900003F0F003002B07D0FB7D5B003A69183326
:1091A0009B0013447A685A60FB7D0133FB75FA7D9E
:1091B000FB68DB689A42C6D30B4B1B78DBB20133EA
:1091C000DAB2094B1A70064B1868002300220021FE
:1091D00015F084FE00E000BF1837BD46B0BD00BFEB
:1091E00088360320DF360320DC36032080B582B0CA
:1091F00002AF0F4B1B68002B06D10E49012015F062
:1092000052FE03460A4A136001F0A4F90A4B0122F8
:109210001A700A4BDB889AB2084B1B889BB208492C
:10922000009105212A2002F03FF800BFBD4680BD15
:10923000883603208C360320DE36032004370320D3
:10924000985B020890B58DB002AF7860002387F874
:109250002730764B1968764BA3FB01239A081346F7
:109260009B001344CA1A002A40F06881714B1B7896
:10927000DBB2002B07D1704B1B687A68D31AB3F5A9
:10928000FA7F40F2598100BF6C4B1B684FF0FF31F1
:10929000184616F020F80346012BF5D17B68B3F58C
:1092A000FA6F23D97B68A3F5FA631846FFF7A6FE89
:1092B0000346002B1AD0624B1B78DBB21B019BB21A
:1092C000193399B25E4B1B78DBB2C3F10A039BB230
:1092D0001B019AB25B4B1B889BB200931346E6229C
:1092E000052001F041FE584B01221A70574B1B68B4
:1092F0003B62554B1B78DBB2002B42D0524B002215
:109300001A70534B1B78DBB2002B37D04D4B1B89A7
:109310009AB24C4B1B889BB24E4900910521C82044
:1093200001F0C2FF4A4B00221A7027E03B6A1B681B
:109330009BB207F108021146184604F0FFFE002315
:10934000FB7297F827309BB21B019BB2193399B27D
:109350003C4BDB889AB23B4B1B8898B207F1080361
:1093600000930346072001F09FFF3B6AD3F8A43027
:109370003B6297F82730013387F827303B6A002B90
:10938000D4D1324B1B683B62002387F82730C2E000
:109390000023FB7783E0FB7F5B08DBB21A463B6A66
:1093A000134493F82C301A46FB7F0133002B03F053
:1093B0000103B8BF5B429B0042FA03F3DBB203F048
:1093C0000F03D8B2FB7F07F108021344194604F0DB
:1093D00033FFFB7F3A6A18339B0013445B687A685B
:1093E000D31AB3F5FA7F37D3FB7F9BB21A469200AC
:1093F0001A44520013449BB2333398B297F8273083
:109400009BB21B019BB2193399B20E4BDB889AB207
:109410000C4B1B889CB2FB7F28333B4413F8203C49
:109420000093234601F0D0FE36E000BFFC36032057
:10943000CDCCCCCCDC360320E436032088360320A8
:10944000DD36032004370320DE360320E036032018
:10945000DF360320A85B0208FB7F9BB21A4692000E
:109460001A44520013449BB2333398B297F8273012
:109470009BB21B019BB2193399B2324B1B899AB232
:10948000304B1B889CB2FB7F28333B4413F8203CB5
:109490000093234601F098FEFB7F0133FB77FA7FB0
:1094A0003B6A1B695B009A42FFF475AF3B6A1B691C
:1094B000082B27D03B6A1B699BB21A4692001A44BC
:1094C000520013445B009BB2333398B297F82730B5
:1094D0009BB21B019BB2193399B23B6A1B699BB2C9
:1094E0001A46D202D21A92001A44920013445B0028
:1094F0009BB2B0339AB2134B1B889BB200930E23DE
:1095000001F032FD3B6AD3F8A4303B6297F8273074
:10951000013387F827303B6A002B7FF439AF0A4BC1
:1095200000221A70094A7B681360094B18680023EF
:109530000022002115F0D2FC01F07EF800BF2C378C
:10954000BD4690BD04370320DC360320E4360320FB
:109550008836032080B500AFFFF788FC00BF80BDD0
:1095600090B585B002AF0023FB7130E01C4B1B7837
:10957000FA799A4214D0FB7902339BB21B0199B25B
:10958000184BDB889AB2174B1B8898B2FB79164CA4
:1095900054F8233000930346052001F085FE13E0C4
:1095A000FB7902339BB21B0199B20E4B1B889AB216
:1095B0000C4BDB8898B2FB790B4C54F823300093AA
:1095C0000346052001F070FEFB790133FB71FB7946
:1095D000022BCBD900BF00BF0C37BD4690BD00BFEA
:1095E000E836032004370320D800032080B500AFFD
:1095F00000F0B0FF0A4BDB889BB2094A128892B296
:1096000011461846FAF7BCFEFAF79AFF0346002BFC
:1096100001D0FCF77BF9034B00221A7000BF80BD1C
:1096200004370320EA36032080B582B000AF7860AB
:109630000B467B80FAF7A4FF642015F046FA7B887E
:1096400019467868FAF7B4FE17F048F8034618464A
:10965000FAF782FF044B9B8B9BB2DAB2034B1A7072
:1096600000BF0837BD4680BD6C000320E9360320EB
:1096700080B582B000AF0346FB71FB79032B14D099
:10968000032B19DC012B02D0022B07D014E00D4B69
:109690001B8819460C48FFF7C7FF0EE00B4B1B88D1
:1096A00019460B48FFF7C0FF07E00A4B1B88194615
:1096B0000948FFF7B9FF00E000BF00BF0837BD460B
:1096C00080BD00BF5C7E0208347902083079020850
:1096D0004C6C0208188C0208607E020880B586B0C7
:1096E00002AF7860FAF72CFF0346002B4DD03B4BBE
:1096F0001B78012B1CD1FFF779FF384B00221A7021
:10970000374BDB889AB2364B1B889BB235490091A8
:109710009021052001F0C8FD314BDB889AB2304B17
:109720001B889BB230490091A021052001F0BCFDAF
:109730002E4B1B889BB21A46642302FB03F32C4A70
:1097400082FB03121A44D212DB179B1A64339BB2BA
:109750009B009BB20133BB810023FB8105E078684D
:10976000FAF71AFFFB890133FB81FA89BB899A4218
:10977000F5D31E4B9B8B9BB2DBB21E4A12789342F1
:109780001AD00120FAF7FCFE16E0144B1B78002BD0
:1097900012D100F0DFFE124BDB889AB2104B1B880F
:1097A0009BB21549009105215A2001F07DFDFFF77C
:1097B000D7FE0A4B01221A70104B1968104BA3FBFD
:1097C00001239A0813469B001344CA1A002A01D1A8
:1097D00000F032FF00BF1037BD4680BDEA360320DF
:1097E00004370320CC5B0208E05B02086C00032016
:1097F00081000880E9360320045C0208FC3603205F
:10980000CDCCCCCC80B582B000AF0346FB71FAF76B
:1098100097FE0346002B34D1FB79052B11D11B4B4E
:109820001B78013319461A4BA3FB01235A08134630
:109830005B001344CA1AD2B2144B1A70FFF790FEA1
:109840001DE0FB79042B10D1104B1B78002B03D1AA
:109850000E4B02221A7005E00C4B1B78013BDAB26A
:109860000A4B1A70FFF77CFE09E0FB79062B06D144
:10987000064B1B780133DBB21846FFF7F9FE0123D4
:1098800000E0002318460837BD4680BDE8360320B7
:10989000ABAAAAAA80B582B000AF7860104B1B6853
:1098A000002B08D00E4B1B689B68002B03D00C4B81
:1098B0001B689B6898470A4A7B681360084B1B68C3
:1098C000002B08D0064B1B681B68002B03D0044BF1
:1098D0001B681B68984700BF0837BD4680BD00BFA6
:1098E000EC36032080B584B000AF0346FB71002343
:1098F000FB7328E097F90F30184A52F82320184BD1
:109900001B689A4219D197F90F2097F90730134431
:10991000991D144BA3FB01239A0813465B001344C3
:109920005B00CA1A1346BB7397F90E300B4A52F804
:1099300023301846FFF7AEFF08E097F90F30DBB28F
:109940000133DBB2FB73FB7B052BD3D9064B002223
:109950001A6000BF1037BD4680BD00BFF80003206D
:10996000EC360320ABAAAAAAFC36032080B500AFD0
:109970000120FFF7B7FF00BF80BD80B500AF4FF0FB
:10998000FF30FFF7AFFF00BF80BD000080B582B0A1
:1099900000AF786039603968786800F05DFD034891
:1099A000FFF778FF00BF0837BD4680BD10010320D8
:1099B00080B584B000AF78600123BB73FAF7C0FDB7
:1099C0000346002B07D0314B1B68314A934202D02B
:1099D0002F48FFF75FFF2F4B1B78002B07D02B4B37
:1099E0001B682D4A934202D02B48FFF753FFFEF726
:1099F000CDFB0346FB7322E0244B1B68002B0CD0ED
:109A0000224B1B68DB68002B07D0204B1B68DB68F0
:109A1000FA7B104698470346BB73BB7B012B0AD1E8
:109A2000FB7B012B02D1FFF7A1FF04E0FB7B002BA6
:109A300001D1FFF7A2FFFEF7A9FB0346FB73FB7BF7
:109A40000A2BD9D1154B1B78DBB2002B07D00F4B5B
:109A50001B681846FFF71EFF104B00221A700B4BB5
:109A60001B68002B09D0094B1B685B68002B04D0D6
:109A7000064B1B685B6878689847094B1B68013385
:109A8000074A136000BF1037BD4680BDEC36032087
:109A9000E4000320F13603203801032000370320BF
:109AA000FC36032080B584B000AFF860B9607A60FE
:109AB000094B1B68002B0BD0074B1B681B69002B45
:109AC00006D0054B1B681B697A68B968F868984727
:109AD00000BF1037BD4680BDEC36032080B582B094
:109AE00000AF78600B467B807B8819467868FFF76B
:109AF0009BFD00BF0837BD4680BD80B582B000AF7A
:109B00000346FB71FB791846FFF7B2FD00BF08372B
:109B1000BD4680BD80B400AF034B1B781846BD46E0
:109B20005DF8047B704700BFF136032090B585B027
:109B300002AF0446084611461A462346FB800346F8
:109B4000BB800B467B8013463B803C887A88B98873
:109B5000F888BB690093234600F04EFA00BF0C372B
:109B6000BD4690BD80B500AF00F0F4FC00BF80BDE5
:109B700090B58BB002AF7860514B1B78002B0ED1A3
:109B80004F4B01221A704F4BDB889AB24D4B1B880A
:109B90009BB24D49009145211B2001F085FB7B685C
:109BA00041F28832934278D9464B5B889BB23B8125
:109BB000444B5B889BB27B81424B9B889BB2BB81B1
:109BC000404B9B889BB2FB813E4BDB889BB23B8228
:109BD0003C4BDB889BB27B823A4B1B899BB2BB829E
:109BE00001F04AFC03461A46384BA3FB0213D11A74
:109BF00049080B4419090B46DB000B445B000B447E
:109C0000D31AFB7701F038FC03461A46304BA3FB0E
:109C10000213D9080B465B000B449B00D31ABB7799
:109C200001F02AFC03467B777A7F2A4BA3FB0213C1
:109C3000D11A49080B4499080B46DB005B1AD31A6A
:109C4000DBB25B0020333B4433F8183C7B83797FE5
:109C5000214BA3FB0123DA0813469B0013441A018E
:109C6000D21A8B1ADBB230337B76FB7F9BB21A465B
:109C7000520013449B009BB2053398B2BB7F9BB24A
:109C80001B019BB2053399B20E4B1B889CB27A8B99
:109C90007B7E0093234601F031FA104B1968104B7C
:109CA000A3FB01239A0813469B001344CA1A002AF7
:109CB00001D100F0C1FC00BF2437BD4690BD00BFFC
:109CC000F0360320043703200C5C0208CB6B28AF6E
:109CD000ABAAAAAA25499224B5814E1BFC360320C3
:109CE000CDCCCCCC80B582B000AF0346FB71FB7904
:109CF000062B01D100F0FEFB012318460837BD46B4
:109D000080BD000080B582B002AF00F023FC374B6D
:109D1000DB889AB2354B1B889BB2354900910521EF
:109D20005A2001F015FB314BDB889AB22F4B1B8870
:109D30009BB2304900911521072001F009FB2B4B04
:109D4000DB889AB2294B1B889BB22B4900912521B5
:109D5000072001F0FDFA254BDB889AB2234B1B88C4
:109D60009BB2264900913521072001F0F1FA1F4BE3
:109D7000DB889AB21D4B1B889BB22149009145217B
:109D8000072001F0E5FA194BDB889AB2174B1B88C4
:109D90009BB21C4900915521072001F0D9FA134BC1
:109DA000DB889AB2114B1B889BB217490091752131
:109DB000072001F0CDFA0D4BDB889AB20B4B1B88C4
:109DC0009BB2124900918521072001F0C1FA074B8F
:109DD000DB889AB2054B1B889BB20D490091A521E7
:109DE000072001F0B5FA00BFBD4680BD043703204F
:109DF000305C0208385C0208485C0208585C0208C3
:109E0000685C0208745C0208805C0208905C0208CE
:109E1000A05C020880B584B002AF78606D4B196811
:109E20006D4BA3FB01239A0813469B001344CA1AE7
:109E3000002A40F0CA80694BDB889AB2674B1B88C6
:109E400099B2674B5B6900930B4615218B2001F09B
:109E5000D3FA624BDB889AB2604B1B8899B2604B95
:109E60001B6900930B4625218B2001F0C5FA5C4B42
:109E7000DB69002B0ED0594B1B899AB2574B1B88BC
:109E800099B2574BDB6900930B4635218B2001F0CB
:109E9000B3FA0DE0514BDB889AB2504B1B8899B254
:109EA0004F4BDB6900930B4635218B2001F0A4FA60
:109EB0004B4B9B69002B0CD0484B1B899AB2474BEC
:109EC0001B889BB2474900914521752001F040FA5B
:109ED0000BE0424BDB889AB2404B1B889BB2424955
:109EE00000914521752001F033FA3D4B93F8203065
:109EF000DBB2002B0CD0394B1B899AB2374B1B8835
:109F00009BB23A4900915521752001F021FA0BE0EE
:109F1000324BDB889AB2314B1B889BB2344900919B
:109F20005521752001F014FA324B9B68002B0ED09E
:109F30002A4B1B899AB2294B1B8899B22D4B9B68DF
:109F400000930B4675218B2001F056FA0DE0234B50
:109F5000DB889AB2214B1B8899B2264B9B680093F1
:109F60000B4675218B2001F047FA224BDB68002B52
:109F70000ED01A4B1B899AB2184B1B8899B21D4BF5
:109F8000DB6800930B4685218B2001F035FA0DE04C
:109F9000124BDB889AB2114B1B8899B2154BDB68C8
:109FA00000930B4685218B2001F026FA0B4BDB88B2
:109FB0009AB20A4B1B8899B27B6800930B46A52185
:109FC0008B2001F019FA00F037FB00BF0837BD46BF
:109FD00080BD00BFFC360320CDCCCCCC04370320A1
:109FE00000000320B05C0208B45C0208B85C020800
:109FF000BC5C02089801032090B583B000AF044612
:10A00000084611461A462346FB800346BB800B4692
:10A010007B8013463B800E4AFB8813800D4ABB8829
:10A0200013800D4A7B8813800C4A3B8813807B8801
:10A030003A8802FB03F35B001A46B969084804F04A
:10A04000A3FA084B01221A7000BF0C37BD4690BD21
:10A05000F2360320F4360320F6360320F8360320C8
:10A060008C1B0220F136032080B582B002AF00F0D5
:10A0700071FA134BDB889AB2114B1B889BB21149C2
:10A08000009105214B2001F00FF90D4BDB889AB2AE
:10A090000B4B1B889BB20C49009125210A2001F033
:10A0A00003F9074B1B889AB2054BDB889BB2074923
:10A0B000009155210A2001F0F7F800BFBD4680BD90
:10A0C00004370320C05C0208CC5C0208F45C020880
:10A0D00090B585B002AF7860124B1B78002B0ED084
:10A0E000114B1888114B1988114B1A88114B1B887A
:10A0F000114C009400F0C1FF0A4B00221A700F4B64
:10A1000019680F4BA3FB01239A0813469B001344C5
:10A11000CA1A002A01D100F08FFA00BF0C37BD46E1
:10A1200090BD00BFF1360320F2360320F436032041
:10A13000F6360320F83603208C1B0220FC36032061
:10A14000CDCCCCCC80B483B000AF03463960FB806B
:10A150003B68002B57D0FB882E4AA2FB03235B09E8
:10A160009AB22D4BA3FB0213D9080B469B000B445C
:10A170005B00D31A9BB2DBB23033DAB23B681A70A1
:10A180003B681B78302B02D13B6820221A70FB8879
:10A19000214AA2FB0323DB089AB21F4BA3FB021345
:10A1A000D9080B469B000B445B00D31A9BB2DAB272
:10A1B0003B6801333032D2B21A703B681B78202BD7
:10A1C00008D13B6801331B78302B03D13B68013346
:10A1D00020221A70FA88104BA3FB0213D9080B46F1
:10A1E0009B000B445B00D31A9BB2DAB23B6802338C
:10A1F0003032D2B21A703B68033325221A703B68A2
:10A20000043300221A7000BF0C37BD465DF8047B92
:10A21000704700BF1F85EB51CDCCCCCC80B483B050
:10A2200000AF03463960FB803B68002B77D0B7F95D
:10A230000630002B03DD3B6852221A7006E03B68B3
:10A240004C221A70FB885B429BB2FB80B7F9063048
:10A25000364A82FB03125211DB17D31A1AB2344B5F
:10A2600083FB02139910D317C91A0B469B000B44AA
:10A270005B00D31A1BB2DAB23B6801333032D2B280
:10A280001A703B6801331B78302B03D13B680133D4
:10A2900020221A70B7F90630254A82FB0312921069
:10A2A000DB17D31A1AB2224B83FB02139910D31770
:10A2B000C91A0B469B000B445B00D31A1BB2DAB2DF
:10A2C0003B6802333032D2B21A703B6801331B78DC
:10A2D000202B08D13B6802331B78302B03D13B681D
:10A2E000023320221A70B7F90620114B83FB0213A8
:10A2F0009910D317C91A0B469B000B445B00D31A65
:10A300001BB2DAB23B6803333032D2B21A703B6808
:10A31000043325221A703B68053300221A7000BFEF
:10A320000C37BD465DF8047B704700BF1F85EB51BD
:10A330006766666680B400AF454B00221A80444BC6
:10A340004FF6FF721A81434B1B78072B6ED801A280
:10A3500052F823F075A3000875A300088FA3000826
:10A36000A9A30008C3A30008DDA3000813A40008E4
:10A3700005A40008364B4FF4F0725A80344B40F27B
:10A3800062429A80324B4FF4FD62DA805BE0304BE0
:10A3900042F20A125A802E4B43F2B2129A802C4B90
:10A3A00045F2DF22DA804EE0294B47F245125A800F
:10A3B000274B4BF2C7129A80254B4FF6C712DA8013
:10A3C00041E0234B49F22A025A80214B4EF22F02E0
:10A3D0009A801F4B4FF6B202DA8034E01C4B002209
:10A3E0001A811B4B4FF6FF721A80194B49F69242A5
:10A3F0005A80174B46F64D329A80154B44F208228C
:10A40000DA8020E0124B00221A81114B4FF6FF72C6
:10A410001A800F4B4FF4FD625A800D4B45F2DF223C
:10A420009A800B4B4FF6C712DA800CE0084B4FF4C2
:10A43000F0725A80064B40F262429A80044B4FF40D
:10A44000FD62DA8000BF00BFBD465DF8047B704747
:10A45000043703204C01032080B582B000AF786040
:10A4600039603968786800F0A7FB00F0B3FC01F0B0
:10A4700003F803461A46104B1A700F4B1B785BB259
:10A48000002B03DA0C4B01221A700CE00A4B1A78ED
:10A490000A4BA3FB021399080B469B000B44D31AEB
:10A4A000DAB2054B1A70FFF745FF00F053F800BF12
:10A4B0000837BD4680BD00BF4C010320CDCCCCCCBD
:10A4C00080B582B000AF0346FB71084B1B78FA7968
:10A4D0009A4207D0054AFB791370FFF72BFF044B14
:10A4E00001221A7000BF0837BD4680BD4C01032011
:10A4F0000037032080B500AF094B1A78094BA3FB46
:10A50000021399080B465B000B445B00D31ADBB2C5
:10A510000133DBB21846FFF7D3FF00BF80BD00BF99
:10A520004C010320ABAAAAAA80B582B002AF2020BA
:10A5300000F0CCFC064B1B889BB200934FF4A07339
:10A54000F0220021002000F00FFD00BFBD4680BDBD
:10A550000437032080B582B002AF0D4B1B889BB23D
:10A560000093D023F0220021002000F0FDFC084BD6
:10A57000DB889BB2019302230093C723F0220021C2
:10A58000002000F031FD00F005F800BFBD4680BDA1
:10A590000437032080B582B002AF1E4B1B889BB2EC
:10A5A00000932423F022CC21002000F0DDFC194B85
:10A5B0001B899BB2019302230093F023F022CC214C
:10A5C000002000F011FD134BDB889AB2114B1B8861
:10A5D0009BB211490091CE21022000F065FE0F4B85
:10A5E0004FF6FF721A800E4B4FF6FF721A800D4B1A
:10A5F0004FF6FF721A800C4BFF221A700B4BFF2292
:10A600001A700B4BFF221A700A4BFF221A7000BF00
:10A61000BD4680BD04370320085D02080E370320C5
:10A620001037032012370320143703201537032077
:10A63000163703201737032080B584B002AF3B469E
:10A6400000221A609A80A14B1B899AB2A04B1B88EA
:10A650009A4227D09D4B1B899AB29D4B1A809B4BE7
:10A660001B899BB21BB2A3F50063642202FB03F3B8
:10A67000984A82FB03121A449212DB17D31A1BB2B8
:10A680003A4611461846FFF7C9FD934B1B899AB20B
:10A69000914B1B8899B23B4600930B46DE2102206A
:10A6A00000F056FE894B1B889AB28C4B1B889A424D
:10A6B00025D0864B1B889AB2884B1A80834B1B8807
:10A6C0009BB21A46642302FB03F3854A82FB031202
:10A6D0001A44D212DB17D31A9BB23A4611461846D7
:10A6E000FFF730FD7C4B1B899AB27B4B1B8899B2DC
:10A6F0003B4600930B46DE21422000F029FE734BBF
:10A700009B889AB2774B1B889A4225D06F4B9B88C7
:10A710009AB2744B1A806D4B9B889BB21A46642385
:10A7200002FB03F36E4A82FB03121A44D212DB17B8
:10A73000D31A9BB23A4611461846FFF703FD664B03
:10A740001B899AB2644B1B8899B23B4600930B4617
:10A75000DE217A2000F0FCFD5C4B93F82030DAB269
:10A76000614B1B789A425CD0584B93F82030DAB298
:10A770005D4B1A70554B93F82030DBB2023B042B33
:10A7800039D801A252F823F09DA70008AFA700080E
:10A79000C1A70008D3A70008E5A700083B46534A15
:10A7A0001268114619800233120C1A702CE03B46D5
:10A7B0004F4A1268114619800233120C1A7023E0B6
:10A7C0003B464C4A1268114619800233120C1A702B
:10A7D0001AE03B46484A1268114619800233120CAF
:10A7E0001A7011E03B46454A12681146198002333F
:10A7F000120C1A7008E03B46414A12681146198053
:10A800000233120C1A7000BF334B1B899AB2324BC1
:10A810001B8899B23B4600930B46DE21AA2000F02C
:10A8200043FD2A4B1B8A9BB2364A1278934228D0AA
:10A83000264B1B8A9BB2DAB2324B1A70234B1B8A0F
:10A840009BB2002B08D03B462F4A12681146198054
:10A850000233120C1A7007E03B46294A126811466F
:10A8600019800233120C1A701B4B1B899AB21A4BB7
:10A870001B8899B23B4600930B46CE21D22000F0B4
:10A8800013FD124B1B8B9BB2DBB2204A1278934212
:10A8900068D00E4B1B8B9BB2DAB21C4B1A700B4B61
:10A8A0001B8B9BB2DBB2042B3DD0042B44DC022B70
:10A8B00002D0032B2ED03FE03B46154A12681146CA
:10A8C00019800233120C1A703FE000BF6C000320A5
:10A8D0000E370320010210800437032012370320B3
:10A8E000810008801037032017370320185D020805
:10A8F0001C5D0208205D0208245D0208285D020834
:10A900002C5D020814370320305D0208163703203F
:10A91000345D02083B46314A126811461980023301
:10A92000120C1A7011E03B462D4A1268114619802C
:10A930000233120C1A7008E03B462A4A126811468C
:10A9400019800233120C1A7000BF274B1B899AB270
:10A95000254B1B8899B23B4600930B46CE21B42071
:10A9600000F0A2FC214B9B8B9BB2DBB2204A1278F9
:10A9700093422FD01D4B9B8B9BB2DAB21C4B1A70AB
:10A980001A4B9B8B9BB2DBB2032B0ED0032B10DC3C
:10A99000012B02D0022B04D00BE03B46154A1A6073
:10A9A0000BE03B46144A1A6007E03B46134A1A6024
:10A9B00003E03B46124A1A6000BF0B4B1B899AB258
:10A9C000094B1B8899B23B4600930B46DE21C820F9
:10A9D00000F06AFC00BF0837BD4680BD385D020844
:10A9E0003C5D02082C5D0208043703206C00032044
:10A9F000153703204F4646004143430049474E0068
:10AA00003F3F3F0080B483B000AF786000BF0C3799
:10AA1000BD465DF8047B704780B400AF034B002255
:10AA20001A7000BFBD465DF8047B704718370320DD
:10AA300080B58AB000AF78605D4B9B78DBB2012BAC
:10AA400040F0B280002387F8273097F827305A1C4F
:10AA500087F8272028333B44752203F8202C554BD8
:10AA60001B8898B297F8273007F10802134419465B
:10AA700003F064FB0346DAB297F82730134487F8F3
:10AA800027304C4B9B8898B297F8273007F1080283
:10AA90001344194603F052FB0346DAB297F8273005
:10AAA000134487F82730434B1B8998B297F8273017
:10AAB00007F108021344194603F040FB0346DAB2DB
:10AAC00097F82730134487F827303A4B1B7BD8B2CE
:10AAD00097F8273007F108021344194603F08CFB5E
:10AAE0000346DAB297F82730134487F82730314B02
:10AAF000DB8B9BB2D8B297F8273007F108021344DA
:10AB0000194603F079FB0346DAB297F8273013446D
:10AB100087F82730274B1B8A9BB2D8B297F827308B
:10AB200007F108021344194603F086FB0346DAB224
:10AB300097F82730134487F827301E4B9B7DD8B2F7
:10AB400097F8273007F108021344194603F074FB05
:10AB50000346DAB297F82730134487F82730154BAD
:10AB60009B8B9BB2D8B297F8273007F108021344A9
:10AB7000194603F061FB0346DAB297F82730134415
:10AB800087F8273097F827305A1C87F82720283372
:10AB90003B440D2203F8202C97F8272007F10803E7
:10ABA0001146184603F0A8F900BF2837BD4680BDFE
:10ABB000980103206C00032080B483B000AF78605C
:10ABC0003960064A7B681360054A3B68136000BF22
:10ABD0000C37BD465DF8047B704700BF1C3703206F
:10ABE0002037032080B584B000AF78600E4B1B780F
:10ABF000DBB2012B02D1FAF7F9FF11E00023FB6071
:10AC00000A4B1B681B6807F10C021146184616F028
:10AC1000AFFDFB68002B03D0054B4FF080521A604C
:10AC200000BF1037BD4680BD6835032020370320A4
:10AC300004ED00E080B584B000AF78600B467B8007
:10AC400001224FF48051114807F012F8002204212C
:10AC50000E4807F00DF80E4B1B687A887968184685
:10AC60000BF03AFC0346FB73FB7B002B04D14FF047
:10AC7000FF31012016F082FB01220421034806F077
:10AC8000F7FFFB7B18461037BD4680BD000402422B
:10AC90001C37032080B584B000AF0346FB7100224F
:10ACA0004FF48051114806F0E3FF002204210F48C1
:10ACB00006F0DEFF0E4B1B68F91D012218460BF053
:10ACC0000BFC0346FB73FB7B002B04D14FF0FF31E1
:10ACD000012016F053FB01220421044806F0C8FFAE
:10ACE000FB7B18461037BD4680BD00BF0004024202
:10ACF0001C37032080B584B000AF78607B681B0EE2
:10AD0000DBB23B727B681B0CDBB27B727B681B0A7D
:10AD1000DBB2BB727B68DBB2FB7201224FF4805165
:10AD2000114806F0A5FF002204210F4806F0A0FFFD
:10AD30000E4B1B6807F10801042218460BF0CCFBF0
:10AD40000346FB73FB7B002B04D14FF0FF31012046
:10AD500016F014FB01220421034806F089FFFB7B57
:10AD600018461037BD4680BD000402421C37032040
:10AD700090B585B000AF0446084611461A462346F2
:10AD8000FB800346BB800B467B8013463B80FB88E1
:10AD90001B04F9887A880A44013A1343FB60BB8894
:10ADA0001B04B9883A880A44013A1343BB602A203D
:10ADB000FFF770FFF868FFF79DFF2B20FFF76AFF92
:10ADC000B868FFF797FF2C20FFF764FF00BF143728
:10ADD000BD4690BD80B588B000AF0123FB7700234E
:10ADE0003B7755233B764FF470437B614FF47043C0
:10ADF0003B614FF47843BB81334B7B6000233B8145
:10AE00004FF400533B804FF4FA7013F05EFE0120C4
:10AE1000FFF740FF322013F058FE1120FFF73AFFF2
:10AE2000322013F052FEFB7F002B02D02120FFF7CF
:10AE300031FF3620FFF72EFF07F11C0301211846D2
:10AE4000FFF7F8FE3A20FFF725FF07F1180301216D
:10AE50001846FFF7EFFE2A20FFF71CFF07F1140347
:10AE600004211846FFF7E6FE2B20FFF713FF07F13A
:10AE7000100304211846FFF7DDFE1320FFF70AFF39
:10AE80002920FFF707FFB020FFF704FF07F10C03AD
:10AE900002211846FFF7CEFE3320FFF7FBFE3B1DD5
:10AEA00006211846FFF7C6FE3720FFF7F3FE3B46A4
:10AEB00002211846FFF7BEFE2C20FFF7EBFE00BF75
:10AEC0002037BD4680BD00BF0020012080B584B082
:10AED00000AF0346FB800D4AFB8813800B4B1B8899
:10AEE0001B0A9BB2DBB23B73084B1B88DBB27B7344
:10AEF0003720FFF7CFFE07F10C0302211846FFF7BA
:10AF000099FE00BF1037BD4680BD00BF4E01032033
:10AF100080B582B000AF0346FB80114B1B881A46F8
:10AF2000FB881A440F4B83FB0213D911D317C91A9C
:10AF30000B469B000B449B01D11A8AB2084B1A8026
:10AF4000074B1B881F2B02D8054B20221A80044B6D
:10AF50001B881846FFF7BAFF00BF0837BD4680BD03
:10AF60004E0103206766666690B587B000AF044661
:10AF7000084611461A462346FB800346BB800B4613
:10AF80007B8013463B807B883A8802FB03F3FB609F
:10AF900000237B6107E013497B693A8D21F8132078
:10AFA0007B6901337B617B69FF2BF4D93B887A880D
:10AFB000B988F888FFF7DCFE00233B6108E04FF416
:10AFC00000710848FFF736FE3B6903F580733B616B
:10AFD0003A69FB689A42F2D300BF00BF1C37BD46F6
:10AFE00090BD00BF8C2B022090B585B002AF044607
:10AFF000084611461A462346FB800346BB800B4693
:10B000007B8013463B807A88FB88D31A9AB23C8BAC
:10B01000B988F888BB8B00932346FFF7A5FF3A88D1
:10B02000BB88D31A9CB23A8BB988F888BB8B009343
:10B030002346FFF799FF3A883B8BD31A99B27A8857
:10B04000FB88D31A9AB23C8BF888BB8B00932346BB
:10B05000FFF78AFF7A883B8BD31A98B23A88BB886D
:10B06000D31A9CB23A8BB988BB8B00932346FFF767
:10B070007BFF00BF0C37BD4690BD90B585B000AFDB
:10B080000446084611461A462346FB800346BB8009
:10B090000B467B8013463B807B883A8802FB03F398
:10B0A0005B00BB600023FB603B887A88B988F88826
:10B0B000FFF75EFE19E03A6AFB68D018BA68FB68D1
:10B0C000D31AB3F5803F06D2BB689AB2FB689BB235
:10B0D000D31A9BB201E04FF6FF731946FFF7AAFDA2
:10B0E000FB6803F57F43FF33FB60FA68BB689A4255
:10B0F000E1D300BF00BF1437BD4690BD90B587B007
:10B1000000AF0446084611461A462346FB80034614
:10B11000BB800B467B8013463B80294B1B6897F80E
:10B120002820203A520113443B61B988F888102343
:10B130001022FFF71DFE0023FB8235E0FB8A3A69EF
:10B1400013441B781B029BB2FA8A013239690A4404
:10B1500012781344FB810023BB821FE0FA89BB8A6B
:10B1600042FA03F303F00103002B0AD0FB8ADB0051
:10B1700003F10F02BB8AD31A12497A8821F81320EF
:10B1800009E0FB8ADB0003F10F02BB8AD31A0D49E9
:10B190003A8821F81320BB8A0133BB82BB8A0F2B6C
:10B1A000DCD9FB8A0233FB82FB8A1F2BC6D94FF402
:10B1B00000710448FFF73EFD00BF1C37BD4690BD3F
:10B1C000EC6902088C2B022090B587B000AF0446D2
:10B1D000084611461A462346FB800346BB800B46B1
:10B1E0007B8013463B802E4B1B6897F82820203A23
:10B1F000520113443B61B988F8880E230B22FFF7F4
:10B20000B7FD0023FB823EE0FB8A5B001A463B69E8
:10B2100013441B781B029BB2FA8A5200013239692F
:10B220000A4412781344FB810023BB8225E0FA898B
:10B23000BB8AC3F10F0342FA03F303F00103002BAF
:10B240000CD0FA8A13469B0013445B001A44BB8A55
:10B25000134414497A8821F813200BE0FA8A134624
:10B260009B0013445B001A44BB8A13440D493A887F
:10B2700021F81320BB8A0133BB82BB8A0A2BD6D9A3
:10B28000FB8A0133FB82FB8A0D2BBDD94FF49A71E7
:10B290000448FFF7CFFC00BF1C37BD4690BD00BF80
:10B2A000EC6902088C2B022090B587B002AF0446EF
:10B2B000084611461A462346FB800346BB800B46D0
:10B2C0007B8013463B800023FB81FB88BB8131E000
:10B2D000FB893A6A13441B780D2B05D0FB893A6A27
:10B2E00013441B780A2B07D1BB89FB80174BDA88E4
:10B2F000BB881344BB801AE0FB88E02B06D9BB89CE
:10B30000FB80124BDA88BB881344BB80FB893A6A06
:10B3100013441B783C887A88B988F88800932346C0
:10B32000FFF7ECFE094B9A88FB881344FB80FB89EE
:10B330000133FB81FB893A6A13441B78002BC7D188
:10B3400000BF00BF1437BD4690BD00BFEC690208C6
:10B3500090B587B002AF0446084611461A46234608
:10B36000FB800346BB800B467B8013463B8000235B
:10B37000FB81FB88BB8131E0FB893A6A13441B786F
:10B380000D2B05D0FB893A6A13441B780A2B07D191
:10B39000BB89FB80174BDA88BB881344BB801AE05B
:10B3A000FB88E02B06D9BB89FB80124BDA88BB886F
:10B3B0001344BB80FB893A6A13441B783C887A8823
:10B3C000B988F88800932346FFF7FEFE094B9A8858
:10B3D000FB881344FB80FB890133FB81FB893A6ABC
:10B3E00013441B78002BC7D100BF00BF1437BD46E4
:10B3F00090BD00BFEC69020890B589B002AF044669
:10B40000084611461A462346FB800346BB800B467E
:10B410007B8013463B8000233B7507F10C031946E4
:10B42000B86A02F039FE3C887A88B988F88807F152
:10B430000C0300932346FFF78BFF00BF1C37BD466C
:10B4400090BD000080B483B000AF7860044A7B6890
:10B45000136000BF0C37BD465DF8047B704700BF2A
:10B460002437032080B483B000AF786000BF0C376E
:10B47000BD465DF8047B704780B582B000AF064BD7
:10B480001B683A1D114618460AF016FE7B68DBB2AF
:10B4900018460837BD4680BD2437032080B582B0EA
:10B4A00000AF064B1B683A1D114618460AF004FE11
:10B4B0007B6818460837BD4680BD00BF243703208F
:10B4C00080B485B000AF78600B467B807B88002B12
:10B4D00012D00023FB810BE0FB897A681A440B4BE6
:10B4E0001968FB890B4412781A70FB890133FB81C0
:10B4F000FA897B889A42EFD3054B1B687A881A80B9
:10B5000000BF1437BD465DF8047B70473C3703200D
:10B510004037032080B483B000AF78600B46FB70E7
:10B520000C4B1B687F221A700A4B1B6801337A6828
:10B5300012781A70074B1B680233FA781A70064BA0
:10B540001B6803221A8000BF0C37BD465DF8047BE0
:10B55000704700BF3C3703204037032080B485B0DC
:10B5600000AF78600B467B807B681A78104B1B68B5
:10B570004032D2B21A700123FB810BE0FB897A685A
:10B580001A440B4B1968FB890B4412781A70FB891B
:10B590000133FB81FA897B889A42EFD3054B1B6804
:10B5A0007A881A8000BF1437BD465DF8047B704767
:10B5B0003C3703204037032080B400AF054B1B7F8E
:10B5C000022B0CBF01230023DBB21846BD465DF8F9
:10B5D000047B70474437032080B483B000AF7860A9
:10B5E0007B6800221A607B6800225A607B68002218
:10B5F0009A607B6800221A747B680022DA6000BFC0
:10B600000C37BD465DF8047B7047000080B584B000
:10B6100000AF0346FB710023FB730C4B1B78022B1E
:10B6200007D0FB79002B01D07E2300E07F23FB7342
:10B6300006E0FFF7C1FF0346012B01D03323FB7364
:10B64000FB7B18461037BD4680BD00BF4437032042
:10B6500080B582B000AF7860094B01221A70094BA7
:10B6600000225A73084B00221A700848FFF7B4FFF3
:10B67000034A7B68536000BF0837BD4680BD00BFEA
:10B68000443703202837032038370320503703205E
:10B6900080B584B000AF78600B467B805023BB81BF
:10B6A0007B88022B04D013217868FFF733FF75E005
:10B6B0007B6801331B7803F07F03032B1CD0032B23
:10B6C00062DC012B02D0022B3AD05DE0354B5B6887
:10B6D0001846FFF7BDFF7B6801331B787B737B68DF
:10B6E00001331B785BB2002B53DB07F10C03022103
:10B6F0001846FFF7E5FE4CE02B4B9B8A9BB2B3F557
:10B70000805F04D388217868FFF704FF43E0254B6E
:10B710005B681846FFF79CFF224B03221A707B6878
:10B7200001331B787B737B6801331B785BB2002B82
:10B7300031DB07F10C0302211846FFF7C1FE2AE0B6
:10B74000194B9B8A9BB2B3F5805F04D322217868A2
:10B75000FFF7E0FE21E0134B5B681846FFF778FF28
:10B76000104B02221A707B6801331B787B737B6855
:10B7700001331B785BB2002B0FDB07F10C030221B6
:10B780001846FFF79DFE08E012217868FFF7C2FE19
:10B7900004E000BF02E000BF00E000BF00BF1037C0
:10B7A000BD4680BD443703206C00032080B582B0C5
:10B7B00000AF78600B467B807B88022B04D013217E
:10B7C0007868FFF7A7FE23E0134B1B78012B04D109
:10B7D0007F217868FFF79EFE1AE07B6801331B78B3
:10B7E00003F07F03012B0DD17B8819467868FFF7A2
:10B7F000B5FE7B6801331B785BB2002B07DA03F0E0
:10B80000DAFD04E012217868FFF784FE00E000BF53
:10B8100000BF0837BD4680BD4437032080B582B0E5
:10B8200000AF78600B467B807B88042B04D013210B
:10B830007868FFF76FFE21E07B6801331B78FF2BF0
:10B8400009D17B6802331B78FF2B04D17B6803335B
:10B850001B78FF2B04D031217868FFF75BFE0DE0E9
:10B86000FBF765F90346002B04D072217868FFF7D7
:10B8700051FE03E001217868FFF770FE00BF083732
:10B88000BD4680BD80B586B000AF78600B467B803A
:10B890000023FB757B88022B04D813217868FFF7FF
:10B8A00039FEC7E0654B1B6859221A707B685A1C29
:10B8B000624B1B68013312781A70604B1B680233AD
:10B8C00004221A707B6801331B7803F07F03012B7D
:10B8D00002D0022B2ED099E07B88032B04D01321B9
:10B8E0007868FFF717FE96E0544B1B68033300227D
:10B8F0001A7007F108031846FBF7A0F90346002B5E
:10B9000004D072217868FFF705FE84E0BB681A0A4C
:10B910004A4B1B680433D2B21A70BA68474B1B6893
:10B920000533D2B21A70454B1B6806211846FFF743
:10B93000C7FD70E07B88032B04D013217868FFF7E4
:10B94000E9FD68E03D4B1B68033300221A7007F1E4
:10B9500008031846FBF772F90346002B04D0722146
:10B960007868FFF7D7FD56E000233B6135E007F12B
:10B970000C0319463869FBF7FEF80346002B02D08A
:10B980000123FB7526E0FB68190E2C4B1A683B69F6
:10B990009B0003331344CAB21A70FB68190C274B7F
:10B9A0001A683B6901339B001344CAB21A70FB68E2
:10B9B000190A224B1A683B699B0005331344CAB22B
:10B9C0001A70F9681D4B1A683B699B0006331344D3
:10B9D000CAB21A703B6901333B61BB683A699A424B
:10B9E000C5D3FB7D002B0CD1144B1A68BB689BB2EE
:10B9F0009B009BB203339BB219461046FFF760FDD4
:10BA000009E072217868FFF785FD04E0122178686B
:10BA1000FFF780FD00BF7B6801331B785BB2002B12
:10BA200008DA064B1B681B787F2B03D0044B1B687E
:10BA300000221A8000BF1837BD4680BD3C37032066
:10BA40004037032080B588B000AF78600B467B801C
:10BA50007B88012B04D813217868FFF75BFDA2E0F7
:10BA60007B6801331B7803F00F03042B04D01221F1
:10BA70007868FFF74FFD96E07B6801331B7803F091
:10BA8000F003402B04DD12217868FFF743FD8AE0C4
:10BA9000474B1B78012B04D17F217868FFF73AFDD3
:10BAA00081E00023FB617B6801331B781B09FB7479
:10BAB0007A88FB7C06339A4204D013217868FFF71A
:10BAC00029FD70E07B6802331B781A067B6803331C
:10BAD0001B781B041A447B6804331B781B02134435
:10BAE0007A68053212781344FB600023FB7614E079
:10BAF000FB7E06331A467B6813441B781946FA7C92
:10BB0000FB7E0133D31ADB0001FA03F31A46FB690B
:10BB10001343FB61FB7E0133FB76FA7EFB7C9A428A
:10BB2000E6D3FB6940F6FE72934204D9312178686E
:10BB3000FFF7F0FC37E0FA68FB6913441946F86830
:10BB4000FCF7D4FB0346002B29D0FB6940F6FE72BC
:10BB5000934224D87B681A78164B1B684032D2B2C5
:10BB60001A7000237B610EE0FA687B691344194662
:10BB7000104B1A687B69013313440A78D2B21A70E9
:10BB80007B6901337B617A69FB699A42ECD3FB697B
:10BB90009AB2094B1B68013292B21A8003E031213C
:10BBA0007868FFF7B7FC00BF2037BD4680BD00BFF7
:10BBB000443703203C3703204037032080B592B040
:10BBC00000AF78600B467B807B88032B04D0132169
:10BBD0007868FFF79FFC25E17B6801331B781B0227
:10BBE0009BB27A68023212781344A7F8423007F108
:10BBF0002C0300221A605A609A60DA601A610023EE
:10BC000087F847300023A7F84430B7F84230B3F53F
:10BC1000007F38D3B7F84230B3F5806F33D207F1E5
:10BC20002C02B7F8423011461846FBF7F5F80346E8
:10BC3000A7F84430B7F84430002B1AD17B681B7842
:10BC40004033DBB23B727B685B787B727B689B78AE
:10BC5000BB7207F12C0107F10803033304221846D5
:10BC600002F092FC07F1080307211846FFF728FCB1
:10BC7000D7E0B7F84430002B00F0D380312178684A
:10BC8000FFF748FCCDE0B7F84230A3F57143843BA1
:10BC90000C2B00F2A48001A252F823F0D1BC0008C2
:10BCA000DFBD0008FDBC00080BBD0008DFBD0008BB
:10BCB000DFBD0008DFBD0008DFBD000823BD0008B0
:10BCC000DFBD0008DFBD0008DFBD00083BBD000888
:10BCD00007F1080303330C225449184602F054FCC0
:10BCE0002023FB7507F10803103309225049184639
:10BCF00002F04AFC192387F8473074E04D4B1B785B
:10BD0000FB72042387F847306DE007F10803033323
:10BD100004224949184602F037FC072387F84730C8
:10BD200061E007F1080303330C224449184602F08E
:10BD30002BFC0F2387F8473055E007F12C031946F9
:10BD40000120FBF769F803461A46B7F8443013435D
:10BD5000A7F8443007F12C03043319460220FBF7FF
:10BD60005BF803461A46B7F844301343A7F844304B
:10BD700007F12C03083319460320FBF74DF803465F
:10BD80001A46B7F844301343A7F8443007F12C03A0
:10BD90000C3319460420FBF73FF803461A46B7F860
:10BDA00044301343A7F8443007F12C0310331946ED
:10BDB0000520FBF731F803461A46B7F84430134321
:10BDC000A7F8443007F12C0107F1080303331122CF
:10BDD000184602F0D9FB142387F8473003E0082304
:10BDE000A7F8443000BFB7F84430002B14D17B686B
:10BDF0001B784033DBB23B727B685B787B727B687D
:10BE00009B78BB7297F847309AB207F10803114646
:10BE10001846FFF755FB05E031217868FFF77AFBFC
:10BE200000E000BF00BF4837BD4680BD405D02084E
:10BE30004C5D020844370320585D02089005FA0B58
:10BE400080B582B000AF78600B467B8011217868A6
:10BE5000FFF760FB00BF0837BD4680BD80B584B0EA
:10BE600000AF78600B467B8067233B727B680133B1
:10BE70001B7803F07F03DBB27B720023BB720023CD
:10BE8000FB7200233B7300237B73FFF707FB034622
:10BE9000164AD360154BDA68154B5340134A1361A9
:10BEA000124BDB681B0EDBB2BB72104BDB681B0C4A
:10BEB000DBB2FB720D4BDB681B0ADBB23B730B4B37
:10BEC000DB68DBB27B73094B01221A777B68013395
:10BED0001B785BB2002B05DB07F10803062118462F
:10BEE000FFF7EEFA00BF1037BD4680BD4437032090
:10BEF0007856341280B584B000AF78600B467B80F2
:10BF000067233B727B6801331B7803F07F03DBB24E
:10BF10007B727B6802331B781A067B6803331B78BD
:10BF20001B041A447B6804331B781B0213447A6891
:10BF3000053212781344FB60234B9B69042B04D910
:10BF400036217868FFF7E6FA39E01F4B5A681E4B36
:10BF50005B69D31A092B04D837217868FFF7DAFA1E
:10BF60002DE0194B1B7F012B04D024217868FFF7AB
:10BF7000D1FA24E0144B1B69FA689A420FD1124B94
:10BF800002221A777B6801331B785BB2002B16DB29
:10BF900007F1080302211846FFF792FA0FE00A4B57
:10BFA00000221A77084B9B690133074A9361064BBD
:10BFB0005B68054A536135217868FFF7ABFA00BF2B
:10BFC0001037BD4680BD00BF4437032080B582B026
:10BFD00000AF78600B467B807B88012B04D813214F
:10BFE0007868FFF797FA22E07B6801331B7803F04B
:10BFF0007F03012B02D0022B06D013E07B88194669
:10C000007868FFF72BFF12E07B88062B04D0132102
:10C010007868FFF77FFA0AE07B8819467868FFF7AF
:10C0200069FF04E012217868FFF774FA00BF00BFCF
:10C030000837BD4680BD80B582B000AF78600B4642
:10C040007B8011217868FFF765FA00BF0837BD468D
:10C0500080BD80B582B000AF78600B467B80112137
:10C060007868FFF757FA00BF0837BD4680BD80B536
:10C0700082B000AF78600B467B8011217868FFF7B3
:10C0800049FA00BF0837BD4680BD80B582B000AF19
:10C0900078600B467B8011217868FFF73BFA00BF80
:10C0A0000837BD4680BD000080B586B000AF78601F
:10C0B0000B467B807B88022B04D813217868FFF71E
:10C0C00029FAECE07B6801331B781B029BB27A688B
:10C0D000023212781344BB820023FB82724B1B781E
:10C0E000022B04D07F217868FFF714FAD7E0BB8ACF
:10C0F0004FF28412934204D0BB8A4FF28C129342C7
:10C1000004D131217868FFF705FAC8E0BB8A4FF205
:10C110009012934202D07B88072B07D1BB8A4FF243
:10C120009012934207D17B88142B04D01321786896
:10C13000FFF7F0F9B3E0BB8A4FF2901293421AD0A6
:10C140007B6803331B781A067B6804331B781B0457
:10C150001A447B6805331B781B0213447A68063245
:10C16000127813443B61BB8A39691846FAF730FEEE
:10C170000346FB8277E07B6806331B781A067B68F0
:10C1800005331B781B041A447B6804331B781B029D
:10C1900013447A6803321278134419460120FAF7DF
:10C1A00017FE03461A46FB8A1343FB827B680A3359
:10C1B0001B781A067B6809331B781B041A447B68BA
:10C1C00008331B781B0213447A6807321278134431
:10C1D00019460220FAF7FCFD03461A46FB8A134370
:10C1E000FB827B680E331B781A067B680D331B7845
:10C1F0001B041A447B680C331B781B0213447A68B7
:10C200000B321278134419460320FAF7E1FD034676
:10C210001A46FB8A1343FB827B6812331B781A068B
:10C220007B6811331B781B041A447B6810331B781E
:10C230001B0213447A680F32127813441946042003
:10C24000FAF7C6FD03461A46FB8A1343FB827B6856
:10C2500013331B7819460520FAF7BAFD03461A4630
:10C26000FB8A1343FB82FB8A002B04D0722178687F
:10C27000FFF750F913E07B681B784033DBB23B7368
:10C280007B6801331B787B737B6802331B78BB733D
:10C2900007F10C0303211846FFF712F9FFE700BF6F
:10C2A0001837BD4680BD00BF4437032080B582B03B
:10C2B00000AF78600B467B8011217868FFF72AF980
:10C2C00000BF0837BD4680BD80B584B000AF786040
:10C2D0000B467B807B88042B04D013217868FFF702
:10C2E00019F927E07B6801331B78012B1DD1012050
:10C2F000FFF78CF90346FB73FB7B002B0FD1FCF798
:10C30000A9F90346002B04D072217868FFF702F9DF
:10C3100010E07B8819467868FFF720F90AE0FB7B7C
:10C3200019467868FFF7F6F804E012217868FFF7FD
:10C33000F1F800BF00BF1037BD4680BD80B584B0A6
:10C3400000AF78600B467B807B88042B04D01321E0
:10C350007868FFF7DFF830E07B6801331B78012B4A
:10C3600026D10120FFF752F90346FB73FB7B002B1C
:10C3700018D1144B5B7B042B0FD1FCF70AF9034651
:10C38000002B04D072217868FFF7C4F815E07B8891
:10C3900019467868FFF7E2F80FE022217868FFF786
:10C3A000B9F80AE0FB7B19467868FFF7B3F804E0B8
:10C3B00012217868FFF7AEF800BF00BF1037BD4606
:10C3C00080BD00BF2837032080B582B000AF786001
:10C3D0000B467B807B88042B04D013217868FFF701
:10C3E00099F81EE07B6801331B78012B02D0022BE9
:10C3F00009D011E00D4B01221A707B88194678682C
:10C40000FFF7ACF80DE0094B00221A707B88194643
:10C410007868FFF7A3F804E012217868FFF77AF84C
:10C4200000BF00BF0837BD4680BD00BF68000320C5
:10C4300080B584B000AF78600B467B807B88042B8E
:10C4400004D013217868FFF765F835E00020FFF786
:10C45000DDF80346BB73BB7B002B05D0BB7B1946C5
:10C460007868FFF757F827E00023FB737B680133F8
:10C470001B78012B1BD1FBF7A5FF0346002B04D132
:10C48000FCF726F80346FB7303E018F01DF803469B
:10C49000FB73FB7B002B04D072217868FFF73AF81E
:10C4A0000AE07B8819467868FFF758F804E0122103
:10C4B0007868FFF72FF800BF00BF1037BD4680BD7A
:10C4C00080B584B000AF78600B467B807B88042BFE
:10C4D00004D013217868FFF71DF827E00020FFF74C
:10C4E00095F80346FB73FB7B002B05D0FB7B1946BD
:10C4F0007868FFF70FF819E07B6801331B78012B90
:10C500000FD1FCF746F80346002B04D0722178685F
:10C51000FFF700F80AE07B8819467868FFF71EF8F5
:10C5200004E012217868FEF7F5FF00BF00BF103766
:10C53000BD4680BD80B586B000AF78600B467B807D
:10C540007B880B2B04D813217868FEF7E3FF76E095
:10C550007B6804331B781A067B6805331B781B0441
:10C560001A447B6806331B781B0213447A6807322F
:10C57000127813447B617B6808331B781A067B684A
:10C5800009331B781B041A447B680A331B781B028F
:10C5900013447A680B32127813443B617A693B6921
:10C5A0001344FB60F9687869FBF7A0FE0346002B93
:10C5B00004D131217868FEF7ADFF40E07B6939692D
:10C5C0001846F9F73BFAB8607B681A781E4B1B686F
:10C5D0004032D2B21A707B685A1C1B4B1B68013365
:10C5E00012781A707B689A1C174B1B6802331278FA
:10C5F0001A707B68DA1C144B1B68033312781A70AC
:10C60000BB681A0E104B1B680433D2B21A70BB6899
:10C610001A0C0D4B1B680533D2B21A70BB681A0A8C
:10C62000094B1B680633D2B21A70074B1B680733DD
:10C63000BA68D2B21A70054B1B6808221A8000BF74
:10C640001837BD4680BD00BF3C370320403703206C
:10C6500080B584B000AF78600B467B807B88082B68
:10C6600004D013217868FEF755FF36E07B6801336C
:10C670001B78012B2CD17B6807331B78042B04D04B
:10C6800031217868FEF746FF27E07B6804331B788A
:10C690001A067B6805331B781B041A437B68063334
:10C6A0001B781B0213437A68073212781343FB602E
:10C6B000F868FAF789FA0346002B04D10421786858
:10C6C000FEF74CFF09E072217868FEF723FF04E0D3
:10C6D00012217868FEF71EFF00BF00BF1037BD466D
:10C6E00080BD000080B584B000AF78600B467B80D1
:10C6F0000023FB817B88022B04D813217868FEF786
:10C7000009FF36E07B6801331B781B029BB27A6815
:10C71000023212781343FB81FA897B88033B9A42E9
:10C7200004D013217868FEF7F5FE22E0FB89B3F50B
:10C730005B6F02D8FB89012B04D831217868FEF7A2
:10C74000E9FE16E0F7F71CFFC82012F0BEF97B687F
:10C750000333FA8911461846FDF7C0F97B681A7849
:10C76000064B1B684032D2B21A70054B1B6801227F
:10C770001A8000BF1037BD4680BD00BF3C37032084
:10C780004037032090B589B002AF78600B467B80BC
:10C790000023FB750023BB7500233B610023FB6076
:10C7A0007B88042B04D813217868FEF7B3FE64E07D
:10C7B0007B6801331A78334BA3FB0213D9090B466C
:10C7C0001B015B1A1B01D31AFB757B6802331A78B5
:10C7D0002C4BA3FB0213D9090B461B015B1A1B014F
:10C7E000D31ABB757B6803331B783B617B680433CA
:10C7F0001B78FB603B69FA6802FB03F35B007A88F5
:10C80000053A934204D013217868FEF783FE34E0A2
:10C810003B69002B09D0FB68002B06D03B69FA6806
:10C8200002FB03F3B3F5614F04D931217868FEF7B9
:10C8300071FE22E0FDF76EF90346002B19D1FB7D56
:10C8400098B2BB7D99B23B699AB2FB689CB27B6897
:10C85000053300932346FDF769F97B681A780A4B84
:10C860001B684032D2B21A70084B1B6801221A8032
:10C8700003E021217868FEF74DFE00BF1C37BD465E
:10C8800090BD00BF898888883C370320403703204B
:10C8900080B584B000AF78600B467B80FEF78CFEDD
:10C8A0000346012B0FD17B680533FB60BFF34F8F2D
:10C8B00000BFBFF36F8F00BFFB6898470421786803
:10C8C000FEF74CFE03E033217868FEF723FE00BF3D
:10C8D0001037BD4680BD000080B586B000AF7860DF
:10C8E0000B467B80FEF768FE0346012B2BD17B882D
:10C8F000042B23D97B88B3F5805F1FD27B887A68AD
:10C90000134400221A707B681A1D07F108031146B0
:10C91000184617F050F807F108030F491846F3F7C7
:10C920008FFC0346002B04D104217868FEF716FE25
:10C930000EE031217868FEF7EDFD09E013217868FB
:10C94000FEF7E8FD04E033217868FEF7E3FDFFE73A
:10C9500000BF1837BD4680BD5490020880B582B034
:10C9600000AF78600B467B80FEF726FE0346012B66
:10C9700027D17B88042B1FD97B88B3F5805F1BD21E
:10C980007B887A68134400221A707B680433194646
:10C99000104817F010F810490E48F3F751FC034601
:10C9A000002B04D104217868FEF7D8FD0EE0312178
:10C9B0007868FEF7AFFD09E013217868FEF7AAFD5D
:10C9C00004E033217868FEF7A5FDFFE700BF0837D4
:10C9D000BD4680BD643703205490020880B584B002
:10C9E00000AF78600B467B807B88032B04D8132133
:10C9F0007868FEF78FFD27E10023FB737B68013326
:10CA00001B785BB2002B0ADA0123FB737B680133CE
:10CA10001A787B68013302F07F02D2B21A707B6809
:10CA200002331B781B027A680332127813434FF6E5
:10CA30000172934242D04FF60172934200F3EE80AE
:10CA400040F2112293422FDCB3F5007FC0F2E68062
:10CA5000A3F50073112B00F2E18001A252F823F03C
:10CA6000C9CA0008D5CA0008F5CA000815CB0008D5
:10CA700021CB00082BCB0008C9CB00081DCC000837
:10CA8000D5CB0008E1CB0008EDCB0008F9CB0008BE
:10CA90001DCC00081DCC00081DCC00081DCC0008D2
:10CAA00005CC000811CC0008B3F57F4F40F0B680EC
:10CAB0007B8819467868FFF707FCB4E07B88194645
:10CAC0007868FFF73BFCAEE07B8819467868FFF793
:10CAD0007BFCA8E0FBF724FE0346002B05D17B88F6
:10CAE00019467868FEF73AFD9DE072217868FEF7F6
:10CAF00011FD98E0FBF7D2FD0346002B05D17B88A2
:10CB000019467868FEF72AFD8DE072217868FEF7F5
:10CB100001FD88E07B8819467868FEF71FFD82E0FA
:10CB200004217868FEF71AFD7DE07B88062B46D14C
:10CB30007B6804331B781B029BB27A68053212783B
:10CB400013447B817B8940F6FB72934204D93121E7
:10CB50007868FEF7DFFC66E07B681A783C4B1B6860
:10CB60004032D2B21A703A4B1B6801337A6852785D
:10CB70001A70374B1B6802337A6892781A70344BFC
:10CB80001B6803337A68D2781A700023BB810AE0ED
:10CB90002F4B1B68BA8904321344BA89D2B21A7077
:10CBA000BB890133BB81BA897B89043B9A42EFDBA5
:10CBB000284B1B687A89043292B21A8033E0132121
:10CBC0007868FEF7A7FC2EE07B8819467868FFF7A7
:10CBD000B1FC28E07B8819467868FFF739FD22E030
:10CBE0007B8819467868FFF753FE1CE07B8819465E
:10CBF0007868FFF771FE16E07B8819467868FFF7C2
:10CC0000ADFE10E07B8819467868FFF711FC0AE05A
:10CC10007B8819467868FFF753FC04E03121786877
:10CC2000FEF778FC00BF0B4B1B681B88002B0BD05A
:10CC3000FB7B002B08D0064B1B681B787F2B03D097
:10CC4000044B1B6800221A8000BF1037BD4680BD10
:10CC50003C3703204037032080B584B000AF7860B4
:10CC60000B467B8013467B707B88022B04D81321F4
:10CC70007868FEF74FFC92E07B6801331B78002B4D
:10CC800004D17B6802331B78442B04D031217868AF
:10CC9000FEF740FC83E07B880B2B04D013217868DF
:10CCA000FEF738FC7BE00020FEF7B0FC0346FB7388
:10CCB000FB7B002B6DD13C4B5B7B002B03D03A4BB5
:10CCC0005B7B042B60D17B6803331B781A067B687F
:10CCD00004331B781B041A447B6805331B781B0242
:10CCE00013447A680632127813441A462E4B1A609F
:10CCF0002D4B00229A602C4B01221A737B6807335C
:10CD00001B781A067B6808331B781B041A447B685F
:10CD100009331B781B0213447A680A3212781344D1
:10CD20001A46214B5A60204B18681F4B1A681E4B3D
:10CD30005B6813441946FBF789FA0346002B1ED0A3
:10CD4000194B5B6803F00703002B03D07021786850
:10CD5000FEF7E0FB7B681B784033DBB23B7220239D
:10CD60007B720F23BB72F023FB720F4A7B785373E5
:10CD700007F1080304211846FEF7A2FB0FE031215A
:10CD80007868FEF7C7FB0AE024217868FEF7C2FB4B
:10CD900005E0FB7B19467868FEF7BCFBFFE700BFA8
:10CDA0001037BD4680BD00BF2837032080B584B052
:10CDB00000AF78600B467B800A4B1B88FB81FB89A8
:10CDC000B3F5007F06D17B88012219467868FFF70A
:10CDD00043FF03E011217868FEF79CFB00BF10378A
:10CDE000BD4680BDE005FA0B80B582B000AF78602B
:10CDF0000B467B807B88022219467868FFF72CFF60
:10CE000000BF0837BD4680BD2DE9B04F8CB000AFE4
:10CE100078600B467B807B88012B04D813217868CF
:10CE2000FEF778FB2CE1994B5B7B012B40F0C08037
:10CE30007B88023B7B84002387F82F307B8C03F0B8
:10CE400007039BB2002B40F0AE80904B9A687B8C1E
:10CE50001A448E4B5B689A4200F2A5807B680133CE
:10CE60001A788A4B1B7B9A4240F09880874B1B7B39
:10CE70000133DAB2854B1A7303F09EFF0023BB62C5
:10CE800064E0BB6A09337A6813441B781A06BB6AEC
:10CE9000083379680B441B781B041A44BB6A0733B8
:10CEA00079680B441B781B021344BA6A063279680E
:10CEB0000A4412781344FB61BB6A05337A68134451
:10CEC0001B781A06BB6A043379680B441B781B0471
:10CED0001A44BB6A033379680B441B781B02134462
:10CEE000BA6A023279680A4412781344BB61FB695A
:10CEF00000229A4693464FF000024FF0000353463B
:10CF00000022B96900200C46054612EB040843EBE9
:10CF10000509C7E904895D4B1A685C4B9B6813449B
:10CF200003F58021D7E904230846FBF72EFC0346CE
:10CF30001A4697F82F30134387F82F30534B9B68CE
:10CF40000833524A9360BB6A0833BB627B8CBA6A6F
:10CF50009A4296D303F052FF4C4B9A684B4B5B6856
:10CF60009A4202D3494B03225A7397F82F30002B71
:10CF70000FD17B681B784033DBB23B737B68013396
:10CF80001B787B7307F10C0302211846FEF798FA11
:10CF900076E072217868FEF7BDFA71E07321786857
:10CFA000FEF7B8FA6CE071217868FEF7B3FA67E033
:10CFB000364B5B7B022B5ED17B88022B56D17B6884
:10CFC00001331A78314B1B7B9A424AD12F4B1B7B82
:10CFD0000133DAB22D4B1A730023FB847B681A7875
:10CFE0002B4B1B684032D2B21A707B685A1C284BFC
:10CFF0001B68013312781A700023BB8417E0234B9F
:10D000001A68224B9B6813441946214B1B68BA8C43
:10D01000023213440A781A701C4B9B6801331B4A76
:10D020009360FB8C0133FB84BB8C0133BB84BB8CD2
:10D03000B3F57F6F05D2154B9A68144B5B689A4223
:10D04000DDD3144B1B68FA8C023292B21A800F4B5C
:10D050009A680E4B5B689A4212D30C4B03225A73A8
:10D060000EE073217868FEF755FA09E071217868BF
:10D07000FEF750FA04E024217868FEF74BFAFFE748
:10D0800000BF3037BD46BDE8B08F00BF2837032052
:10D090003C3703204037032080B582B000AF786072
:10D0A0000B467B807B88012B04D013217868FEF728
:10D0B00031FA10E00A4B5B7B032B08D1084B0422AA
:10D0C0005A737B8819467868FEF748FA03E02421F2
:10D0D0007868FEF71FFA00BF0837BD4680BD00BF65
:10D0E0002837032080B582B000AF78600B467B8084
:10D0F00011217868FEF70EFA00BF0837BD4680BDE3
:10D100002DE9F04FA3B000AFF8660B46A7F86A30E0
:10D11000B7F86A30012B04D81321F86EFEF7FAF93C
:10D1200099E1FB6E01331B7803F00F03042B04D04D
:10D130001221F86EFEF7EEF98DE1FB6E01331B78DC
:10D1400003F0F003402B04DD1221F86EFEF7E2F944
:10D1500081E10023A7F88630FB6E01331B781B09A1
:10D1600087F87F3097F87F305A1DB7F86A309A42B7
:10D1700004DB1321F86EFEF7CDF96CE1002387F88C
:10D1800085301CE097F8853006331A46FB6E134451
:10D190001B78194697F87F2097F885300133D31A0A
:10D1A000DB0001FA03F31AB2B7F9863013431BB25E
:10D1B000A7F8863097F88530013387F8853097F8DF
:10D1C000852097F87F309A42DCD3B7F86A1097F839
:10D1D0007F309A1DB7F886301344994204D013214A
:10D1E000F86EFEF797F936E1FB6E02331B781A06EC
:10D1F000FB6E03331B781B041A44FB6E04331B784D
:10D200001B021A44FB6E05331B781344BB670020D6
:10D21000FEF7FCF9034687F8773097F87730002B54
:10D2200006D097F877301946F86EFEF773F912E1D9
:10D23000B7F88620BB6F13441946B86FFBF734F874
:10D240000346002B04D13121F86EFEF763F902E1A9
:10D25000B7F88630022B0DD1FB6E08331B781B020A
:10D260009AB2FB6E09331B781946BB6F0A4492B21F
:10D270001A80E7E0B7F88630042B15D1FB6E08332F
:10D280001B781A06FB6E09331B781B041A44FB6ECD
:10D290000A331B781B021A44FB6E0B331B781946AA
:10D2A000BB6F0A441A60CDE0B7F88630082B40F017
:10D2B000B280FB6E08331B78DBB200223B667A66D5
:10D2C0004FF000004FF000013B6E19060020FB6E8E
:10D2D00009331B78DBB20022BB65FA654FF0000210
:10D2E0004FF00003BE6D33040022841841EB0305A8
:10D2F000FB6E0A331B78DBB200223B657A654FF088
:10D3000000024FF00003396D0B02002214EB0208FB
:10D3100045EB0309FB6E0B331B78DBB20022BB64C9
:10D32000FA644FF000024FF00003B96C0B000022CA
:10D3300018EB0201396449EB03037B64FB6E0C3389
:10D340001B78DBB20022BB63FA63D7E90E120B46EF
:10D350004FEA132B0B464FEA036AD7E910120B462C
:10D3600013EB0A033B63134643EB0B037B63FB6E38
:10D370000D331B78DBB20022BB62FA624FF0000271
:10D380004FF00003D7E90A4529460B04214643EA3A
:10D39000114321460A04D7E90C4521468918396210
:10D3A000294643EB01017962FB6E0E331B78DBB239
:10D3B0000022BB61FA614FF000024FF00003D7E991
:10D3C000064529460B02214643EA116321460A021B
:10D3D000D7E90845214689183961294643EB0101FF
:10D3E0007961FB6E0F331B78DBB20022BB60FA6001
:10D3F000BB6FD7E904894246D7E902452146521856
:10D400003A602A46494641EB02027A60D7E90012A7
:10D41000C3E9001216E00023C7F880300CE0D7F80B
:10D4200080300833FA6E1A44BB6F12781A70D7F83E
:10D4300080300133C7F88030B7F88630D7F88020C5
:10D440009A42ECD397F87F309BB206339BB21946D1
:10D45000F86EFEF783F800BF8C37BD46BDE8F08F4D
:10D4600080B582B000AF78600B467B807B88022B52
:10D4700004D013217868FEF74DF813E07B68013380
:10D480001B78002B02D0802B0BD005E07B8819463F
:10D490007868FEF763F805E012217868FEF73AF83D
:10D4A00000E000BF00BF0837BD4680BD80B582B038
:10D4B00000AF78600B467B8011217868FEF72AF870
:10D4C00000BF0837BD4680BD80B582B000AF786030
:10D4D0000B467B8012217868FEF71CF800BF0837E6
:10D4E000BD4680BD80B582B000AF78600B467B80C2
:10D4F0007B88022B04D013217868FEF70BF829E013
:10D500007B6801331B7803F07F03012B0BD17B6811
:10D5100001331B785BB2002B1CDB7B8819467868D3
:10D52000FEF71CF816E07B6801331B7803F07F03DD
:10D53000022B0BD17B6801331B785BB2002B09DB1C
:10D540007B8819467868FEF709F803E012217868AD
:10D55000FDF7E0FF00BF0837BD4680BD80B582B053
:10D5600000AF78600B467B8011217868FDF7D2FF11
:10D5700000BF0837BD4680BD80B582B000AF0D4BFF
:10D580001B78FB710B4B01221A70F4F773FB4FF4FD
:10D590007A7011F09AFA084B1B781846F4F776FB6C
:10D5A000F4F74EFB034AFB79137000BF0837BD4602
:10D5B00080BD00BF680003203837032080B582B0EB
:10D5C00000AF78600B467B807B88012B04D8132149
:10D5D0007868FDF79FFF74E07B6801331B7803F0E8
:10D5E0007F03832B48D0832B65DC012B02D0032BD8
:10D5F00042D060E07B88022B04D813217868FDF7C5
:10D6000089FF5EE07B6802331B78103B032B1BD83D
:10D6100001A252F823F000BF29D6000831D6000835
:10D6200039D6000841D60008274B34221A700FE083
:10D63000254B35221A700BE0234B36221A7007E077
:10D64000214B38221A7003E01F4B00221A7000BFD2
:10D650001D4B1B78002B0AD07B6801331B785BB213
:10D66000002B2DDB02217868FDF778FF28E03121BF
:10D670007868FDF74FFF23E07B88012B04D8132146
:10D680007868FDF747FF1CE00F4B1B78002B04D197
:10D6900022217868FDF73EFF13E07B6801331B7899
:10D6A0005BB2002B04DB02217868FDF757FF08E02E
:10D6B000FFF762FF05E012217868FDF72BFF00E01D
:10D6C00000BF0837BD4680BD3837032080B582B023
:10D6D00000AF78607868FDF7BBFF04490448F9F7AC
:10D6E0005AFD002318460837BD4680BD740103204B
:10D6F0008C2D022080B582B000AF78600B4B1B7878
:10D70000032B0AD1094B5B687A68D31A41F288323D
:10D71000934202D97868FDF79BFF79680448F9F7CE
:10D720007DFF034618460837BD4680BD44370320B9
:10D730008C2D022080B582B000AF7860044A7968F1
:10D740000448F9F789FF034618460837BD4680BDEF
:10D75000500103208C2D022090B589B000AFF860F5
:10D76000B9607A603B600023FB750023FB770023E0
:10D77000BB82FB681B68B3F5FC6F44D1FB68DB68B8
:10D78000184600F0C5FE034619467B68BA68524841
:10D79000F9F786FD504B1B78022B40F09780002351
:10D7A000FB753B68186807F117014FF0FF33012242
:10D7B00012F0C8F8B8613B6818684FF0FF330222D6
:10D7C000464912F0BFF80246BB691344BB613B688F
:10D7D0001868414B5B881A464FF0FF33404912F0FE
:10D7E000B1F80246BB691344BB613B4B5B88033312
:10D7F000BA699A4201D0F4F7BDF8374B00221A708B
:10D800000123FB7762E0FB681B6840F2DF72934202
:10D810005CD1FB68DB68184600F07AFE0346002BFB
:10D8200054D0BB681B781B09DBB2002B4ED1BB6800
:10D830001B7803F00F03002B48DDBB681B7803F057
:10D840000803002B42D1BB681B7803F00F04FB6870
:10D85000DB68184600F05CFE0346013B9C4235D86D
:10D860000123FB75BB681B7803F00F039BB2BB82DF
:10D870003B68186807F117014FF0FF33012212F0DF
:10D8800061F8B8613B68186807F114014FF0FF3385
:10D89000022212F057F80246BB691344BB613B6891
:10D8A0001868BB68591CBB8A1A464FF0FF3312F048
:10D8B00049F80246BB691344BB61BB8A0333BA69AA
:10D8C0009A4201D0F4F756F80123FB77FB7F184604
:10D8D0002437BD4690BD00BF8C2D02208E2D022026
:10D8E000992D022080B584B000AFF860B9603B602C
:10D8F0001346FB80CC4A3B681360CC4ABB6913607B
:10D90000CA4B1B6800221A80C94AFB685360FB8817
:10D91000002B00F0BE81BB681B780F2B06D8F9885E
:10D92000BB693A68B868FAF73DFBBAE1BB681B7897
:10D93000103B772B00F2A88101A252F823F000BF20
:10D9400021DB00082DDB000889DC000889DC0008E9
:10D9500039DB000889DC000889DC000889DC000864
:10D9600089DC000845DB000889DC000889DC000848
:10D9700089DC000889DC000889DC000889DC0008F3
:10D9800089DC000889DC000851DB00085DDB000849
:10D9900069DB000889DC000889DC000875DB000809
:10D9A00081DB00088DDB000899DB000889DC0008BA
:10D9B000A5DB000889DC0008B1DB0008BDDB00083E
:10D9C00089DC0008C9DB000889DC000889DC000864
:10D9D000D5DB0008E1DB0008EDDB0008F9DB00081F
:10D9E00005DC000889DC000889DC000889DC000807
:10D9F00089DC000811DC00081DDC000889DC000857
:10DA000089DC000835DC000841DC000889DC0008FE
:10DA100089DC000889DC000889DC000889DC000852
:10DA200089DC000889DC000889DC000889DC000842
:10DA300089DC000889DC000889DC000889DC000832
:10DA400089DC000889DC000889DC000889DC000822
:10DA500089DC000889DC000889DC000889DC000812
:10DA600089DC000889DC000889DC000889DC000802
:10DA700089DC000889DC000889DC000889DC0008F2
:10DA800089DC000889DC000889DC000889DC0008E2
:10DA900089DC000889DC000889DC000889DC0008D2
:10DAA00089DC000889DC000889DC000889DC0008C2
:10DAB00089DC000889DC000889DC000889DC0008B2
:10DAC00089DC000889DC000889DC000889DC0008A2
:10DAD00089DC000889DC000889DC000889DC000892
:10DAE00089DC000889DC000889DC000889DC000882
:10DAF00089DC000889DC000889DC000889DC000872
:10DB000089DC000889DC000889DC00084DDC00089D
:10DB100059DC000865DC000871DC00087DDC0008C9
:10DB2000FB881946B868FDF7B3FDBAE0FB881946D3
:10DB3000B868FDF73BFEB4E0FB881946B868FDF70E
:10DB40006DFEAEE0FB881946B868FDF79BFEA8E0C5
:10DB5000FB881946B868FEF731F8A2E0FB88194641
:10DB6000B868FDF76FFF9CE0FB881946B868FEF7C0
:10DB700067F996E0FB881946B868FEF727FA90E047
:10DB8000FB881946B868FEF756FA8AE0FB88194602
:10DB9000B868FEF75EFA84E0FB881946B868FEF7BD
:10DBA00066FA7EE0FB881946B868FEF76EFA78E000
:10DBB000FB881946B868FEF777FA72E0FB881946C9
:10DBC000B868FEF773FB6CE0FB881946B868FEF78F
:10DBD00005FF66E0FB881946B868FFF7E7F860E0E4
:10DBE000FB881946B868FFF7FFF85AE0FB8819462A
:10DBF000B868FFF709F954E0FB881946B868FFF7E1
:10DC00004BFA4EE0FB881946B868FFF76BFA48E01C
:10DC1000FB881946B868FFF773FA42E0FB8819469B
:10DC2000B868FFF71DFC3CE03C3703204037032079
:10DC300044370320FB881946B868FEF7A3FD30E09F
:10DC4000FB881946B868FEF74DFD2AE0FB881946A7
:10DC5000B868FFF72BFC24E0FB881946B868FFF78B
:10DC600033FC1EE0FB881946B868FFF73BFC18E060
:10DC7000FB881946B868FFF771FC12E0FB8819466B
:10DC8000B868FFF79BFC0CE01121B868FDF742FC77
:10DC900007E0BB6800221A701321B868FDF73AFC50
:10DCA000FFE700BF1037BD4680BD00BF80B584B020
:10DCB00000AFF860B9603B601346FB804E4A3B689A
:10DCC00013604E4ABB6913604C4B1B6800221A80DC
:10DCD0004B4AFB685360FB88002B00F08180BB68D7
:10DCE0001B780F2B06D8F988BB693A68B868FAF731
:10DCF00059F97DE0BB681B78872B66D0872B6ADCDF
:10DD0000852B5CD0852B66DC272B37DC102B62DB68
:10DD1000103B172B5FD801A252F823F083DD0008D7
:10DD20008FDD0008D7DD0008D7DD00089BDD000887
:10DD3000D7DD0008D7DD0008D7DD0008D7DD0008F3
:10DD4000D7DD0008D7DD0008D7DD0008D7DD0008E3
:10DD5000D7DD0008D7DD0008D7DD0008D7DD0008D3
:10DD6000D7DD0008D7DD0008D7DD0008D7DD0008C3
:10DD7000D7DD0008D7DD0008A7DD00083E2B18D04E
:10DD800029E0FB881946B868FDF782FC30E0FB8883
:10DD90001946B868FDF70AFD2AE0FB881946B868FD
:10DDA000FDF73CFD24E0FB881946B868FEF70EF944
:10DDB0001EE0FB881946B868FFF752FB18E0FB88A5
:10DDC0001946B868FFF78EFB12E0FB881946B86861
:10DDD000FFF7F4FB0CE01121B868FDF79BFB07E0AF
:10DDE000BB6800221A701321B868FDF793FBFFE7A8
:10DDF00000BF1037BD4680BD3C37032040370320AD
:10DE00004437032080B584B000AFF860B9603B6050
:10DE10001346FB80BB691B88002B1DD03B681B7819
:10DE2000512B02D0C72B07D016E04FF4FA7010F038
:10DE30004CFE01F0C0FA0FE0BB691B88012B0AD928
:10DE40003B6801331B78032B05D14FF4FA7010F0B7
:10DE50003CFEFFF791FB00BF00BF1037BD4680BD01
:10DE600080B582B000AF786039600A4A7B68136081
:10DE7000094A3B6813600949012011F014F8034670
:10DE8000074A1360074B084A1A6000BF0837BD46AF
:10DE900080BD00BF74370320783703207C37032010
:10DEA000CC3703203038032005E0000880B582B06D
:10DEB00000AF786039603B689BB21946786814F00F
:10DEC0002DFE0346002B04D00A4BDB680133094AC0
:10DED000D36041F28831012013F050FA0346002B41
:10DEE00004D1044B9B680133024A936000BF08379A
:10DEF000BD4680BD9801032080B584B000AF786036
:10DF000039600023BB600023FB7300BF1B4B1B6801
:10DF10004FF0FF31184611F0DEF90346012BF5D121
:10DF2000174B1B6818684FF4FA633A68796811F068
:10DF300009FDB860114B186800230022002110F081
:10DF4000CDFFBA683B689A4213D00E4BDB680133B1
:10DF50000C4AD3600123FB7302E00A2010F0B5FDE8
:10DF6000074B1B681B68184611F077FC0346012B12
:10DF7000F3D1FB7B18461037BD4680BDCC3703205C
:10DF8000743703209801032080B582B000AF786019
:10DF9000786800F018FB034619467868FFF7ACFF75
:10DFA000034618460837BD4680BD80B584B000AF33
:10DFB0000346FB7107F10C02FB791146184600F08D
:10DFC0001BF907F10C0302211846FFF795FF0346E2
:10DFD00018461037BD4680BD80B584B000AF78606C
:10DFE00007F108031946786800F056F807F10803AE
:10DFF00008211846FFF780FF034618461037BD4634
:10E0000080BD000080B483B000AF7860054B9B6892
:10E010000133044A936000BF0C37BD465DF8047BB2
:10E02000704700BF9801032080B487B000AFF8604C
:10E03000B9607A6000237B611FE0BA687B69134492
:10E040001B781B09DBB203F00F027B695B00F968E8
:10E050000B4410498A5C1A70BA687B6913441B78B8
:10E0600003F00F027B695B000133F9680B44094937
:10E070008A5C1A707B6901337B617A697B689A429A
:10E08000DBD37B685B0018461C37BD465DF8047B1C
:10E09000704700BF6491020880B483B000AF78601D
:10E0A00039607B681B0F244AD25C3B681A707B681E
:10E0B0001B0E03F00F023B6801331F498A5C1A7084
:10E0C0007B681B0D03F00F023B6802331A498A5C20
:10E0D0001A707B681B0C03F00F023B680333164970
:10E0E0008A5C1A707B681B0B03F00F023B680433D9
:10E0F00011498A5C1A707B681B0A03F00F023B68A7
:10E1000005330D498A5C1A707B681B0903F00F0206
:10E110003B68063308498A5C1A707B6803F00F027B
:10E120003B68073304498A5C1A70082318460C3789
:10E13000BD465DF8047B70476491020880B483B0EB
:10E1400000AF03463960FB80FB881B0A9BB203F0DB
:10E150000F030E4AD25C3B681A70FB881B099BB206
:10E1600003F00F023B68013308498A5C1A70FB8890
:10E1700003F00F023B68023304498A5C1A700323E0
:10E1800018460C37BD465DF8047B70476491020861
:10E1900080B483B000AF03463960FB80FB881B0B63
:10E1A0009BB203F00F03134AD25C3B681A70FB88E2
:10E1B0001B0A9BB203F00F023B6801330D498A5CD6
:10E1C0001A70FB881B099BB203F00F023B680233F5
:10E1D00008498A5C1A70FB8803F00F023B6803331E
:10E1E00004498A5C1A70042318460C37BD465DF852
:10E1F000047B70476491020880B483B000AF03468B
:10E200003960FB71FB791B09DBB203F00F03094A8C
:10E21000D25C3B681A70FB7903F00F023B68013354
:10E2200004498A5C1A70022318460C37BD465DF813
:10E23000047B70476491020880B483B000AF03464A
:10E240003960FB71FB7903F00F03054AD25C3B6830
:10E250001A70012318460C37BD465DF8047B7047E1
:10E260006491020880B588B000AFC7E902017A6006
:10E270007B68FB617B68BB61D7E90223134320D134
:10E28000FB695A1CFA6130221A701EE0D7E90201BC
:10E290004FF00A024FF00003F1F7E4FFD2B2FB693E
:10E2A000591CF9613032D2B21A70D7E902014FF02D
:10E2B0000A024FF00003F1F7D5FF02460B46C7E90B
:10E2C0000223D7E902231343E0D1FA697B68D31A0A
:10E2D000FB75FB6900221A70FB69013BFB610DE0D5
:10E2E000BB691B78BB75BB695A1CBA61FA691278A5
:10E2F0001A70FB695A1EFA61BA7D1A70BA69FB6915
:10E300009A42EDD3FB7D18462037BD4680BD000004
:10E3100080B487B000AFF860B9607A6000237B6199
:10E320001BE07B695B00BA6813441B781A46104BEC
:10E330009B5C1B01D9B27B695B000133BA68134453
:10E340001B781A460A4B9A5CF8687B6903440A44B6
:10E35000D2B21A707B6901337B617A697B689A4219
:10E36000DFD300BF00BF1C37BD465DF8047B70479C
:10E370006490020880B483B000AF78607B681B783B
:10E380001A46044B9B5C18460C37BD465DF8047B6F
:10E39000704700BF6490020880B483B000AF78601B
:10E3A0007B681B781A46094B9B5C1B01DAB27B68C1
:10E3B00001331B781946054B5B5C1344DBB21846EE
:10E3C0000C37BD465DF8047B704700BF64900208BF
:10E3D00080B483B000AF78607B681B781A46134B1B
:10E3E0009B5C1B039AB27B6801331B7819460F4B69
:10E3F0005B5C1B029BB213449AB27B6802331B78AE
:10E4000019460A4B5B5C1B019BB213449BB27A68B2
:10E41000033212781146054A525C13449BB21846E7
:10E420000C37BD465DF8047B704700BF649002085E
:10E4300080B483B000AF78607B681B781A460E4BBF
:10E440009B5C1B029AB27B6801331B7819460A4B0E
:10E450005B5C1B019BB213449BB27A680232127858
:10E460001146054A525C13449BB218460C37BD4610
:10E470005DF8047B704700BF6490020880B483B0ED
:10E4800000AF78607B681B781A46204B9B5C1A07AC
:10E490007B6801331B7819461C4B5B5C1B061A44D6
:10E4A0007B6802331B781946184B5B5C1B051A44CA
:10E4B0007B6803331B781946144B5B5C1B041A44BE
:10E4C0007B6804331B781946104B5B5C1B031A44B2
:10E4D0007B6805331B7819460C4B5B5C1B021A44A6
:10E4E0007B6806331B781946084B5B5C1B011344A1
:10E4F0007A68073212781146044A525C134418466F
:10E500000C37BD465DF8047B704700BF649002087D
:10E5100080B483B000AF78607B68DBB21A46044BEE
:10E520009B5C18460C37BD465DF8047B704700BF06
:10E530007491020880B483B000AF0346FB71FB798D
:10E5400018460C37BD465DF8047B704780B487B031
:10E5500000AFF8600B467A60FB7200237B6108E035
:10E56000FB68FA7A1A70FB680133FB607B69013340
:10E570007B617A697B689A42F2D300BF00BF1C3787
:10E58000BD465DF8047B704780B487B000AFF8608B
:10E59000B9607A6000237B610AE0BA687B691A443B
:10E5A000F9687B690B4412781A707B6901337B61CF
:10E5B0007A697B689A42F0D300BF00BF1C37BD4622
:10E5C0005DF8047B704780B485B000AF78600023AD
:10E5D000FB607A68FB6813441B78002B03D0FB6850
:10E5E0000133FB60F5E700BFFB689BB218461437A8
:10E5F000BD465DF8047B704780B483B000AF03462E
:10E60000FB80B7F906301B021AB2FB881B0A9BB2CB
:10E610001BB213431BB29BB218460C37BD465DF8C4
:10E62000047B704780B582B000AF78607B684FF4A0
:10E630007A7202FB03F3054AA2FB03239B091846E7
:10E6400010F043FA00BF0837BD4680BDD34D6210BD
:10E6500080B582B000AF124B1B6E114A43F001032C
:10E6600013660F4B1B6E03F001037B607B680C4B42
:10E670009B6D0B4A43F080539365094B9B6D03F0F0
:10E6800080533B603B68002207216FF0010000F0DF
:10E690005CFE05F009FF00BF0837BD4680BD00BF26
:10E6A0000010024080B485B000AF78607B681B68C2
:10E6B0000A4A93420BD10A4B9B6C094A43F480539C
:10E6C0009364074B9B6C03F48053FB60FB6800BFB3
:10E6D0001437BD465DF8047B704700BF0030024030
:10E6E0000010024080B5AEB000AF786007F1A4031F
:10E6F00000221A605A609A60DA601A6107F110030A
:10E7000094220021184614F0FEFF7B681B682A4AF9
:10E7100093424DD14FF000733B614FF08073BB6764
:10E7200007F11003184606F0CBFE0346002B01D07C
:10E73000F3F720F9214BDB6D204A43F40073D365D6
:10E740001E4BDB6D03F40073FB60FB681B4BDB6C43
:10E750001A4A43F00203D364184BDB6C03F0020344
:10E76000BB60BB684FF44073C7F8A4300223C7F8FE
:10E77000A8300023C7F8AC300023C7F8B030092315
:10E78000C7F8B43007F1A40319460D4802F0EAFFB8
:10E7900000220521272000F0D8FD272000F0EFFD02
:10E7A00000220521282000F0D0FD282000F0E7FD00
:10E7B00000BFB837BD4680BD00A400400010024035
:10E7C0000004024280B582B000AF78607B681B68AD
:10E7D0000B4A934210D10B4BDB6D0A4A23F40073B2
:10E7E000D3654FF44071084803F03CF9272000F04E
:10E7F000D4FD282000F0D1FD00BF0837BD4680BD04
:10E8000000A40040001002400004024280B5A8B0FD
:10E8100000AF786007F10C0394220021184614F031
:10E8200072FF7B681B68154A934223D14FF4802303
:10E83000FB600023C7F8883007F10C03184606F088
:10E840003FFE0346002B01D0F3F794F80C4BDB6C32
:10E850000B4A43F48023D364094BDB6C03F480231D
:10E86000BB60BB68002205215E2000F06EFD5E20CB
:10E8700000F085FD00BFA037BD4680BD00080C42FA
:10E880000010024080B58AB000AF786007F1140331
:10E8900000221A605A609A60DA601A617B681B680D
:10E8A000564A934240F0A680554B9B6D544A43F420
:10E8B00080439365524B9B6D03F480433B613B69FE
:10E8C0004F4BDB6C4E4A43F00203D3644C4BDB6C82
:10E8D00003F00203FB60FB684FF420437B610223DB
:10E8E000BB610023FB6103233B6205237B6207F1CD
:10E8F00014031946434802F035FF4FF480437B610F
:10E900000223BB610123FB6103233B6205237B627E
:10E9100007F1140319463B4802F024FF3A4B3B4AE7
:10E920001A60394B0E225A60374B10229A60364BD0
:10E930000022DA60344B80221A61334B00225A6184
:10E94000314B00229A61304B0022DA612E4B0022BB
:10E950001A622D4800F026FE0346002B01D0F3F783
:10E9600009F81021284801F009F90346002B01D0CD
:10E97000F3F700F87B68244A5A65234A7B68936260
:10E98000234B244A1A60224B0D225A60204B00224E
:10E990009A601F4B0022DA601D4B80221A611C4BCB
:10E9A00000225A611A4B00229A61194B0022DA6147
:10E9B000174B00221A62164800F0F4FD0346002BA4
:10E9C00001D0F2F7D7FF1021114801F0D7F8034624
:10E9D000002B01D0F2F7CEFF7B680D4A9A650C4AF6
:10E9E0007B689362002205213C2000F0AEFC3C20B5
:10E9F00000F0C5FC00BF2837BD4680BD0038004090
:10EA00000010024000040242040A032008000240F1
:10EA10006C0A03201C00024080B586B000AF78600D
:10EA20007B681B68234A934214D1234B9B6D224A77
:10EA300043F010039365204B9B6D03F010037B6143
:10EA40007B6900220521312000F07FFC312000F09D
:10EA500096FC2AE07B681B68184A934214D1164B37
:10EA60009B6D154A43F020039365134B9B6D03F098
:10EA700020033B613B6900220521322000F065FC48
:10EA8000322000F07CFC10E07B681B680C4A93424B
:10EA90000BD1094B1B6E084A43F400331366064B37
:10EAA0001B6E03F40033FB60FB6800BF1837BD46E4
:10EAB00080BD00BF00100040001002400014004064
:10EAC0000044014080B5AEB000AF786007F1A40308
:10EAD00000221A605A609A60DA601A6107F1100326
:10EAE00094220021184614F00EFE7B681B68264A0B
:10EAF000934245D14FF400533B610023C7F8843063
:10EB000007F11003184606F0DBFC0346002B01D08A
:10EB1000F2F730FF1D4BDB6C1C4A43F00103D3645A
:10EB20001A4BDB6C03F00103FB60FB684FF4C0532E
:10EB3000C7F8A4300223C7F8A8300023C7F8AC30C8
:10EB40000023C7F8B0300A23C7F8B43007F1A40394
:10EB500019460F4802F006FE0C4BDB6D0B4A43F4DE
:10EB60000013D365094BDB6D03F40013BB60BB6876
:10EB700000220521492000F0E8FB492000F0FFFBBE
:10EB800000BFB837BD4680BD00D400400010024031
:10EB90000000024280B58CB000AF78600023FB62B9
:10EBA0000023BB62002279682A2000F0CEFB2A20D5
:10EBB00000F0E5FB1E4B1B6E1D4A43F40063136619
:10EBC0001B4B1B6E03F40063FB60FB6807F1100234
:10EBD00007F114031146184606F06EFB06F058FBC9
:10EBE000F862FB6A134AA2FB03239B0C013BBB6246
:10EBF000114B124A1A60104B40F2E732DA600E4AAB
:10EC0000BB6A53600C4B00221A610B4B00229A60C6
:10EC1000094808F05FF80346002B04D1064808F0C5
:10EC200019F9034600E0012318463037BD4680BD80
:10EC30000010024083DE1B43D0370320002C01402C
:10EC400080B400AF00BFFDE780B400AF00BFFDE7B8
:10EC500080B400AF00BFFDE780B400AF00BFFDE7A8
:10EC600080B400AF00BFFDE780B400AF00BFBD4679
:10EC70005DF8047B7047000080B500AF024800F0EB
:10EC80006FFE00BF80BD00BF040A032080B500AF47
:10EC9000024800F065FE00BF80BD00BF6C0A032083
:10ECA00080B500AF024801F0EAFD00BF80BD00BFA3
:10ECB0004008032080B500AF024801F0E0FD00BF2E
:10ECC00080BD00BF4008032080B500AF024808F0B7
:10ECD00031F900BF80BD00BFD037032080B500AF41
:10ECE000024808F027F900BF80BD00BFD40A032006
:10ECF00080B500AF024808F01DF900BF80BD00BF1D
:10ED0000200B032080B500AF024802F0C9FF00BF0E
:10ED100080BD00BFA408032080B500AF024802F008
:10ED2000D9FF00BF80BD00BFA408032080B500AF9D
:10ED3000024807F0C1FC00BF80BD00BFA00903204E
:10ED400080B500AF024808F071FB00BF80BD00BF76
:10ED5000F808032080B500AF024803F0DBFE00BFD7
:10ED600080BD00BFB80B032080B500AF024800F0A3
:10ED7000F7FD00BF80BD00BFB407032080B500AF22
:10ED8000024807F010FA00BF80BD00BF8C090320C5
:10ED900080B400AF01231846BD465DF8047B704780
:10EDA00080B582B000AF7860396014F0D7FD0346BB
:10EDB00016221A604FF0FF3318460837BD4680BD53
:10EDC00080B582B000AF78604FF0FF317868FFF710
:10EDD000E7FF00BFFDE780B586B000AFF860B9601F
:10EDE0007A6000237B610AE0AFF300800146BB68D4
:10EDF0005A1CBA60CAB21A707B6901337B617A69A6
:10EE00007B689A42F0DB7B6818461837BD4680BDA8
:10EE100080B586B000AFF860B9607A6000237B618E
:10EE200009E0BB685A1CBA601B781846AFF3008033
:10EE30007B6901337B617A697B689A42F1DB7B688D
:10EE400018461837BD4680BD80B483B000AF7860E7
:10EE50004FF0FF3318460C37BD465DF8047B704712
:10EE600080B483B000AF786039603B684FF40052E3
:10EE70005A60002318460C37BD465DF8047B704786
:10EE800080B483B000AF7860012318460C37BD46CC
:10EE90005DF8047B704780B485B000AFF860B9605E
:10EEA0007A60002318461437BD465DF8047B70472E
:10EEB00080B586B000AF7860144A154BD31A7B61D9
:10EEC0007B693B61134B1B68002B02D1114B124A2B
:10EED0001A60104B1A687B6813443A699A4207D249
:10EEE00014F03CFD03460C221A604FF0FF3309E09A
:10EEF000084B1B68FB60074B1A687B681344054A84
:10EF00001360FB6818461837BD4680BD000004201A
:10EF1000001000001C380320C06C032080B400AF38
:10EF2000064BD3F88830054A43F47003C2F88830A2
:10EF300000BFBD465DF8047B704700BF00ED00E0F8
:10EF400080B487B000AF4F4B1B6803F00803002B61
:10EF500007D14C4BD3F894301B0A03F00F037B61AD
:10EF600005E0484B1B681B0903F00F037B61464A11
:10EF70007B6952F823307B61424B9B6803F00C03A2
:10EF80000C2B66D801A252F823F000BFC1EF000895
:10EF900053F0000853F0000853F00008C9EF0008D0
:10EFA00053F0000853F0000853F00008D1EF0008B8
:10EFB00053F0000853F0000853F00008D9EF0008A0
:10EFC000324A7B69136048E0304B314A1A6044E0B2
:10EFD0002E4B304A1A6040E02A4BDB6803F00303F3
:10EFE000FB60284BDB681B0903F00F030133BB6098
:10EFF000FB68022B03D0FB68032B06D00BE0244AEE
:10F00000BB68B2FBF3F33B610BE0224ABB68B2FB87
:10F01000F3F33B6105E07A69BB68B2FBF3F33B6154
:10F0200000BF184BDB681B0A03F07F023B6902FB41
:10F0300003F33B61134BDB685B0E03F00303013307
:10F040005B007B603A697B68B2FBF3F30F4A1360A5
:10F0500003E00E4A7B69136000BF0A4B9B681B09E3
:10F0600003F00F030C4AD35C3B60084B1A683B6803
:10F0700022FA03F3054A136000BF1C37BD465DF852
:10F08000047B7047001002409C910208B8040320E2
:10F090000024F4008096980084910208DFF834D0B0
:10F0A000FFF73CFF002103E00B4B5B58435004315A
:10F0B0000A480B4B42189A42F6D30A4A02E0002350
:10F0C00042F8043B084B9A42F9D314F04DFCF1F797
:10F0D000ADFAFEE700000420DC92020800000320E5
:10F0E0009807032098070320C06C0320FEE780B533
:10F0F00082B000AF0023FB71042000F01BF9FFF782
:10F100001FFF0020FFF746FD0346002B02D001231E
:10F11000FB7101E0FFF79CFAFB7918460837BD4602
:10F1200080BD000080B400AF064B1B781A46064B2A
:10F130001B681344044A136000BFBD465DF8047B9E
:10F14000704700BFC00403202038032080B400AF04
:10F15000034B1B681846BD465DF8047B704700BF33
:10F160002038032080B485B000AF78607B6803F05E
:10F170000703FB600C4BDB68BB60BA684FF6FF030C
:10F180001340BB60FB681A02BB68134343F0BF63C4
:10F1900043F40033BB60044ABB68D36000BF14373C
:10F1A000BD465DF8047B704700ED00E080B400AF21
:10F1B000044BDB681B0A03F007031846BD465DF8E5
:10F1C000047B704700ED00E080B483B000AF0346DD
:10F1D000FB7197F90730002B0BDBFB7903F01F0263
:10F1E000074997F907305B09012000FA02F241F85C
:10F1F000232000BF0C37BD465DF8047B704700BF7D
:10F2000000E100E080B483B000AF0346FB7197F9E2
:10F210000730002B12DBFB7903F01F020A4997F934
:10F2200007305B09012000FA02F2203341F8232065
:10F23000BFF34F8F00BFBFF36F8F00BF00BF0C370E
:10F24000BD465DF8047B704700E100E080B483B008
:10F2500000AF03463960FB7197F90730002B0ADBDA
:10F260003B68DAB20C4997F907305201D2B20B442D
:10F2700083F800230AE03B68DAB20849FB7903F01F
:10F280000F03043B5201D2B20B441A7600BF0C3775
:10F29000BD465DF8047B704700E100E000ED00E052
:10F2A00080B489B000AFF860B9607A60FB6803F0A1
:10F2B0000703FB61FB69C3F10703032B28BF03238B
:10F2C000BB61FB690333062B02D9FB69043B00E0F9
:10F2D00000237B614FF0FF32BB6902FA03F3DA438C
:10F2E000BB681A407B699A404FF0FF317B6901FA95
:10F2F00003F3D9437B680B40134318462437BD46BC
:10F300005DF8047B7047000080B400AFBFF34F8FFF
:10F3100000BF064BDB6803F4E0620449044B13436F
:10F32000CB60BFF34F8F00BF00BFFDE700ED00E0F3
:10F330000400FA0580B582B000AF78607868FFF706
:10F3400011FF00BF0837BD4680BD80B586B000AF55
:10F350000346B9607A60FB73FFF728FF78617A682B
:10F36000B9687869FFF79CFF024697F90F3011469C
:10F370001846FFF76BFF00BF1837BD4680BD80B54C
:10F3800082B000AF0346FB7197F907301846FFF7CC
:10F390001BFF00BF0837BD4680BD80B582B000AFFF
:10F3A0000346FB7197F907301846FFF72BFF00BFA4
:10F3B0000837BD4680BD80B500AFFFF7A5FF000050
:10F3C00080B582B000AF78607B68002B01D101234B
:10F3D00054E07B685B7FDBB2002B05D17B680022A9
:10F3E0001A777868FFF75EF97B6802225A777B68A4
:10F3F0001B79002B0CD17B681B68224A5A617B6801
:10F400001B689A687B681B6822F018029A600CE0FF
:10F410007B6899687B68DB681A46786800F034F886
:10F420000346002B01D0012328E07B685B79002B89
:10F4300005D17B681B684FF0FF321A6104E07B68DE
:10F440001B687A6812691A617B681B689B6823F0E5
:10F4500060017B685A697B681B680A439A607B6815
:10F460001B689B6823F080017B689A697B681B6836
:10F470000A439A607B6801225A77002318460837AE
:10F48000BD4680BDB71DC10480B487B000AFF86031
:10F49000B9607A600023FB751F233B61BB6803F0F2
:10F4A0000103002B02D10123FB7563E000BF3B6920
:10F4B0005A1E3A61002B09D03B6903F01F03BA685A
:10F4C00022FA03F303F00103002BF0D07B68182B22
:10F4D00046D801A252F823F067F5000861F500084C
:10F4E00061F5000861F5000861F5000861F50008A4
:10F4F00061F5000861F5000855F5000861F50008A0
:10F5000061F5000861F5000861F5000861F5000883
:10F5100061F5000861F5000849F5000861F500088B
:10F5200061F5000861F5000861F5000861F5000863
:10F5300061F5000861F500083DF500083B69062B00
:10F5400013D90123FB7510E03B69072B0FD9012369
:10F55000FB750CE03B690F2B0BD90123FB7508E011
:10F560000123FB7506E000BF04E000BF02E000BF1E
:10F5700000E000BFFB7D002B0DD1FB681B68BA6863
:10F580005A61FB681B689B6823F01801FB681B68C5
:10F590007A680A439A60FB7D18461C37BD465DF8C1
:10F5A000047B704780B584B000AF78607B68002B27
:10F5B00001D101238DE07B681B681A46474B9A42B4
:10F5C0000FD87B681B681A46454B1344454AA2FB7B
:10F5D00003231B099A007B68DA647B68424A9A64B9
:10F5E0000EE07B681B681A46404B13443D4AA2FB61
:10F5F00003231B099A007B68DA647B683C4A9A649F
:10F600007B68022283F825207B681B681B68FB60EF
:10F61000FB6823F4FF3323F4F873FB607B689A687C
:10F620007B68DB681A437B681B691A437B685B69EC
:10F630001A437B689B691A437B68DB691A437B68C2
:10F640001B6A1343FA681343FB607B681B68FA6804
:10F650001A60786800F000FB7B689B68B3F5804F08
:10F6600002D17B6800225A607B685A687B681B6DF8
:10F67000D2B21A607B685B6D7A68926D5A607B6863
:10F680005B68002B10D07B685B68042B0CD8786813
:10F6900000F020FB7B68DB6D00221A607B681B6E2C
:10F6A0007A68526E5A6008E07B680022DA657B68EF
:10F6B00000221A667B6800225A667B6800225A6420
:10F6C0007B68012283F825207B68002283F82420B0
:10F6D000002318461037BD4680BD00BF0704024016
:10F6E000F8FFFDBFCDCCCCCC00000240F8FBFDBF45
:10F6F0000004024080B586B000AFF860B9607A605F
:10F700003B600023FB75FB6893F82430012B01D18B
:10F71000022366E0FB68012283F82420FB6893F84B
:10F720002530DBB2012B55D1FB68022283F825205E
:10F73000FB6800225A64FB681B681A68FB681B6838
:10F7400022F001021A603B687A68B968F86800F034
:10F7500045FAFB681B6B002B08D0FB681B681A6816
:10F76000FB681B6842F00E021A600FE0FB681B6822
:10F770001A68FB681B6822F004021A60FB681B68A9
:10F780001A68FB681B6842F00A021A60FB681B6D6E
:10F790001B6803F48033002B07D0FB681B6D1A68CD
:10F7A000FB681B6D42F480721A60FB68DB6D002BF6
:10F7B00007D0FB68DB6D1A68FB68DB6D42F4807272
:10F7C0001A60FB681B681A68FB681B6842F001023C
:10F7D0001A6005E0FB68002283F824200223FB75F1
:10F7E000FB7D18461837BD4680BD80B485B000AF9C
:10F7F00078600023FB737B6893F82530DBB2022B23
:10F8000008D07B6804225A647B68002283F8242095
:10F81000012340E07B681B681A687B681B6822F044
:10F820000E021A607B681B6D1A687B681B6D22F4E0
:10F8300080721A607B681B681A687B681B6822F0FC
:10F8400001021A607B68DB6C03F01C027B689B6C16
:10F85000012101FA02F25A607B685B6D7A68926D51
:10F860005A607B68DB6D002B0CD07B68DB6D1A68FF
:10F870007B68DB6D22F480721A607B681B6E7A688D
:10F88000526E5A607B68012283F825207B68002233
:10F8900083F82420FB7B18461437BD465DF8047BB3
:10F8A000704780B584B000AF78600023FB737B683D
:10F8B00093F82530DBB2022B05D07B6804225A6412
:10F8C0000123FB7347E07B681B681A687B681B6831
:10F8D00022F00E021A607B681B681A687B681B683E
:10F8E00022F001021A607B681B6D1A687B681B6D31
:10F8F00022F480721A607B68DB6C03F01C027B6868
:10F900009B6C012101FA02F25A607B685B6D7A6898
:10F91000926D5A607B68DB6D002B0CD07B68DB6DD1
:10F920001A687B68DB6D22F480721A607B681B6E3C
:10F930007A68526E5A607B68012283F825207B68C2
:10F94000002283F824207B681B6C002B03D07B688B
:10F950001B6C78689847FB7B18461037BD4680BD06
:10F9600080B584B000AF78607B689B6C1B68FB60DF
:10F970007B681B681B68BB607B68DB6C03F01C0347
:10F9800004229A40FB681340002B53D0BB6803F05D
:10F990000403002B4ED07B681B681B6803F40043F4
:10F9A000002B24D07B68DB6C03F01C027B689B6C13
:10F9B000042101FA02F25A607B681B681B6803F499
:10F9C0008033002B09D17B681B6B002B00F0C080BB
:10F9D0007B681B6B78689847BAE07B689B6B002B51
:10F9E00000F0B6807B689B6B78689847B0E07B68D6
:10F9F0001B681B6803F02003002B07D17B681B6882
:10FA00001A687B681B6822F004021A607B68DB6C52
:10FA100003F01C027B689B6C042101FA02F25A601D
:10FA20007B681B6B002B00F093807B681B6B7868F6
:10FA300098478DE07B68DB6C03F01C0302229A4040
:10FA4000FB681340002B4ED0BB6803F00203002B71
:10FA500049D07B681B681B6803F40043002B18D057
:10FA60007B681B681B6803F48033002B08D17B681C
:10FA70005B6B002B6ED07B685B6B7868984769E0A6
:10FA80007B68DB6A002B65D07B68DB6A7868984707
:10FA900060E07B681B681B6803F02003002B0BD120
:10FAA0007B681B681A687B681B6822F00A021A6070
:10FAB0007B68012283F825207B68DB6C03F01C0245
:10FAC0007B689B6C022101FA02F25A607B6800227B
:10FAD00083F824207B68DB6A002B3BD07B68DB6AE1
:10FAE0007868984736E07B68DB6C03F01C030822DB
:10FAF0009A40FB681340002B2ED0BB6803F008032C
:10FB0000002B29D07B681B681A687B681B6822F071
:10FB10000E021A607B68DB6C03F01C027B689B6C36
:10FB2000012101FA02F25A607B6801225A647B6863
:10FB3000012283F825207B68002283F824207B683B
:10FB4000DB6B002B08D07B68DB6B7868984702E0A2
:10FB500000BF00E000BF00BF00BF1037BD4680BD42
:10FB600080B483B000AF78607B6893F82530DBB257
:10FB700018460C37BD465DF8047B704780B485B0ED
:10FB800000AF786039600023FB727B68002B03D1E3
:10FB90000123FB72FB7A1BE07B681B681B68FB6020
:10FBA0003B6803F01003002B0DD03B6803F4801377
:10FBB000002B04D0FB6843F48013FB6003E0FB6878
:10FBC00023F48013FB607B681B68FA681A60FB7A79
:10FBD00018461437BD465DF8047B704780B485B085
:10FBE00000AFF860B9607A603B60FB685B6DFA68F3
:10FBF000926D5A60FB68DB6D002B04D0FB681B6EB6
:10FC0000FA68526E5A60FB68DB6C03F01C02FB68FA
:10FC10009B6C012101FA02F25A60FB681B683A688A
:10FC20005A60FB689B68102B08D1FB681B687A68D8
:10FC30009A60FB681B68BA68DA6007E0FB681B68BB
:10FC4000BA689A60FB681B687A68DA6000BF14378C
:10FC5000BD465DF8047B704780B485B000AF786026
:10FC60007B681B681A46174B9A420AD87B68DB6C84
:10FC70009B089B0003F1804303F502337A68136508
:10FC800007E07B68DB6C9B089A000F4B13447A6893
:10FC900013657B681B68DBB2083B0C4AA2FB03239D
:10FCA0001B09FB607B680A4A5A65FB6803F01F0367
:10FCB00001229A407B689A6500BF1437BD465DF803
:10FCC000047B70470704024020080240CDCCCCCC16
:10FCD0008008024080B485B000AF78607B685B68C4
:10FCE000DBB2FB60FA680B4B13449B001A467B683F
:10FCF000DA657B68084A1A66FB68013B03F0030378
:10FD000001229A407B685A6600BF1437BD465DF8F1
:10FD1000047B70473F8200104009024080B584B0E8
:10FD200000AF78607B68002B01D1012342E17B6842
:10FD300093F85C30DBB2002B06D17B68002283F89D
:10FD40005D207868FEF7CEFC7B681B689A697B684B
:10FD50001B6822F010029A61FFF7F8F9F86012E0D0
:10FD6000FFF7F4F90246FB68D31A0A2B0BD97B681C
:10FD70001B6E43F001027B681A667B68032283F8DE
:10FD80005C20012316E17B681B689B6903F0080374
:10FD9000082BE5D07B681B689A697B681B6842F07A
:10FDA00001029A61FFF7D2F9F86012E0FFF7CEF98D
:10FDB0000246FB68D31A0A2B0BD97B681B6E43F0F3
:10FDC00001027B681A667B68032283F85C200123AA
:10FDD000F0E07B681B689B6903F00103002BE5D012
:10FDE0007B681B689A697B681B6842F002029A6113
:10FDF000724A7B685B6813607B681B7C012B08D1AF
:10FE00007B681B689A697B681B6822F040029A61D4
:10FE100007E07B681B689A697B681B6842F04002B8
:10FE20009A617B685B7C012B08D17B681B689A69AF
:10FE30007B681B6842F480429A6107E07B681B681C
:10FE40009A697B681B6822F480429A617B689B7C7C
:10FE5000012B08D17B681B689A697B681B6822F4B8
:10FE600080529A6107E07B681B689A697B681B680F
:10FE700042F480529A617B681B689B6923F440714D
:10FE80007B689A687B681B680A439A617B681B6879
:10FE90009A697B681B6822F0A4029A617B681B68E0
:10FEA0001A697B681B6822F010021A617B68DB68A4
:10FEB000012B08D17B681B689A697B681B6842F03C
:10FEC00004029A612CE07B68DB68002B28D07B68F9
:10FED000DB68022B1CD07B681B689A697B681B68F7
:10FEE00042F080029A617B681B681A697B681B6814
:10FEF00042F010021A617B68DB68032B10D17B682B
:10FF00001B689A697B681B6842F020029A6107E0CF
:10FF10007B681B689A697B681B6842F020029A61C3
:10FF20007B689B69013B5A067B68DB69013B1B02CE
:10FF30001A437B681B6A013B42EA03017B685B69E9
:10FF4000013B1A047B681B680A43DA617B689B6883
:10FF5000B3F5407F15D17B689B6A5A1E7B68DB6ACC
:10FF6000013B1B021A437B681B6B013B1B0142EAEE
:10FF700003017B685B6A013B1A047B681B680A43C8
:10FF8000DA607B681B68D3F8C0107B68DA6B7B682B
:10FF90001B680A43C3F8C020786800F0F9FD7B684D
:10FFA00000229A657B6800221A667B68012283F82A
:10FFB0005C20002318461037BD4680BD00A50040D8
:10FFC00080B582B000AF78607B68002B01D101233F
:10FFD00015E0786800F00CF97B681B68DA6D7B68C7
:10FFE0001B6822F00302DA657868FEF7EBFB7B689A
:10FFF00000221A667B68002283F85C2000231846E2
:020000040801F1
:100000000837BD4680BD80B487B000AF78603960E6
:100010007B6893F85C30FB75FB7D012B02D0FB7D88
:10002000022B3DD13B681B68002B19D13B689B68B4
:100030009A073B68DB68DB061A433B681B691B04B5
:100040001A433B685B6913433B617B681A6C3B68EE
:100050005B689B001344BB60BB683A691A601DE093
:100060003B68DB685A073B681B6913433B613B688D
:100070009B689A073B685B691343FB607B685A6C1B
:100080003B685B68DB001344BB60BB683A691A607D
:10009000BB680433BB60BB68FA681A60002306E0E3
:1000A0007B681B6E43F002027B681A6601231846C8
:1000B0001C37BD465DF8047B704780B485B000AF47
:1000C000F860B9607A603B60FB6893F85C30DBB243
:1000D000012B16D1FB681B68D3F8803023F03F0159
:1000E000BB681A017B689B001A433B685B001A439C
:1000F000BB691A43FB681B680A43C3F880200023CE
:1001000006E0FB681B6E43F00402FB681A660123DD
:1001100018461437BD465DF8047B704780B483B041
:1001200000AF78607B6893F85C30DBB2012B09D1BB
:100130007B681B689A697B681B6822F400429A619D
:10014000002306E07B681B6E43F004027B681A669E
:10015000012318460C37BD465DF8047B704780B418
:1001600083B000AF78607B6893F85C30DBB2012B22
:1001700009D17B681B689A697B681B6842F400425E
:100180009A61002306E07B681B6E43F004027B68E3
:100190001A66012318460C37BD465DF8047B70478C
:1001A00080B483B000AF78607B6893F85C30DBB2DA
:1001B000012B10D17B68022283F85C207B681B68CE
:1001C0009A697B681B6822F001029A617B680022B1
:1001D0001A66002306E07B681B6E43F004027B680E
:1001E0001A66012318460C37BD465DF8047B70473C
:1001F00080B485B000AF78600023FB607B6893F823
:100200005C30DBB2022B56D17B681B689A697B6835
:100210001B6842F001029A6111E0FB680A2B0BD9BE
:100220007B681B6E43F001027B681A667B680322C1
:1002300083F85C20012345E0FB680133FB607B68A9
:100240001B689B6903F00103002BE6D00023FB60D1
:100250007B681B689A697B681B6822F010029A61B0
:1002600011E0FB680A2B0BD97B681B6E43F001027F
:100270007B681A667B68032283F85C20012321E0F7
:10028000FB680133FB607B681B689B6903F0080314
:10029000082BE6D07B681B689A697B681B6842F074
:1002A00002029A617B6800229A657B68012283F8CA
:1002B0005C20002306E07B681B6E43F008027B682D
:1002C0001A66012318461437BD465DF8047B704753
:1002D00080B586B000AFF860B9607A60FB6893F8CB
:1002E0005C30DBB2022B2CD1FB681B68D3F8C43026
:1002F00003F40013002B07D0FB681B6E43F400725D
:10030000FB681A66012323E0FB681B68D3F8C4303E
:100310001B0C03F003037B617B697A68B968F8689A
:1003200000F08CFCFB681B6801217A6901FA02F27B
:10033000C3F8CC2001227B699A40FB689A650023B0
:1003400006E0FB681B6E43F00802FB681A66012397
:1003500018461837BD4680BD80B48BB000AFF8603A
:10036000B9607A603B600023FB61FB6893F85C3006
:10037000FB76FB7E022B40F0E880BB68402B37D138
:10038000FB681B68D3F8903003F00F03002B07D1F4
:10039000FB681B6E43F48072FB681A660123DBE086
:1003A000FB681B68D3F8903003F08073B3F1807F53
:1003B0000AD1FB681B68D3F8803003F40073B3F5EF
:1003C000007F01D10123FB61FB681B68D3F89030EB
:1003D0001B0A03F00303FA691344FB61FB68996C81
:1003E000FA691346DB001344DB000B447B6236E002
:1003F000FB681B68D3F8983003F00F03002B07D17C
:10040000FB681B6E43F48072FB681A660123A3E04D
:10041000FB681B68D3F8983003F08073B3F1807FDA
:100420000AD1FB681B68D3F8803003F48073B3F5FE
:10043000807F01D10123FB61FB681B68D3F89830F2
:100440001B0A03F00303FA691344FB61FB68D96CD0
:10045000FA691346DB001344DB000B447B627B6AC2
:100460001B6803F080427B685A607B685B68002BE6
:1004700007D17B6A1B689B0CC3F30A027B681A6076
:1004800005E07B6A1B6823F060427B681A607B6A28
:100490001B6803F000527B689A607B6A1B6803F05C
:1004A00000427B681A617B6A04337B627B6A1B684B
:1004B0009AB27B68DA617B6A1B681B0C03F00F023F
:1004C0007B68DA607B6A1B6803F480127B685A6180
:1004D0007B6A1B6803F400127B689A617B6A1B6865
:1004E0001B0E03F07F027B681A627B6A1B68DA0FBF
:1004F0007B685A627B6A04337B627B6A7B61002380
:100500003B620AE07A693B6A1A4439683B6A0B44E9
:1005100012781A703B6A01333B627B68DB68114AD0
:10052000D35C1A463B6A9342ECD3BB68402B05D19F
:10053000FB681B68FA69C3F8942004E0FB681B6839
:10054000FA69C3F89C20002306E0FB681B6E43F0A9
:100550000802FB681A66012318462C37BD465DF871
:10056000047B7047DC91020880B485B000AF7860EE
:1005700039607B681B685B6CFB60FB6803F00702FB
:100580003B681A60FB681B0A03F007023B685A606D
:10059000FB6803F018023B689A60FB685B0903F094
:1005A00001023B68DA60FB689B0903F001023B68CB
:1005B0001A61FB68DB0903F001023B685A61FB68C2
:1005C000DB0A03F001023B689A61FB681B0B03F036
:1005D00001023B68DA61FB685B0B03F001023B68D8
:1005E0001A62FB689B0B03F001023B685A62FB68CE
:1005F0001B0C03F07F023B689A62002318461437F5
:10060000BD465DF8047B704780B485B000AF78606C
:1006100039607B681B681B6CFB60FB68DAB23B6867
:100620001A60FB681B0A03F07F023B685A60FB6894
:10063000DB0B03F001023B689A60FB681B0CDAB22B
:100640003B68DA60002318461437BD465DF8047B2A
:10065000704780B485B000AF786039603B68402B4C
:1006600007D17B681B68D3F8903003F00F03FB6061
:1006700006E07B681B68D3F8983003F00F03FB603B
:10068000FB6818461437BD465DF8047B704780B49C
:1006900085B000AF78607B681B68D3F8C43003F086
:1006A0000703FB60FB6818461437BD465DF8047B02
:1006B000704780B487B000AFF860B9607A60FB68BB
:1006C00093F85C30FB75FB7D012B03D0FB7D022B87
:1006D00040F0C880FB681B689B6D3B61BB6803F002
:1006E0000703002B04D03B6903F00103002B3BD030
:1006F000BB6803F03803002B04D03B6903F002030E
:10070000002B31D0BB6803F4E073002B04D03B69AD
:1007100003F00403002B27D0BB6803F4F053002B35
:1007200004D03B6903F00803002B1DD0BB6803F421
:100730006043002B04D03B6903F01003002B13D05F
:10074000BB6803F44033002B04D03B6903F0200363
:10075000002B09D0BB6803F47C03002B0CD03B6951
:1007600003F04003002B07D1FB681B68DA6DFB68C0
:100770001B6842F00102DA65BB6803F00703002B37
:1007800004D03B6903F00103002B3BD1BB6803F0AD
:100790003803002B04D03B6903F00203002B31D156
:1007A000BB6803F4E073002B04D03B6903F004033F
:1007B000002B27D1BB6803F4F053002B04D03B6916
:1007C00003F00803002B1DD1BB6803F46043002B2A
:1007D00004D03B6903F01003002B13D1BB6803F472
:1007E0004033002B04D03B6903F02003002B09D1D8
:1007F000BB6803F47C03002B0CD03B6903F040037F
:10080000002B07D0FB681B68DA6DFB681B6842F0A1
:100810000202DA65BB6803F08003002B09D0FB6895
:100820001B68D3F8DC10FB681B687A680A43C3F8BE
:10083000DC20BB6803F48073002B09D0FB681B68C5
:10084000D3F8E010FB681B687A680A43C3F8E0201D
:10085000FB681B68596DFB681B68BA680A435A65D8
:10086000002306E0FB681B6E43F00202FB681A6679
:10087000012318461C37BD465DF8047B704780B5E0
:100880008CB000AF78607B681B681B6D03F4E0538D
:10089000FB627B681B685B6DFA6A1340FB627B68D6
:1008A0001B681B6D03F00703BB627B681B685B6DF5
:1008B000BA6A1340BB627B681B681B6D03F0380388
:1008C0007B627B681B685B6D7A6A13407B627B6826
:1008D0001B681B6D03F471033B627B681B685B6DD7
:1008E0003A6A13403B627B681B681B6D03F460230C
:1008F000FB617B681B685B6DFA691340FB617B6879
:100900001B685B6DBB617B681B681B6D7B617B69D2
:100910009B0903F00103002B0CD0BB699B0903F07A
:100920000103002B06D07B681B6840221A6578689B
:1009300000F017F97B691B0A03F00103002B1AD0A2
:10094000BB691B0A03F00103002B14D07B681B68F2
:10095000D3F8D8303B617B681B68D3F8E0303A6944
:1009600013403B617B681B684FF480721A653969DC
:10097000786800F0D7F8FB6A002B07D07B681B680B
:10098000FA6A1A65F96A786800F0ACF8BB6A002B5D
:1009900007D07B681B68BA6A1A65B96A7868F1F78C
:1009A000CFFA7B6A002B07D07B681B687A6A1A65CE
:1009B000796A786800F0A1F87B695B0A03F00103AB
:1009C000002B0DD0BB695B0A03F00103002B07D09D
:1009D0007B681B684FF400721A65786800F098F81D
:1009E0007B69DB0903F00103002B19D0BB69DB092C
:1009F00003F00103002B13D07B681B68D3F8D430BD
:100A0000FB607B681B68D3F8DC30FA681340FB603E
:100A10007B681B6880221A65F9687868F1F734FBF7
:100A20007B695B0B03F00103002B0DD0BB695B0BF3
:100A300003F00103002B07D07B681B684FF40052C2
:100A40001A65786800F079F87B69DB0B03F0010325
:100A5000002B0DD0BB69DB0B03F00103002B07D08B
:100A60007B681B684FF400421A65786800F06FF8E5
:100A70007B699B0B03F00103002B10D0BB699B0B20
:100A800003F00103002B0AD07B681B684FF48042FF
:100A90001A657B681B6E43F080027B681A66FB69EF
:100AA000002B07D07B681B68FA691A65F9697868BA
:100AB000F1F736FB3B6A002B09D07B681B683A6A6A
:100AC0001A657B681A6E3B6A1A437B681A667B68F4
:100AD0001B6E002B02D07868F1F7FCFA00BF3037AC
:100AE000BD4680BD80B483B000AF7860396000BF80
:100AF0000C37BD465DF8047B704780B483B000AF0F
:100B00007860396000BF0C37BD465DF8047B7047E4
:100B100080B483B000AF786000BF0C37BD465DF88D
:100B2000047B704780B483B000AF7860396000BF49
:100B30000C37BD465DF8047B704780B483B000AFCE
:100B4000786000BF0C37BD465DF8047B704780B409
:100B500083B000AF786000BF0C37BD465DF8047B02
:100B6000704780B483B000AF786000BF0C37BD46DB
:100B70005DF8047B704780B483B000AF78607B6819
:100B80001B6E18460C37BD465DF8047B70470000AD
:100B900080B485B000AF7860274BBB607B68BA68D3
:100BA0001A647B681B68D3F8803023F4F8117B68E3
:100BB0005B6B1A047B681B680A43C3F88020BB6820
:100BC00003F170027B685A647B681B68D3F880303D
:100BD00023F070617B689B6B1A067B681B680A4375
:100BE000C3F88020BB6803F1B0027B689A64BB68DD
:100BF00003F5C4727B68DA64BB6803F518727B681E
:100C00001A65BB6803F51E727B685A65BB68FB609A
:100C100005E0FB6800221A60FB680433FB60BB68D8
:100C200003F55473FA689A42F3D300BF00BF143738
:100C3000BD465DF8047B704700AC004080B489B0CD
:100C400000AFF860B9607A603B60BB685B68002BFE
:100C50000AD1BB681A69BB689B681A43BB681B68EA
:100C60009B041343FB610AE0BB681A69BB689B687D
:100C70001A43BB681B68134343F08043FB61BB68A6
:100C80001B6A1A06BB68DB691A43BB689B691A4377
:100C9000BB685B691A43BB68DB681B0413433B6199
:100CA000FB68596D3A681346DB001344DB000B44C4
:100CB000BB61BB69FA691A60BB690433BB61BB697C
:100CC0003A691A60BB690433BB6100237B6120E091
:100CD0007B6903337A6813441B781A067B690233F5
:100CE00079680B441B781B041A437B6901337968CC
:100CF0000B441B781B02134379687A690A44127803
:100D00001A43BB691A60BB690433BB617B69043356
:100D10007B61BB68DB68064AD35C1A467B699342F9
:100D2000D6D300BF00BF2437BD465DF8047B7047B3
:100D3000DC91020880B586B000AFF860B960C7E901
:100D400000231B4B1B78012B01D102232CE0184BF5
:100D500001221A70164B00225A604FF47A7000F08C
:100D6000B1F80346FB75FB7D002B19D1104AFB68D7
:100D70009360104B3B61D7E90023B86800F0EAF8B4
:100D80004FF47A7000F09EF80346FB753B691A68D1
:100D9000074B9B6823F00043DB431A403B691A6012
:100DA000034B00221A70FB7D18461837BD4680BDE4
:100DB000C40403202820024080B483B000AF002385
:100DC000FB710B4B9B6A002B0BDA094B094A9A60AB
:100DD000074B094A9A60064B9B6A002B01DA0123F4
:100DE000FB71FB7918460C37BD465DF8047B7047F4
:100DF0000020024023016745AB89EFCD80B483B06A
:100E000000AF0123FB71094B9B6A084A43F0004382
:100E10009362064B9B6A002B01DA0023FB71FB797E
:100E200018460C37BD465DF8047B70470020024031
:100E300080B400AF0C4B9B6A03F08043002B0DD0B5
:100E4000094B0A4A1A61084B094A1A61064B9B6A08
:100E500003F08043002B01D0012300E0002318465B
:100E6000BD465DF8047B7047002002403B2A19080C
:100E70007F6E5D4C80B400AF094B9B6A084A43F01B
:100E800080439362064B9B6A03F08043002B01D0A2
:100E9000002300E001231846BD465DF8047B70473F
:100EA0000020024080B400AF054B9B6A044A43F027
:100EB0000063936201231846BD465DF8047B7047CA
:100EC0000020024080B586B000AF7860FEF73EF9A2
:100ED00002467B6813447B610BE07B68B3F1FF3F04
:100EE00007D0FEF733F902467B69934201D803230A
:100EF00025E0154B1B6A03F48033002BEDD1134B17
:100F00003B613B691A6842F2FA031340FB60FB68DD
:100F1000002B0AD00E4B5A68FB6813430C4A5360EF
:100F20003B69FA681A60012309E03B691B6803F01A
:100F30000103002B02D03B6901221A6000231846EE
:100F40001837BD4680BD00BF00200240202002406F
:100F5000C404032080B489B000AFF860C7E900235F
:100F6000164BFB61EFF310833B613B69BB6172B6CB
:100F700000BFFB691B6843F00102FB691A60FB6854
:100F80003A681A60BFF36F8F00BFD7E900014FF0D6
:100F900000024FF000030A000023F96804311346F1
:100FA0000B60BB697B617B6983F3108800BF00BF66
:100FB0002437BD465DF8047B704700BF28200240FF
:100FC00080B586B000AF78603960334B1B78012B59
:100FD00001D102235CE0304B01221A702E4B00221B
:100FE0005A604FF47A70FFF76DFF0346FB75FB7D87
:100FF000002B49D17B681B68274A9360274BFB6015
:10100000254B9B6823F0004348F2040293420BD126
:101010007B685B68184600F0F7F84FF47A70FFF7CA
:1010200051FF0346FB7525E03B684FF0FF321A6025
:101030007B689B683B6115E07B685B681946386993
:1010400000F01EF94FF47A70FFF73CFF0346FB7582
:10105000FB7D002B03D03B683A691A600AE03B69CC
:1010600001333B617B689A687B68DB6813443A69AB
:101070009A42E1D3FB681A68074B9B6823F0004350
:10108000DB431A40FB681A60034B00221A70FB7D99
:1010900018461837BD4680BDC404032028200240EE
:1010A00080B584B000AF78602F4B1B78012B01D145
:1010B000022354E02C4B01221A702B4B00225A6061
:1010C0004FF47A70FFF7FEFE0346FB73FB7B002BA9
:1010D00041D17B681B6803F00103002B08D07B68BB
:1010E00058687B6899687B68DB681A4600F00CF9E1
:1010F0007B681B6803F00203002B04D07B681B692C
:10110000184600F04BF97B681B6803F00403002BC2
:1011100007D07B685A697B689B691946104600F0C6
:1011200051F97B681B6803F00803002B07D07B682C
:10113000DA697B681B6A1946104600F04DFA0B4BC2
:101140009B6A0A4A43F4003393624FF47A70FFF7C4
:10115000B9FE0346FB73044B00221A70FB7B184652
:101160001037BD4680BD00BFC404032000200240EC
:1011700080B582B000AF78607B6806221A607B6819
:101180005B68012B0BD07B685B68022B07D07B6808
:101190005B68042B03D07B685B68082B0FD17B68EE
:1011A0001B6843F001027B681A607B6858687B68A3
:1011B00003F108017B680C331A4600F031FA00F0A5
:1011C00081FA02467B681A6100F098FA02467B6851
:1011D0009A617B68DB69012B03D07B68DB69022B9A
:1011E0000DD17B681B6843F008027B681A607B683E
:1011F000DA697B6820331946104600F093FA00BF85
:101200000837BD4680BD000080B485B000AF78606F
:10121000194BFB60194B1B6C03F48003002B16D099
:101220007B6803F00103002B05D0FB681B6843F0CB
:101230000402FB681A607B6803F00203002B0ED0E7
:10124000FB681B6843F40042FB681A6007E0FB6818
:101250001B6843F4004343F00403FA681360FB681F
:101260001B6843F48032FB681A6000BF1437BD4628
:101270005DF8047B704700BF282002400020024038
:1012800080B485B000AF786039601D4BFB601D4BAA
:101290001B6C03F48003002B06D1FB681B6823F44E
:1012A0000062FB681A6011E03B6803F00103002B49
:1012B00006D0FB681B6823F40062FB681A6005E037
:1012C000FB681B6843F40062FB681A60FB681B68DC
:1012D00023F47E7323F002037A68D200134343F0B1
:1012E0000202FB681A60FB681B6843F48032FB68EB
:1012F0001A6000BF1437BD465DF8047B704700BF1D
:10130000282002400020024080B485B000AFF86081
:10131000B9607A60FB68012B0BD11F4B9B6D23F0EA
:101320007F127B681904BB680B431B4913438B6511
:101330002BE0FB68022B0BD1174BDB6D23F07F12E8
:101340007B681904BB680B4313491343CB651CE04E
:10135000FB68042B0BD1104B9B6E23F07F127B6834
:101360001904BB680B430C4913438B660DE0FB6803
:10137000082B0AD1084BDB6E23F07F127B6819041F
:10138000BB680B4304491343CB6600BF1437BD460B
:101390005DF8047B704700BF0020024080B483B03A
:1013A00000AF7860064B1B6C23F0FF0204497B689A
:1013B00013430B6400BF0C37BD465DF8047B7047D8
:1013C0000020024080B485B000AF7860396000230F
:1013D000FB600023BB607B6803F00103002B09D096
:1013E0003B6803F4E063FA681343FB60BB6843F4B3
:1013F000E063BB607B6803F00203002B09D03B680D
:1014000003F48053FA681343FB60BB6843F48053D2
:10141000BB607B6803F00403002B09D03B6803F436
:101420000053FA681343FB60BB6843F40053BB608E
:101430007B6803F00803002B09D03B6803F480436A
:10144000FA681343FB60BB6843F48043BB607B686E
:1014500003F01003002B09D03B6803F48033FA68D3
:101460001343FB60BB6843F48033BB607B6803F0CD
:101470002003002B09D03B6803F40033FA681343C0
:10148000FB60BB6843F40033BB607B6803F0400340
:10149000002B09D03B6803F48023FA681343FB60F8
:1014A000BB6843F48023BB607B6803F08003002BA0
:1014B00009D03B6803F40023FA681343FB60BB6860
:1014C00043F40023BB607B6803F48073002B09D0D6
:1014D0003B6803F48013FA681343FB60BB6843F472
:1014E0008013BB607B6803F40073002B09D03B685A
:1014F00003F40013FA681343FB60BB6843F4001362
:10150000BB607B6803F40063002B09D03B6803F0E9
:101510008073FA681343FB60BB6843F08073BB6061
:101520007B6803F48053002B09D03B6803F0007301
:10153000FA681343FB60BB6843F00073BB607B68D1
:1015400003F40053002B09D03B6803F08063FA6872
:101550001343FB60BB6843F08063BB607B6803F4AC
:101560008043002B09D03B6803F00063FA68134303
:10157000FB60BB6843F00063BB607B6803F400431F
:10158000002B09D03B6803F08053FA681343FB60DB
:10159000BB6843F08053BB607B6803F48033002B4F
:1015A00009D03B6803F00043FA681343FB60BB6853
:1015B00043F00043BB60074B1A6CBB68DB431A4027
:1015C0000449FB6813430B6400BF1437BD465DF844
:1015D000047B70470020024080B483B000AF786085
:1015E00039607B68012B08D10C4B5B6C03F07F02E8
:1015F0000A493B6813434B640AE07B68022B07D11E
:10160000064B9B6C03F07F0204493B6813438B64D9
:1016100000BF0C37BD465DF8047B704700200240D8
:1016200080B485B000AFF860B9607A60FB68012BC8
:101630000DD1234B9B6D03F07F02BB681A60204BDA
:101640009B6D1B0C03F07F027B681A6031E0FB6826
:10165000022B0DD11A4BDB6D03F07F02BB681A60C1
:10166000174BDB6D1B0C03F07F027B681A6020E0D8
:10167000FB68042B0DD1124B9B6E03F07F02BB68FD
:101680001A600F4B9B6E1B0C03F07F027B681A6085
:101690000FE0FB68082B0CD1094BDB6E03F07F02D7
:1016A000BB681A60064BDB6E1B0C03F07F027B6885
:1016B0001A6000BF1437BD465DF8047B704700BF59
:1016C0000020024080B483B000AF0B4B1B6CDBB238
:1016D0007B607B68AA2B07D07B68552B04D07B6886
:1016E000CC2B01D0BB2300E07B6818460C37BD46ED
:1016F0005DF8047B704700BF0020024080B483B0D7
:1017000000AF074B1B6C7B607B6823F0FF037B60A3
:101710007B6818460C37BD465DF8047B704700BFF8
:101720000020024080B483B000AF786039607B68ED
:10173000012B06D10A4B5B6C23F07F023B681A60D9
:1017400008E07B68022B05D1054B9B6C23F07F02E0
:101750003B681A6000BF0C37BD465DF8047B7047DC
:101760000020024080B487B000AF78603960002369
:101770007B6158E13B681A6801217B6901FA03F338
:101780001340FB60FB68002B00F04A813B685B68FC
:1017900003F00303012B05D03B685B6803F00303F0
:1017A000022B30D17B689B683B617B695B00032225
:1017B00002FA03F3DB433A6913403B613B68DA68A2
:1017C0007B695B0002FA03F33A6913433B617B6870
:1017D0003A699A607B685B683B6101227B6902FA27
:1017E00003F3DB433A6913403B613B685B681B09C9
:1017F00003F001027B6902FA03F33A6913433B6188
:101800007B683A695A603B685B6803F00303032B0B
:1018100017D07B68DB683B617B695B00032202FABF
:1018200003F3DB433A6913403B613B689A687B6989
:101830005B0002FA03F33A6913433B617B683A6940
:10184000DA603B685B6803F00303022B23D17B69FA
:10185000DA087B68083253F822303B617B6903F079
:1018600007039B000F2202FA03F3DB433A6913409C
:101870003B613B681A697B6903F007039B0002FA2E
:1018800003F33A6913433B617B69DA087B680832EA
:10189000396943F822107B681B683B617B695B00F8
:1018A000032202FA03F3DB433A6913403B613B68CE
:1018B0005B6803F003027B695B0002FA03F33A6999
:1018C00013433B617B683A691A603B685B6803F4C9
:1018D0004033002B00F0A4805A4A7B699B081833E0
:1018E00052F823303B617B6903F00303DB000F22D6
:1018F00002FA03F3DB433A6913403B617B68524AC7
:10190000934225D07B68514A93421FD07B68504A4E
:10191000934219D07B684F4A934213D07B684E4A5A
:1019200093420DD07B684D4A934207D07B684C4A66
:10193000934201D106230CE007230AE0052308E0C7
:10194000042306E0032304E0022302E0012300E075
:1019500000237A6902F00302D20093403A691343EC
:101960003B6138497B699B0818333A6941F8232069
:10197000344B1B683B61FB68DB433A6913403B61B6
:101980003B685B6803F48013002B03D03A69FB6863
:1019900013433B612B4A3B6913602A4B5B683B61F5
:1019A000FB68DB433A6913403B613B685B6803F4C7
:1019B0000013002B03D03A69FB6813433B61214AB3
:1019C0003B6953601F4BD3F884303B61FB68DB43BA
:1019D0003A6913403B613B685B6803F40033002BBA
:1019E00003D03A69FB6813433B61164A3B69C2F86E
:1019F0008430144BD3F880303B61FB68DB433A6999
:101A000013403B613B685B6803F48033002B03D0D9
:101A10003A69FB6813433B610A4A3B69C2F880306C
:101A20007B6901337B613B681A687B6922FA03F3A7
:101A3000002B7FF49FAE00BF00BF1C37BD465DF892
:101A4000047B704700F4024000000242000402429E
:101A500000080242000C024200100242001402423E
:101A60000018024280B487B000AF7860396000236C
:101A70007B61C7E001227B6902FA03F33A681340F5
:101A80003B613B69002B00F0BA80654A7B699B088B
:101A9000183352F82330FB607B6903F00303DB004B
:101AA0000F2202FA03F3FA681340FB607B685D4A79
:101AB000934225D07B685C4A93421FD07B685B4A87
:101AC000934219D07B685A4A934213D07B68594A93
:101AD00093420DD07B68584A934207D07B68574A9F
:101AE000934201D106230CE007230AE0052308E016
:101AF000042306E0032304E0022302E0012300E0C4
:101B000000237A6902F00302D2009340FA689A42F5
:101B100036D1434BD3F880203B69DB434049134027
:101B2000C1F880303E4BD3F884203B69DB433C490D
:101B30001340C1F884303A4B5A683B69DB4338495B
:101B400013404B60364B1A683B69DB433449134002
:101B50000B607B6903F00303DB000F2202FA03F33F
:101B6000FB602F4A7B699B08183352F82310FB68EF
:101B7000DA432B487B699B080A40183340F823203E
:101B80007B681A687B695B00032101FA03F31A433F
:101B90007B681A607B69DA087B68083253F8221088
:101BA0007B6903F007039B000F2202FA03F3DB4378
:101BB0007A69D20819407B68083243F822107B68A2
:101BC0009A687B695B00032101FA03F3DB431A4047
:101BD0007B689A607B685A6801217B6901FA03F38C
:101BE000DB431A407B685A607B68DA687B695B007C
:101BF000032101FA03F3DB431A407B68DA607B6957
:101C000001337B613A687B6922FA03F3002B7FF48E
:101C100031AF00BF00BF1C37BD465DF8047B704785
:101C200000F40240000002420004024200080242A6
:101C3000000C02420010024200140242001802424C
:101C400080B485B000AF78600B467B807B681A69F2
:101C50007B881340002B02D00123FB7301E000239B
:101C6000FB73FB7B18461437BD465DF8047B704759
:101C700080B483B000AF78600B467B8013467B70E6
:101C80007B78002B03D07A887B689A6102E07A889F
:101C90007B689A6200BF0C37BD465DF8047B7047D5
:101CA00080B584B000AF78607B681B689B69FB607F
:101CB0007B681B681B68BB607B685B6B002B05D077
:101CC0007B685B6BBA68F9687868984700BF103723
:101CD000BD4680BD80B586B000AF78607B681B686C
:101CE0009B697B617B681B681B683B617B691B0A86
:101CF00003F00103002B10D03B69DB0903F0010363
:101D0000002B0AD07B685B6C43F001027B685A644D
:101D10007B681B684FF48072DA617B699B0A03F071
:101D20000103002B10D03B69DB0903F00103002BFA
:101D30000AD07B685B6C43F008027B685A647B685E
:101D40001B684FF48062DA617B695B0A03F0010370
:101D5000002B10D03B69DB0903F00103002B0AD0F4
:101D60007B685B6C43F002027B685A647B681B688B
:101D70004FF40072DA617B685B6CFB60FB6803F018
:101D80000B03002B03D0F968786800F0EBFB00BF71
:101D90001837BD4680BD80B483B000AF786000BF07
:101DA0000C37BD465DF8047B704780B483B000AF4C
:101DB000786000BF0C37BD465DF8047B704780B487
:101DC00083B000AF78600B46FB7013463B8000BFCA
:101DD0000C37BD465DF8047B704780B483B000AF1C
:101DE000786000BF0C37BD465DF8047B704780B457
:101DF00083B000AF786000BF0C37BD465DF8047B50
:101E0000704780B483B000AF786000BF0C37BD4628
:101E10005DF8047B704780B586B000AFF860B960AC
:101E20007A60FB68DB6A7B61BB683B61FB6893F8A7
:101E30004030012B01D10223EDE0FB68012283F841
:101E400040203B695B0903F00103002B0AD07B684B
:101E50005B0903F00103002B04D03969F86800F036
:101E6000C1F9D3E03B691B0903F00103002B4DD0FE
:101E70007B681B0903F00103002B47D0FB685B8DD7
:101E80009BB2002B28D1FB6893F84130DBB2282BA2
:101E900008D17B69B3F1007F04D13969F86800F09B
:101EA0000BFB32E0FB6893F84130DBB2292B0ED1FB
:101EB0007B6913F5803F0AD0FB681B681022DA614A
:101EC000F86800F066FCF86800F02DF91DE0FB688A
:101ED0001B681022DA6196E0FB681B681022DA6149
:101EE000FB685B6C43F00402FB685A647B69002B5F
:101EF00004D07B69B3F1807F40F08580FB685B6C28
:101F00001946F86800F02EFB7DE07CE03B699B08F9
:101F100003F00103002B30D07B689B0803F0010322
:101F2000002B2AD0FB685B8D9BB2002B18D0FB687E
:101F30001B685A6AFB685B6AD2B21A70FB685B6AFC
:101F40005A1CFB685A62FB681B8D013B9AB2FB6806
:101F50001A85FB685B8D9BB2013B9AB2FB685A8580
:101F6000FB685B8D9BB2002B4FD17B6913F5803FE3
:101F70004BD0F86800F0D7F847E03B69DB0803F086
:101F80000103002B0AD07B68DB0803F00103002B60
:101F900004D03969F86800F042F837E03B695B0823
:101FA00003F00103002B31D07B685B0803F00103D1
:101FB000002B2BD0FB685B8D9BB2002B18D0FB68ED
:101FC0005B6A1A78FB681B689A62FB685B6A5A1C3A
:101FD000FB685A62FB685B8D9BB2013B9AB2FB685F
:101FE0005A85FB681B8D013B9AB2FB681A850DE090
:101FF0007B69B3F1807F02D07B69002B06D1F86842
:1020000000F091F802E000BF00E000BFFB68002292
:1020100083F84020002318461837BD4680BD80B5A0
:1020200084B000AF786039607B6893F84130DBB2F0
:1020300003F02803282B6AD17B681B689B691B0C63
:10204000DBB203F00103FB737B681B689B691B0C0D
:102050009BB203F0FE03BB817B681B689B689BB24D
:10206000C3F309037B817B681B68DB689BB203F0C9
:10207000FE033B817B68DB68022B38D17B89DB095F
:102080009AB2BB8953409BB203F00603002B1CD1CC
:102090007B89BB817B689B6C5A1C7B689A647B68DC
:1020A0009B6C022B3BD17B6800229A647B681B6887
:1020B0000822DA617B68002283F84020BA89FB7B22
:1020C00019467868FFF77BFE29E03B89BB814FF416
:1020D0000041786800F09FFB7B68002283F8402075
:1020E000BA89FB7B19467868FFF769FE17E04FF461
:1020F0000041786800F08FFB7B68002283F8402065
:10210000BA89FB7B19467868FFF759FE07E07B68C0
:102110001B680822DA617B68002283F8402000BF38
:102120001037BD4680BD80B584B000AF78607B6855
:102130001B681B68FB607B68002283F84220FB68F9
:102140009B0B03F00103002B08D07B681B681A6807
:102150007B681B6822F480421A600DE0FB68DB0B91
:1021600003F00103002B07D07B681B681A687B68AB
:102170001B6822F400421A607B6893F84130DBB29E
:10218000292B12D17B68282283F841207B682122E9
:102190001A630121786800F03EFB7B68002283F817
:1021A00040207868FFF7F7FD17E07B6893F841302F
:1021B000DBB22A2B11D17B68282283F841207B686F
:1021C00022221A630221786800F025FB7B68002236
:1021D00083F840207868FFF7E8FD00BF1037BD4660
:1021E00080BD000080B586B000AF786039607B6844
:1021F0001B681B683B613B687B617B68DB6AFB603B
:102200007B6893F84130FB727B681B682022DA619F
:10221000FB7A212B02D0FB7A292B08D148F201014D
:10222000786800F0F8FA7B6821221A6319E0FB7ADB
:10223000222B02D0FB7A2A2B08D148F202017868BF
:1022400000F0E9FA7B6822221A630AE0FB7A282B65
:1022500007D148F20301786800F0DDFA7B680022BC
:102260001A637B681B685A687B681B6842F40042EB
:102270005A607B681B6859687B681A688C4B0B40F6
:102280005360786800F085FA3B699B0B03F001030B
:10229000002B13D07B681B681A687B681B6822F4CC
:1022A00080421A607B689B6B002B20D07B689B6B05
:1022B0001B685B689AB27B685A8518E03B69DB0B48
:1022C00003F00103002B12D07B681B681A687B683F
:1022D0001B6822F400421A607B68DB6B002B06D07F
:1022E0007B68DB6B1B685B689AB27B685A857B698D
:1022F0009B0803F00103002B20D07B6923F004032B
:102300007B617B681B685A6A7B685B6AD2B21A7011
:102310007B685B6A5A1C7B685A627B681B8D002B4A
:102320000CD07B681B8D013B9AB27B681A857B6859
:102330005B8D9BB2013B9AB27B685A857B685B8D53
:102340009BB2002B05D07B685B6C43F004027B687A
:102350005A647B691B0903F00103002B4AD03B69D7
:102360001B0903F00103002B44D07B685B8D9BB2FB
:10237000002B28D17B6893F84130DBB2282B08D1A1
:10238000FB68B3F1007F04D17969786800F094F8B4
:1023900030E07B6893F84130DBB2292B0ED1FB682B
:1023A00013F5803F0AD07B681B681022DA617868D9
:1023B00000F0EFF97868FFF7B6FE1BE07B681B685A
:1023C0001022DA6116E07B681B681022DA617B68F4
:1023D0005B6C43F004027B685A64FB68002B03D0FB
:1023E000FB68B3F1807F05D17B685B6C1946786828
:1023F00000F0B8F87B68002283F842207B68002256
:102400005A637B685B6C002B10D07B685B6C194651
:10241000786800F0A7F87B6893F84130DBB2282B8E
:1024200041D17969786800F047F83CE07B68DB6A65
:1024300013F5803F14D07868FFF775FE7B681D4A5E
:10244000DA627B68202283F841207B6800221A63CD
:102450007B68002283F840207868FFF7BEFC22E00A
:102460007B6893F84130DBB2222B0ED17B682022AF
:1024700083F841207B6800221A637B68002283F87E
:1024800040207868FFF791FC0DE07B68202283F8FC
:1024900041207B6800221A637B68002283F8402079
:1024A0007868FFF778FC00BF1837BD4680BD00BFD5
:1024B00000E800FE0000FFFF80B582B000AF78604A
:1024C00039607B68264ADA627B6800221A637B687F
:1024D000202283F841207B68002283F842207B6819
:1024E00000225A633B689B0803F00103002B22D0B3
:1024F0007B681B685A6A7B685B6AD2B21A707B6819
:102500005B6A5A1C7B685A627B681B8D002B12D059
:102510007B681B8D013B9AB27B681A857B685B8D5B
:102520009BB2013B9AB27B685A857B685B6C43F037
:1025300004027B685A6448F20301786800F06BF982
:102540007B681B681022DA617B68002283F84020D8
:102550007868FFF742FC00BF0837BD4680BD00BF6A
:102560000000FFFF80B584B000AF786039607B6801
:1025700093F84130FB737B68002283F842207B682C
:102580006D4ADA627B6800225A857B685A6C3B6828
:102590001A437B685A64FB7B282B05D0FB7B292BD5
:1025A00002D0FB7B2A2B0BD10321786800F033F992
:1025B0007B68282283F841207B68604A5A6330E0B8
:1025C00048F20301786800F026F9786800F0E1F835
:1025D0007B6893F84130DBB2602B1FD07B682022F0
:1025E00083F841207B681B689B6903F02003202B44
:1025F00014D17B681B689B6903F01003102B09D171
:102600007B681B681022DA617B685B6C43F0040214
:102610007B685A647B681B682022DA617B68002231
:102620005A637B681B6BBB607B689B6B002B39D04C
:10263000BB68112B02D0BB68212B33D17B681B6890
:102640001B6803F48043B3F5804F07D17B681B6898
:102650001A687B681B6822F480421A607B689B6B57
:102660001846FDF77DFA0346012B17D07B689B6B5C
:10267000334A1A647B68002283F840207B689B6B96
:102680001846FDF70EF90346002B4DD07B689B6B77
:102690001B6C7A68926B1046984745E0786800F0AA
:1026A00051F841E07B68DB6B002B39D0BB68122B03
:1026B00002D0BB68222B33D17B681B681B6803F4F4
:1026C0000043B3F5004F07D17B681B681A687B682D
:1026D0001B6822F400421A607B68DB6B1846FDF72A
:1026E0003FFA0346012B17D07B68DB6B144A1A6450
:1026F0007B68002283F840207B68DB6B1846FDF77F
:10270000D0F80346002B11D07B68DB6B1B6C7A681A
:10271000D26B1046984709E0786800F013F805E09E
:10272000786800F00FF802E000BF00E000BF00BFD3
:102730001037BD4680BD00BF0000FFFF171E010817
:10274000DB27010880B582B000AF78607B6893F822
:102750004130DBB2602B0ED17B68202283F8412010
:102760007B6800221A637B68002283F84020786827
:10277000FFF747FB09E07B6800221A637B680022B1
:1027800083F840207868FFF732FB00BF0837BD466A
:1027900080BD80B483B000AF78607B681B689B69A4
:1027A00003F00203022B03D17B681B6800229A62AC
:1027B0007B681B689B6903F00103012B07D07B68D2
:1027C0001B689A697B681B6842F001029A6100BF2E
:1027D0000C37BD465DF8047B704780B584B000AF10
:1027E00078607B689B6AFB60FB689B6B002B03D067
:1027F000FB689B6B00221A64FB68DB6B002B03D029
:10280000FB68DB6B00221A64F868FFF79BFF00BFD0
:102810001037BD4680BD80B485B000AF78600B46F0
:102820007B800023FB607B8803F00103002B0FD02B
:10283000FB6843F04203FB607B6893F84130DBB2F6
:1028400003F02803282B03D0FB6843F0B003FB60A0
:102850007B8803F00203002B0FD0FB6843F0440396
:10286000FB607B6893F84130DBB203F02803282B30
:1028700003D0FB6843F0B003FB60B7F90230002BD4
:1028800003DAFB6843F0B803FB607B88102B03D1AD
:10289000FB6843F09003FB607B88202B03D1FB682F
:1028A00043F02003FB607B88402B03D1FB6843F09F
:1028B0004003FB607B681B681968FB68DA437B6830
:1028C0001B680A401A6000BF1437BD465DF8047BE0
:1028D0007047000080B485B000AF78600023FB73C0
:1028E0000B4B1B6803F00103002B02D00123FB7389
:1028F00007E0074B1B6823F0040205497B6813437C
:102900000B60FB7B18461437BD465DF8047B7047AF
:102910000004034080B400AF054B1B68044A43F039
:102920000103136000231846BD465DF8047B704721
:102930000004034080B584B000AF78607B68002B52
:1029400001D10123C0E07B6893F89132DBB2002B08
:1029500006D17B68002283F890227868FCF7B2F8F1
:102960007B68032283F891227B681B68184605F078
:102970007DF90023FB733EE0FA7B796813469B00E8
:102980001344DB000B44113301221A70FA7B79687F
:1029900013469B001344DB000B441033FA7B1A7080
:1029A000FA7B796813469B001344DB000B44133316
:1029B00000221A70FA7B796813469B001344DB00EF
:1029C0000B44203300221A60FA7B796813469B007F
:1029D0001344DB000B44243300221A60FB7B79682C
:1029E0005A1C13469B001344DB000B4400221A6060
:1029F000FB7B0133FB737B681B79FA7B9A42BBD369
:102A00000023FB7344E0FA7B796813469B00134470
:102A1000DB000B4403F2511300221A70FA7B796831
:102A200013469B001344DB000B4403F5A873FA7BA9
:102A30001A70FA7B796813469B001344DB000B4441
:102A400003F2531300221A70FA7B796813469B0035
:102A50001344DB000B4403F5B07300221A60FA7BC9
:102A6000796813469B001344DB000B4403F5B273F3
:102A700000221A60FA7B796813469B001344DB003E
:102A80000B4403F5B47300221A60FB7B0133FB7324
:102A90007B681B79FA7B9A42B5D37B6818687B68A0
:102AA000043393E8060005F0FCF87B6800221A73F3
:102AB0007B68012283F891227B689B7A012B02D1EB
:102AC000786801F040FC002318461037BD4680BDF1
:102AD00080B582B000AF78607B6893F89032012BAC
:102AE00001D1022312E07B68012283F890227B68E7
:102AF0001B68184605F0A3F87B681B68184607F0AA
:102B000065FB7B68002283F8902200231846083773
:102B1000BD4680BD80B584B000AF78607B681B681F
:102B2000184607F06AFBF860FB6803F40043002BCB
:102B300003D0786800F004FB10E1FB6803F48063C5
:102B4000002B13D07B681B68B3F844309AB27B68C3
:102B50001B6822F4806292B2A3F84420786810F0D7
:102B60009BF90021786800F0FCF8F7E0FB6803F4BB
:102B70008043002B0CD07B681B68B3F844309AB2BA
:102B80007B681B6822F4804292B2A3F84420E5E0FF
:102B9000FB6803F40053002B0CD07B681B68B3F870
:102BA00044309AB27B681B6822F4005292B2A3F8B8
:102BB0004420D3E0FB6803F48053002B34D07B68BF
:102BC0001B68B3F840309AB27B681B6822F004029D
:102BD00092B2A3F840207B681B68B3F840309AB2E9
:102BE0007B681B6822F0080292B2A3F840207B6841
:102BF00093F8C832012B07D17B68002283F8C822E2
:102C00000021786801F0C9FB786810F07DF97B68D5
:102C10001B68B3F844309AB27B681B6822F4805278
:102C200092B2A3F8442099E0FB6803F40063002B00
:102C300027D07B681B68B3F840309AB27B681B686A
:102C400042F0080292B2A3F840207B681B68B3F8F8
:102C500044309AB27B681B6822F4006292B2A3F8F7
:102C600044207B681B68B3F840309AB27B681B68CD
:102C700042F0040292B2A3F84020786810F02AF9DA
:102C80006CE0FB6803F08003002B40D07B681B687E
:102C9000B3F844309AB27B681B6822F0800292B28B
:102CA000A3F844207B6893F8C832002B2BD17B68B3
:102CB0001B68B3F840309AB27B681B6842F004028C
:102CC00092B2A3F840207B681B68B3F840309AB2F8
:102CD0007B681B6842F0080292B2A3F840207B6830
:102CE000012283F8C8227B681B68B3F854309BB27A
:102CF0009B0803F03C027B68C3F8CC220121786872
:102D000001F04BFB2AE0786810F0E4F826E0FB685D
:102D100003F40073002B0FD07B681B68B3F84430BA
:102D20009AB27B681B6822F4007292B2A3F8442026
:102D3000786810F0A3F811E0FB6803F48073002BAF
:102D40000CD07B681B68B3F844309AB27B681B6870
:102D500022F4807292B2A3F8442000BF1037BD461F
:102D600080BD80B582B000AF78600B46FB707B6899
:102D700093F89032012B01D1022312E07B680122EB
:102D800083F890227B68FA781A737B681B68FA785C
:102D90001146184607F006FA7B68002283F8902255
:102DA000002318460837BD4680BD80B584B000AF0B
:102DB0007860084611461A460346FB700B463B8076
:102DC0001346BB700023FB7297F90330002B0EDA19
:102DD000FB7803F0070213469B001344DB0010331B
:102DE0007A681344FB60FB6801225A700EE0FB789E
:102DF00003F0070213469B001344DB0003F5A8739E
:102E00007A681344FB60FB6800225A70FB7803F079
:102E10000703DAB2FB681A703A88FB681A61FB682C
:102E2000BA78DA70BB78022B02D1FB6800221A71E3
:102E30007B6893F89032012B01D102230EE07B686E
:102E4000012283F890227B681B68F968184604F019
:102E500047FF7B68002283F89022FB7A18461037E0
:102E6000BD4680BD80B584B000AF78600B46FB7076
:102E700097F90330002B0EDAFB7803F007021346B4
:102E80009B001344DB0010337A681344FB60FB683B
:102E900001225A700EE0FB7803F0070213469B00F4
:102EA0001344DB0003F5A8737A681344FB60FB68E6
:102EB00000225A70FB7803F00703DAB2FB681A703D
:102EC0007B6893F89032012B01D102230EE07B68DE
:102ED000012283F890227B681B68F968184605F088
:102EE000C3FA7B68002283F890220023184610372B
:102EF000BD4680BD80B586B000AFF8607A603B60AB
:102F00000B46FB72FB7A03F0070213469B00134447
:102F1000DB0003F5A873FA6813447B617B697A6868
:102F20005A617B693A689A617B690022DA617B6940
:102F300000225A70FB7A03F00703DAB27B691A7039
:102F4000FB681B687969184605F07BFC002318466E
:102F50001837BD4680BD80B483B000AF78600B46A3
:102F6000FB70FB7803F00702796813469B0013445B
:102F7000DB000B4403F5B6731B6818460C37BD46DF
:102F80005DF8047B704780B586B000AFF8607A606A
:102F90003B600B46FB72FB7A03F0070213469B0073
:102FA0001344DB001033FA6813447B617B697A6851
:102FB0005A617B693A689A617B69012283F824200F
:102FC0007B693A681A627B690022DA617B690122B7
:102FD0005A70FB7A03F00703DAB27B691A70FB6858
:102FE0001B687969184605F02CFC00231846183731
:102FF000BD4680BD80B584B000AF78600B46FB70E5
:10300000FB7803F007037A681279934201D9012310
:103010003EE097F90330002B0EDAFB7803F007024D
:1030200013469B001344DB0010337A681344FB60A3
:10303000FB6801225A700CE0FA7813469B00134497
:10304000DB0003F5A8737A681344FB60FB68002279
:103050005A70FB6801229A70FB7803F00703DAB21A
:10306000FB681A707B6893F89032012B01D1022320
:103070000EE07B68012283F890227B681B68F96868
:10308000184606F090FF7B68002283F89022002308
:1030900018461037BD4680BD80B584B000AF78605B
:1030A0000B46FB70FB7803F00F037A6812799342AA
:1030B00001D9012340E097F90330002B0EDAFB78A9
:1030C00003F0070213469B001344DB0010337A68B9
:1030D0001344FB60FB6801225A700EE0FB7803F09A
:1030E000070213469B001344DB0003F5A8737A68BC
:1030F0001344FB60FB6800225A70FB6800229A7040
:10310000FB7803F00703DAB2FB681A707B6893F868
:103110009032012B01D102230EE07B68012283F85B
:1031200090227B681B68F968184606F08DFF7B6863
:10313000002283F89022002318461037BD4680BD38
:1031400080B596B000AF7860ADE37B681B68B3F8DC
:103150004430A7F84830B7F84830DBB203F00F032B
:1031600087F84F3097F84F30002B40F06F81B7F859
:10317000483003F01003002B4CD17B681B681B8880
:103180009BB223F4E14323F07003FB817B681A6850
:10319000FB896FEA43436FEA53439BB213807B681A
:1031A00010337B657B681B68B3F850309BB21A46BE
:1031B0007B6D1B78DB0013447A681268134403F2BA
:1031C00002431B88C3F309027B6DDA617B6D5A6988
:1031D0007B6DDB691A447B6D5A61002178680FF0C2
:1031E00033FE7B681B7BDBB2002B00F05C837B6DC6
:1031F0009B69002B40F057837B681B7BDBB263F03D
:103200007F03DAB27B681B68A3F84C207B6800223E
:103210001A7348E37B6803F5A8737B657B681B68BA
:103220001B88A7F84C30B7F84C3003F40063002B30
:1032300032D07B681B68B3F850309BB21A467B6D66
:103240001B78DB0013447A681268134403F20643C8
:103250001B88C3F309027B6DDA617B6818687B68A1
:1032600003F526717B6DDA887B6DDB699BB207F015
:1032700017F87B681B681B889AB240F68F7313405F
:103280003B827B681B683A8A42F0800292B21A80C5
:1032900078680FF09EFD06E3B7F94C30002B80F202
:1032A00002837B681B681B889AB240F68F731340B9
:1032B000FB837B681B68FA8B42F0800292B21A8013
:1032C0007B681B68B3F850309BB21A467B6D1B7845
:1032D000DB0013447A681268134403F206431B8828
:1032E000C3F309027B6DDA617B6DDB69002B19D0BA
:1032F0007B6D5B69002B15D07B6818687B6D596905
:103300007B6DDA887B6DDB699BB206F0C9FF7B6D54
:103310005A697B6DDB691A447B6D5A6100217868BC
:103320000FF077FD7B681B681B88A7F84C30B7F857
:103330004C3003F40063002B40F0B582B7F84C30FA
:1033400003F44053B3F5405F00F0AD827B681B6827
:10335000BB617B681B68B3F850309BB21A46BB69EF
:103360001344BB61BB6903F206437B617B691B8825
:103370009BB2C3F309039AB27B691A807B6D1B6908
:10338000002B0AD17B691B889BB26FEA43436FEA2B
:1033900053439AB27B691A8039E07B6D1B693E2BDF
:1033A00018D87B6D1B695B087B647B6D1B6903F020
:1033B0000103002B02D07B6C01337B647B691B888B
:1033C0009AB27B6C9BB29B029BB213439AB27B690D
:1033D0001A801CE07B6D1B695B097B647B6D1B693C
:1033E00003F01F03002B02D17B6C013B7B647B69E4
:1033F0001B889AB27B6C9BB29B029BB213439BB21D
:103400006FEA43436FEA53439AB27B691A807B6841
:103410001B681B889BB223F4804323F070037B82DC
:103420007B8A83F480537B827B8A83F400537B8284
:103430007B681A687B8A43F07F4343F47F0343F43D
:10344000004343F080039BB213802CE27B681B682F
:103450001A4697F84F309B0013441B88A7F84C304E
:10346000B7F94C30002B80F2F6807B681B681A4657
:1034700097F84F309B0013441B889AB240F68F7325
:103480001340A7F84A307B681B681A4697F84F30FC
:103490009B001344B7F84A2042F0800292B21A808F
:1034A00097F84F2013469B001344DB0003F5A873E5
:1034B0007A6813447B657B6D1B7B002B23D17B6873
:1034C0001B68B3F850309BB21A467B6D1B78DB004B
:1034D00013447A681268134403F206431B88C3F34B
:1034E0000903A7F85030B7F85030002B00F08E8059
:1034F0007B6818687B6D59697B6DDA88B7F8503046
:1035000006F0CEFE82E07B6DDB78022B0AD1B7F8A5
:103510004C301A46796D786800F0D3F90346A7F865
:10352000503073E07B681B681A467B6D1B789B00EC
:1035300013441B889BB223F4E04323F07003A7F8E5
:1035400052307B681B681A467B6D1B789B001A44BF
:10355000B7F8523043F07F4343F47F0343F4004312
:1035600043F0C0039BB213807B681B681A467B6DD7
:103570001B789B0013441B889BB203F48043002BF1
:1035800022D07B681B68B3F850309BB21A467B6D23
:103590001B78DB0013447A681268134403F2024379
:1035A0001B88C3F30903A7F85030B7F85030002B3D
:1035B0002CD07B6818687B6D59697B6D1A89B7F8C8
:1035C000503006F06DFE21E07B681B68B3F8503088
:1035D0009BB21A467B6D1B78DB0013447A68126835
:1035E000134403F206431B88C3F30903A7F85030C2
:1035F000B7F85030002B09D07B6818687B6D59698B
:103600007B6D5A89B7F8503006F04AFE7B6DDA6957
:10361000B7F850301A447B6DDA617B6D5A69B7F8A0
:1036200050301A447B6D5A617B6D9B69002B05D02D
:10363000B7F850207B6D1B699A4206D27B6D1B78D0
:10364000194678680FF0E5FB05E07B681B68796D2B
:10365000184605F0F6F8B7F84C3003F08003002B5D
:1036600000F0218197F84F2013469B001344DB00A4
:1036700010337A6813447B657B681B681A4697F899
:103680004F309B0013441B889BB223F4E14323F08B
:103690007003A7F842307B681B681A4697F84F30D2
:1036A0009B001A44B7F842306FEA43436FEA534332
:1036B0009BB213807B6DDB78012B40F0A2807B6D89
:1036C00000229A617B6D1B7B002B00F09380B7F882
:1036D0004C3003F04003002B46D07B6D5B78002B11
:1036E00026D17B681B687B627B681B68B3F850300F
:1036F0009BB21A467B6A13447B627B6D1B78DA00AF
:103700007B6A134403F202433B623B6A1B889BB211
:10371000C3F309039AB23B6A1A803B6A1B889BB2C7
:103720006FEA43436FEA53439AB23B6A1A8061E0FF
:103730007B6D5B78012B5DD17B681B68FB627B68CE
:103740001B68B3F850309BB21A46FB6A1344FB6205
:103750007B6D1B78DA00FB6A134403F20243BB6201
:10376000BB6A00221A8045E07B681B68FB637B6DA7
:103770005B78002B26D17B681B687B637B681B68AA
:10378000B3F850309BB21A467B6B13447B637B6D5E
:103790001B78DA007B6B134403F206433B633B6BFD
:1037A0001B889BB2C3F309039AB23B6B1A803B6B35
:1037B0001B889BB26FEA43436FEA53439AB23B6B59
:1037C0001A8017E07B6D5B78012B13D17B681B6837
:1037D000B3F850309BB21A46FB6B1344FB637B6D0E
:1037E0001B78DA00FB6B134403F20643BB63BB6B2D
:1037F00000221A807B6D1B78194678680FF024FB35
:1038000051E0B7F84C3003F48073002B44D17B684F
:103810001B68B3F850309BB21A467B6D1B78DB00F7
:1038200013447A681268134403F202431B88C3F3FB
:103830000903A7F840307B6D9A69B7F840309A4287
:1038400007D97B6D9A69B7F84030D21A7B6D9A61BF
:1038500002E07B6D00229A617B6D9B69002B06D193
:103860007B6D1B78194678680FF0EEFA1BE07B6DD4
:103870005A69B7F840301A447B6D5A617B6DDA693A
:10388000B7F840301A447B6DDA617B681B68796D4C
:10389000184604F0D6FF06E0B7F84C301A46796DAA
:1038A000786800F017F97B681B68B3F844309BB266
:1038B0001BB2002BFFF649AC002318465837BD4613
:1038C00080BD80B588B000AFF860B9601346FB805A
:1038D000FB8803F48043002B7CD0FB681B68B3F8A3
:1038E00050309BB21A46BB681B78DB001344FA6861
:1038F0001268134403F202431B88C3F309037B835A
:10390000BB689A697B8B9A4206D3BB689A697B8BAA
:10391000D21ABB689A6102E0BB6800229A61BB6858
:103920009B69002B23D1FB681B681A46BB681B7878
:103930009B0013441B889BB223F4804323F0700345
:103940003B833B8B83F400533B83FB681B681A4625
:10395000BB681B789B001A443B8B43F07F4343F4C6
:103960007F0343F4004343F080039BB21380FB8842
:1039700003F04003002B1FD0FB681B681A46BB688E
:103980001B789B0013441B889BB223F4E04323F075
:103990007003FB82FB681B681A46BB681B789B00A0
:1039A0001A44FB8A43F07F4343F47F0343F400430C
:1039B00043F0C0039BB213807B8B002B00F085800B
:1039C000FB681868BB685969BB681A897B8B06F06D
:1039D00067FC7AE0FB681B68B3F850309BB21A466C
:1039E000BB681B78DB001344FA681268134403F2C7
:1039F00006431B88C3F309037B83BB689A697B8BEF
:103A00009A4206D3BB689A697B8BD21ABB689A61CB
:103A100002E0BB6800229A61BB689B69002B23D13E
:103A2000FB681B681A46BB681B789B0013441B8805
:103A30009BB223F4804323F07003FB83FB8B83F45E
:103A40000053FB83FB681B681A46BB681B789B000E
:103A50001A44FB8B43F07F4343F47F0343F400435A
:103A600043F080039BB21380FB8803F04003002BDC
:103A70001FD1FB681B681A46BB681B789B00134468
:103A80001B889BB223F4E04323F07003BB83FB68E5
:103A90001B681A46BB681B789B001A44BB8B43F01B
:103AA0007F4343F47F0343F4004343F0C0039BB2DE
:103AB00013807B8B002B08D0FB681868BB685969A2
:103AC000BB685A897B8B06F0EBFB7B8B1846203753
:103AD000BD4680BD80B5A4B000AFF860B9601346A4
:103AE000FB80FB8803F04003002B00F0DB81FB68C8
:103AF0001B68B3F850309BB21A46BB681B78DB00DA
:103B00001344FA681268134403F202431B88C3F398
:103B10000903A7F88830BB689A69B7F888309A42D9
:103B200007D9BB689A69B7F88830D21ABB689A611E
:103B300002E0BB6800229A61BB689B69002B40F0E1
:103B4000B980BB685B78002B26D1FB681B68FB62E1
:103B5000FB681B68B3F850309BB21A46FB6A1344EB
:103B6000FB62BB681B78DA00FB6A134403F2024372
:103B7000BB62BB6A1B889BB2C3F309039AB2BB6AE0
:103B80001A80BB6A1B889BB26FEA43436FEA5343B8
:103B90009AB2BB6A1A801AE0BB685B78012B16D117
:103BA000FB681B687B63FB681B68B3F850309BB2F3
:103BB0001A467B6B13447B63BB681B78DA007B6B14
:103BC000134403F202433B633B6B00221A80FB6801
:103BD0001B687B62BB685B78002B26D1FB681B6887
:103BE000FB61FB681B68B3F850309BB21A46FB6957
:103BF0001344FB61BB681B78DA00FB69134403F2D2
:103C00000643BB61BB691B889BB2C3F309039AB22D
:103C1000BB691A80BB691B889BB26FEA43436FEA9A
:103C200053439AB2BB691A8017E0BB685B78012BDB
:103C300013D1FB681B68B3F850309BB21A467B6AFD
:103C400013447B62BB681B78DA007B6A134403F27F
:103C500006433B623B6A00221A80BB681B78194608
:103C6000F8680FF0F1F8FB8803F48043002B00F0B4
:103C7000FA82FB681B681A46BB681B789B001344DA
:103C80001B889BB223F4E04323F07003FB82FB68A4
:103C90001B681A46BB681B789B001A44FB8A43F0DA
:103CA0007F4343F47F0343F4404343F080039BB2DC
:103CB0001380D8E2FB8803F48043002B21D0FB68FB
:103CC0001B681A46BB681B789B0013441B889BB279
:103CD00023F4E04323F07003A7F88A30FB681B68E5
:103CE0001A46BB681B789B001A44B7F88A3043F029
:103CF0007F4343F47F0343F4404343F080039BB28C
:103D00001380BB6893F82430012B40F0AC82BB6871
:103D10005A69B7F888301A44BB685A61BB68DA69D7
:103D2000B7F888301A44BB68DA61BB681A6ABB68A6
:103D30001B699A420BD3BB681B69C7F88C30BB6800
:103D40001A6AD7F88C30D21ABB681A6217E0BB68BF
:103D50001B6A002B08D1B7F88830C7F88C30BB68D5
:103D6000002283F824200AE0BB68002283F8242084
:103D7000BB681B6AC7F88C30BB6800221A62BB683C
:103D80005B78002B65D1FB681B68FB63FB681B68D5
:103D9000B3F850309BB21A46FB6B1344FB63BB680D
:103DA0001B78DA00FB6B134403F20243BB63BB6B6B
:103DB0001B889BB2C3F309039AB2BB6B1A80D7F876
:103DC0008C30002B0AD1BB6B1B889BB26FEA43433C
:103DD0006FEA53439AB2BB6B1A8057E0D7F88C3026
:103DE0003E2B18D8D7F88C305B08BB64D7F88C30E2
:103DF00003F00103002B02D0BB6C0133BB64BB6B2F
:103E00001B889AB2BB6C9BB29B029BB213439AB2C3
:103E1000BB6B1A803AE0D7F88C305B09BB64D7F8EB
:103E20008C3003F01F03002B02D1BB6C013BBB6441
:103E3000BB6B1B889AB2BB6C9BB29B029BB21343B9
:103E40009BB26FEA43436FEA53439AB2BB6B1A804B
:103E50001CE0BB685B78012B18D1FB681B687B6496
:103E6000FB681B68B3F850309BB21A467B6C134456
:103E70007B64BB681B78DA007B6C134403F202435B
:103E80003B64D7F88C309AB23B6C1A80FB68186898
:103E9000BB685969BB681A89D7F88C309BB206F0A9
:103EA000BCF9E0E1FB681B68B3F850309BB21A46DE
:103EB000BB681B78DB001344FA681268134403F2F2
:103EC00006431B88C3F30903A7F88830BB689A69C7
:103ED000B7F888309A4207D3BB689A69B7F8883038
:103EE000D21ABB689A6102E0BB6800229A61BB6883
:103EF0009B69002B40F0C080BB685B78002B26D10B
:103F0000FB681B68FB67FB681B68B3F850309BB20B
:103F10001A46FB6F1344FB67BB681B78DA00FB6F24
:103F2000134403F20243BB67BB6F1B889BB2C3F30E
:103F300009039AB2BB6F1A80BB6F1B889BB26FEAF2
:103F400043436FEA53439AB2BB6F1A801AE0BB68CF
:103F50005B78012B16D1FB681B687B66FB681B68CE
:103F6000B3F850309BB21A467B6E13447B66BB6835
:103F70001B78DA007B6E134403F202433B663B6E10
:103F800000221A80FB681B687B67BB685B78002B8C
:103F90002BD1FB681B68FB66FB681B68B3F85030CD
:103FA0009BB21A46FB6E1344FB66BB681B78DA00B3
:103FB000FB6E134403F20643C7F88430D7F884300D
:103FC0001B889BB2C3F309039AB2D7F884301A80D6
:103FD000D7F884301B889BB26FEA43436FEA5343A0
:103FE0009AB2D7F884301A8017E0BB685B78012B4F
:103FF00013D1FB681B68B3F850309BB21A467B6F35
:1040000013447B67BB681B78DA007B6F134403F2B1
:1040100006433B673B6F00221A80BB681B7819463A
:10402000F8680EF011FFFB8803F48043002B40F08A
:104030001A81FB681B681A46BB681B789B001344F7
:104040001B889BB223F4E04323F07003A7F882306F
:10405000FB681B681A46BB681B789B001A44B7F8BC
:10406000823043F07F4343F47F0343F4404343F003
:1040700080039BB21380F6E0FB8803F48043002B9F
:1040800021D1FB681B681A46BB681B789B00134450
:104090001B889BB223F4E04323F07003A7F84E3053
:1040A000FB681B681A46BB681B789B001A44B7F86C
:1040B0004E3043F07F4343F47F0343F4404343F0E7
:1040C00080039BB21380BB6893F82430012B40F02F
:1040D000CA80BB685A69B7F888301A44BB685A610D
:1040E000BB68DA69B7F888301A44BB68DA61BB6824
:1040F0001A6ABB681B699A420BD3BB681B69C7F875
:104100008C30BB681A6AD7F88C30D21ABB681A6236
:1041100017E0BB681B6A002B08D1B7F88830C7F8D6
:104120008C30BB68002283F824200AE0BB681B6A3D
:10413000C7F88C30BB6800221A62BB68002283F883
:104140002420FB681B687B65BB685B78002B65D10E
:10415000FB681B68FB65FB681B68B3F850309BB2BB
:104160001A46FB6D1344FB65BB681B78DA00FB6DD8
:10417000134403F20643BB65BB6D1B889BB2C3F3BC
:1041800009039AB2BB6D1A80D7F88C30002B0AD184
:10419000BB6D1B889BB26FEA43436FEA53439AB2ED
:1041A000BB6D1A8054E0D7F88C303E2B18D8D7F866
:1041B0008C305B08BB66D7F88C3003F00103002B12
:1041C00002D0BB6E0133BB66BB6D1B889AB2BB6E5F
:1041D0009BB29B029BB213439AB2BB6D1A8037E02D
:1041E000D7F88C305B09BB66D7F88C3003F01F031F
:1041F000002B02D1BB6E013BBB66BB6D1B889AB224
:10420000BB6E9BB29B029BB213439BB26FEA4343CC
:104210006FEA53439AB2BB6D1A8019E0BB685B78B2
:10422000012B15D1FB681B68B3F850309BB21A46BE
:104230007B6D13447B65BB681B78DA007B6D134490
:1042400003F206433B65D7F88C309AB23B6D1A8077
:10425000FB681868BB685969BB685A89D7F88C3005
:104260009BB205F0DAFFFB681B681A46BB681B7837
:104270009B0013441B889BB223F4E04323F04003CC
:10428000BB82BB8A83F01003BB82BB8A83F020030E
:10429000BB82FB681B681A46BB681B789B001A44EC
:1042A000BB8A43F07F4343F47F0343F4004343F06E
:1042B00080039BB21380002318469037BD4680BD13
:1042C00080B487B000AFF8607B600B467B811346FB
:1042D0003B817B8903F080039BB2002B0BD07B8951
:1042E00003F0070213469B001344DB001033FA6807
:1042F00013447B6109E07A8913469B001344DB0079
:1043000003F5A873FA6813447B613B89002B07D13E
:104310007B6900221A737B689AB27B69DA800BE0B2
:104320007B6901221A737B689AB27B691A817B6868
:104330001B0C9AB27B695A81002318461C37BD4674
:104340005DF8047B704780B485B000AF78607B680F
:104350001B68FB607B680122C3F8D0227B680022C7
:1043600083F8C822FB68B3F854309BB243F00103D2
:104370009AB2FB68A3F85420FB68B3F854309BB2A0
:1043800043F002039AB2FB68A3F8542000231846B6
:104390001437BD465DF8047B704780B483B000AF2E
:1043A00078600B46FB7000BF0C37BD465DF8047BA0
:1043B0007047000080B400AF044B1B6803F4C06377
:1043C0001846BD465DF8047B704700BF0070004092
:1043D00080B584B000AF7860274B1B6803F4C063DE
:1043E000BB6000F071F80346B3F5004F01D1012323
:1043F0003EE0214BDB6803F40043B3F5004F01D1ED
:10440000012335E0BA687B689A4201D100232FE08E
:10441000194B1B6823F4C06217497B6813430B6078
:10442000164B1B685B09164AA2FB0323DB093222E9
:1044300002FB03F3134AA2FB0323DB080133FB60F7
:1044400002E0FB68013BFB600B4B5B6903F480639C
:10445000B3F5806F02D1FB68002BF2D1064B5B698C
:1044600003F48063B3F5806F01D1032300E00023E0
:1044700018461037BD4680BD00700040B8040320C8
:10448000C55A7C0ACDCCCCCC80B400AF054B5B6860
:10449000044A43F48063536000BFBD465DF8047B6B
:1044A000704700BF0070004080B400AF054B9B68B0
:1044B000044A43F48043936000BFBD465DF8047B2B
:1044C000704700BF0070004080B483B000AF0F4B56
:1044D0001B693B603B6803F48053002B03D04FF40F
:1044E00080537B600AE03B6803F40043002B03D158
:1044F0004FF400437B6001E000237B607B6818463B
:104500000C37BD465DF8047B704700BF007000406B
:1045100080B588B000AF78607B68002B02D10123A2
:1045200000F0C2BC994B9B6803F00C03BB61974B36
:10453000DB6803F003037B617B681B6803F01003F7
:10454000002B00F0E980BB69002B06D0BB690C2B67
:1045500040F083807B69012B7FD18C4B1B6803F07B
:104560000203002B06D07B68DB69002B02D10123FC
:1045700000F09ABC7B685A6A844B1B6803F00803FE
:10458000002B04D0814B1B6803F0F00305E07F4B48
:10459000D3F894301B0903F0F003934224D27B68D4
:1045A0005B6A184600F0BAFE0346002B02D00123D6
:1045B00000F07ABC754B1B68744A43F00803136023
:1045C000724B1B6823F0F0027B685B6A6F491343F0
:1045D0000B606E4B5B6823F47F427B681B6A1B0297
:1045E0006A4913434B6026E0684B1B68674A43F0F7
:1045F00008031360654B1B6823F0F0027B685B6A5D
:10460000624913430B60614B5B6823F47F427B6814
:104610001B6A1B025D4913434B60BB69002B0AD127
:104620007B685B6A184600F079FE0346002B02D0D7
:10463000012300F039BC00F017FE0346544A136012
:10464000544B1B681846FAF7A5FA0346FB73FB7B2D
:10465000002B60D0FB7B00F027BC7B68DB69002B64
:1046600039D04A4B1B68494A43F001031360FAF7FB
:104670006DFD38610FE0FAF769FD02463B69D31A18
:10468000022B08D9414B1B6803F00203002B02D117
:10469000032300F009BC3D4B1B6803F00203002B11
:1046A000E9D03A4B1B68394A43F008031360374B93
:1046B0001B6823F0F0027B685B6A344913430B608C
:1046C000324B5B6823F47F427B681B6A1B022F49D5
:1046D00013434B6020E02D4B1B682C4A23F0010351
:1046E0001360FAF733FD38610EE0FAF72FFD02464A
:1046F0003B69D31A022B07D9244B1B6803F0020332
:10470000002B01D00323CFE3204B1B6803F00203EF
:10471000002BEAD100E000BF7B681B6803F00103B7
:10472000002B7ED0BB69082B05D0BB690C2B0ED1AA
:104730007B69032B0BD1154B1B6803F40033002B53
:104740006ED07B685B68002B6AD10123ACE37B6889
:104750005B68B3F5803F06D10C4B1B680B4A43F4F2
:104760008033136024E07B685B68B3F5A02F13D11E
:10477000064B1B68054A43F480231360034B1B68F8
:10478000024A43F48033136012E000BF001002407D
:10479000B8040320BC0403208B4B1B688A4A23F413
:1047A00080331360884B1B68874A23F4802313608F
:1047B0007B685B68002B19D0FAF7C8FC38610EE003
:1047C000FAF7C4FC02463B69D31A642B07D97E4B27
:1047D0001B6803F40033002B01D1032364E37A4BFD
:1047E0001B6803F40033002BEAD01AE0FAF7AEFCA2
:1047F00038610EE0FAF7AAFC02463B69D31A642B33
:1048000007D9714B1B6803F40033002B01D003233D
:104810004AE36D4B1B6803F40033002BEAD100E040
:1048200000BF7B681B6803F00203002B6CD0BB69E0
:10483000042B05D0BB690C2B19D17B69022B16D137
:10484000614B1B6803F48063002B05D07B68DB6839
:10485000002B01D1012327E35B4B5B6823F0FE4271
:104860007B681B691B06584913434B604CE07B680F
:10487000DB68002B29D0544B1B68534A43F48073E8
:104880001360FAF763FC38610EE0FAF75FFC02464A
:104890003B69D31A022B07D94B4B1B6803F4806387
:1048A000002B01D10323FFE2474B1B6803F4806315
:1048B000002BEAD0444B5B6823F0FE427B681B6907
:1048C0001B06414913434B601EE03F4B1B683E4AA9
:1048D00023F480731360FAF739FC38610EE0FAF7BD
:1048E00035FC02463B69D31A022B07D9364B1B68AD
:1048F00003F48063002B01D00323D5E2324B1B6805
:1049000003F48063002BEAD17B681B6803F0080383
:10491000002B62D07B685B69002B38D07B689B6979
:10492000002B08D1284BD3F89430274A23F01003EA
:10493000C2F8943007E0244BD3F89430224A43F075
:104940001003C2F89430204BD3F894301E4A43F041
:104950000103C2F89430FAF7F9FB38610FE0FAF777
:10496000F5FB02463B69D31A072B08D9164BD3F83F
:10497000943003F00203002B01D1032394E2124B85
:10498000D3F8943003F00203002BE8D025E00E4B5F
:10499000D3F894300C4A23F00103C2F89430FAF7AC
:1049A000D5FB386112E0FAF7D1FB02463B69D31A16
:1049B000072B0BD9044BD3F8943003F00203002BE0
:1049C00004D0032370E200BF00100240A84BD3F8CC
:1049D000943003F00203002BE5D17B681B6803F0E1
:1049E0000403002B00F02D810023FB77A04B9B6D6F
:1049F00003F08053002B0DD19D4B9B6D9C4A43F0DF
:104A0000805393659A4B9B6D03F08053BB60BB68EA
:104A10000123FB77974B1B6803F48073002B1ED197
:104A2000944B1B68934A43F480731360FAF78EFB30
:104A300038610EE0FAF78AFB02463B69D31A022B73
:104A400007D98C4B1B6803F48073002B01D103231F
:104A50002AE2884B1B6803F48073002BEAD07B6842
:104A60009B6803F00103002B1FD07B689B6803F059
:104A70000403002B10D07E4BD3F890307C4A43F0D7
:104A80000403C2F890307A4BD3F89030784A43F060
:104A90000103C2F8903018E0754BD3F89030744A97
:104AA00043F00103C2F890300FE0714BD3F890301F
:104AB0006F4A23F00103C2F890306D4BD3F8903069
:104AC0006B4A23F00403C2F890307B689B68002B8C
:104AD00068D0FAF73BFB386111E0FAF737FB024682
:104AE0003B69D31A41F28832934208D9604BD3F81C
:104AF000903003F00203002B01D10323D4E15C4B7F
:104B0000D3F8903003F00203002BE6D07B689B685B
:104B100003F08003002B22D0554BD3F89030544A39
:104B200043F08003C2F8903011E0FAF70FFB024621
:104B30003B69D31A41F28832934208D94C4BD3F8DF
:104B4000903003F40063002B01D10323ACE1484B08
:104B5000D3F8903003F40063002BE6D068E0444BB8
:104B6000D3F89030424A23F08003C2F8903011E02D
:104B7000FAF7ECFA02463B69D31A41F288329342C3
:104B800008D93B4BD3F8903003F40063002B01D0DD
:104B9000032389E1364BD3F8903003F40063002BF4
:104BA000E6D145E0FAF7D2FA386111E0FAF7CEFA29
:104BB00002463B69D31A41F28832934208D92C4B02
:104BC000D3F8903003F00203002B01D003236BE1F4
:104BD000274BD3F8903003F00203002BE6D1244B8F
:104BE000D3F8903003F08003002B21D0204BD3F872
:104BF00090301F4A23F08003C2F8903011E0FAF79A
:104C0000A5FA02463B69D31A41F28832934208D989
:104C1000174BD3F8903003F40063002B01D003232B
:104C200042E1134BD3F8903003F40063002BE6D13C
:104C3000FB7F012B05D10E4B9B6D0D4A23F080535A
:104C400093657B681B6803F02003002B4FD07B68C3
:104C50009B6A002B28D0064BD3F89830044A43F0C7
:104C60000103C2F89830FAF771FA386114E000BF16
:104C70000010024000700040FAF768FA02463B69F3
:104C8000D31A022B08D98A4BD3F8983003F00203C9
:104C9000002B01D1032307E1854BD3F8983003F0B3
:104CA0000203002BE8D022E0814BD3F89830804AF1
:104CB00023F00103C2F89830FAF748FA38610FE0A0
:104CC000FAF744FA02463B69D31A022B08D9784B0B
:104CD000D3F8983003F00203002B01D00323E3E064
:104CE000734BD3F8983003F00203002BE8D17B68B4
:104CF000DB6A002B00F0D7806D4B9B6803F00C0340
:104D00000C2B00F091807B68DB6A022B66D1684B2C
:104D10001B68674A23F080731360FAF717FA38614B
:104D20000EE0FAF713FA02463B69D31A022B07D9B1
:104D30005F4B1B6803F00073002B01D00323B3E02B
:104D40005B4B1B6803F00073002BEAD1584BDA6809
:104D5000584B13407A68116B7A68526B013A120112
:104D600011437A68926B120211437A68126C5208EE
:104D7000013A520511437A68526C5208013A5206C0
:104D800011437A68D26BD2060A4349491343CB6078
:104D9000474B1B68464A43F080731360444BDB6803
:104DA000434A43F08073D360FAF7D0F938610EE0DC
:104DB000FAF7CCF902463B69D31A022B07D93C4BD0
:104DC0001B6803F00073002B01D103236CE0384B08
:104DD0001B6803F00073002BEAD064E0344B1B68BF
:104DE000334A23F080731360FAF7B0F938610EE0AC
:104DF000FAF7ACF902463B69D31A022B07D92C4BC0
:104E00001B6803F00073002B01D003234CE0284BF8
:104E10001B6803F00073002BEAD1254BDA682449A4
:104E2000254B1340CB603EE07B68DB6A012B01D150
:104E3000012339E01E4BDB687B617B6903F00302D1
:104E40007B681B6B9A422CD17B6903F0F0027B6874
:104E50005B6B013B1B019A4223D17B6903F4FE4249
:104E60007B689B6B1B029A421BD17B6903F07842E3
:104E70007B68DB6BDB069A4213D17B6903F4C002CB
:104E80007B681B6C5B08013B5B059A4209D17B691F
:104E900003F0C0627B685B6C5B08013B5B069A4277
:104EA00001D0012300E0002318462037BD4680BD15
:104EB000001002400C809F01FCFFEEFE80B586B022
:104EC00000AF7860396000237B617B68002B01D1E3
:104ED00001231CE1904B1B6803F00F033A689A42D0
:104EE00010D98D4B1B6823F00F028B493B6813438D
:104EF0000B60894B1B6803F00F033A689A4201D09C
:104F0000012304E17B681B6803F00203002B10D02F
:104F10007B689A68814B9B6803F0F0039A4208D93A
:104F20007E4B9B6823F0F0027B689B687B491343B0
:104F30008B607B681B6803F00103002B00F0858009
:104F40007B685B68032B1FD1744B1B6803F00073F5
:104F5000002B01D10123DAE000F044FA38613B690B
:104F60006F4A934247D96D4B9B6803F0F003002BC7
:104F700041D16A4B9B6823F0F003684A43F08003F9
:104F8000936080237B6136E07B685B68022B07D1EE
:104F9000624B1B6803F40033002B15D10123B6E0EC
:104FA0007B685B68002B07D15C4B1B6803F0020336
:104FB000002B09D10123AAE0584B1B6803F480633E
:104FC000002B01D10123A2E000F0B0F838613B6969
:104FD000534A93420FD9514B9B6803F0F003002BC7
:104FE00009D14E4B9B6823F0F0034C4A43F08003F9
:104FF000936080237B61494B9B6823F003027B68AD
:105000005B68464913438B60FAF7A0F8F86013E039
:10501000FAF79CF80246FB68D31A41F288329342B1
:105020000AD93E4B9B6803F00C027B685B689B00CF
:105030009A4201D003236AE0384B9B6803F00C02CC
:105040007B685B689B009A42E2D17B69802B05D12B
:10505000324B9B68314A23F0F00393607B681B68F6
:1050600003F00203002B10D07B689A682B4B9B68DF
:1050700003F0F0039A4208D2284B9B6823F0F00219
:105080007B689B68254913438B60234B1B6803F0A7
:105090000F033A689A4210D21F4B1B6823F00F028D
:1050A0001D493B6813430B601B4B1B6803F00F0348
:1050B0003A689A4201D0012329E07B681B6803F01B
:1050C0000403002B08D0154B9B6823F4E0627B6837
:1050D000DB68124913438B607B681B6803F008038D
:1050E000002B09D00D4B9B6823F460527B681B6931
:1050F000DB000A4913438B6000F0B6F80346094A07
:105100001360094B1B681846F9F744FD034618461F
:105110001837BD4680BD00BF00200240001002408D
:1051200000B4C404B8040320BC04032080B489B0D4
:1051300000AF0023FB610023BB61474B9B6803F07A
:105140000C033B61444BDB6803F00303FB603B69EA
:10515000002B05D03B690C2B21D1FB68012B1ED104
:105160003D4B1B6803F00803002B07D13A4BD3F8E3
:1051700094301B0A03F00F03FB6105E0364B1B68FC
:105180001B0903F00F03FB61344AFB6952F823301B
:10519000FB613B69002B0DD1FB69BB610AE03B69F8
:1051A000042B02D12E4BBB6104E03B69082B01D1DB
:1051B0002C4BBB613B690C2B46D1274BDB6803F0C2
:1051C0000303BB60244BDB681B0903F00F030133AF
:1051D0007B60BB68022B03D0BB68032B0DD019E0AA
:1051E0001F4A7B68B2FBF3F31B4AD268120A02F033
:1051F0007F0202FB03F37B6119E01A4A7B68B2FB72
:10520000F3F3154AD268120A02F07F0202FB03F39D
:105210007B610CE0FA697B68B2FBF3F30E4AD2685B
:10522000120A02F07F0202FB03F37B6100BF0A4B0C
:10523000DB685B0E03F0030301335B003B607A69BC
:105240003B68B2FBF3F3BB61BB6918462437BD462C
:105250005DF8047B704700BF001002409C9102087B
:105260000024F4008096980080B500AFFFF75EFF41
:105270000246054B9B681B0903F00F030349CB5CF7
:1052800022FA03F3184680BD001002408491020800
:1052900080B500AFFFF7E8FF0246054B9B68DB0ACD
:1052A00003F007030349CB5C22FA03F3184680BDE1
:1052B000001002409491020880B483B000AF78607F
:1052C00039607B680F221A60124B9B6803F003025F
:1052D0007B685A600F4B9B6803F0F0027B689A6012
:1052E0000C4B9B6803F4E0627B68DA60094B9B68B7
:1052F000DB0803F4E0627B681A61074B1B6803F06C
:105300000F023B681A6000BF0C37BD465DF8047B96
:10531000704700BF001002400020024080B586B0F8
:1053200000AF786000237B612C4B9B6D03F08053B2
:10533000002B03D0FFF73EF8386114E0274B9B6D3C
:10534000264A43F080539365244B9B6D03F08053B2
:10535000FB60FB68FFF72EF83861204B9B6D1F4AFE
:1053600023F0805393653B69002B03D03B69B3F571
:10537000007F0BD17B68802B19D97B68A02B02D9C9
:1053800002237B6113E001237B6110E07B68802BAB
:1053900002D903237B610AE07B68802B02D10223C0
:1053A0007B6104E07B68702B01D101237B610C4B96
:1053B0001B6823F00F020A497B6913430B60084BFB
:1053C0001B6803F00F037A699A4201D0012300E0C1
:1053D000002318461837BD4680BD00BF00100240AC
:1053E0000020024080B487B000AF314BDB6803F08F
:1053F0000303FB602E4BDB681B0903F00F03013333
:10540000BB60FB68032B15D0FB68032B39D8FB6806
:10541000012B1CD0FB68022B33D1264ABB68B2FBA0
:10542000F3F3234AD268120A02F07F0202FB03F36D
:105430003B6129E0204ABB68B2FBF3F31C4AD26807
:10544000120A02F07F0202FB03F33B611CE0184BDF
:105450001B6803F00803002B07D1154BD3F89430D9
:105460001B0A03F00F037B6105E0114B1B681B094E
:1054700003F00F037B61114A7B6952F823303B61D3
:1054800002E000233B6100BF094BDB685B0E03F0C9
:10549000030301335B007B603A697B68B2FBF3F383
:1054A0003B603B6818461C37BD465DF8047B70477F
:1054B000001002400024F400809698009C9102089D
:1054C00080B588B000AF78600023FB770023BB77FE
:1054D0007B681B6803F40063002B40D07B68DB6EA5
:1054E000802B2AD0802B25D8602B26D0602B21D86A
:1054F000402B06D0402B1DD8002B09D0202B10D0DC
:1055000018E08F4BDB688E4A43F48033D36015E09C
:105510007B6804330021184600F098FB0346FB77B4
:105520000CE07B6820330021184600F075FC034630
:10553000FB7703E00123FB7700E000BFFB7F002B3C
:105540000BD17F4BD3F89C3023F0E0027B68DB6EFD
:105550007B491343C1F89C3001E0FB7FBB777B683C
:105560001B6803F48053002B47D07B681B6FB3F597
:10557000806F30D0B3F5806F2AD8B3F5407F2AD042
:10558000B3F5407F24D8B3F5007F08D0B3F5007F92
:105590001ED8002B0AD0B3F5807F10D018E0684BDE
:1055A000DB68674A43F48033D36015E07B680433DB
:1055B0000021184600F04AFB0346FB770CE07B68AD
:1055C00020330021184600F027FC0346FB7703E058
:1055D0000123FB7700E000BFFB7F002B0BD1584B72
:1055E000D3F89C3023F4E0627B681B6F544913436B
:1055F000C1F89C3001E0FB7FBB777B681B6803F43C
:105600000033002B00F0AB800023FB754C4B9B6DEF
:1056100003F08053002B0DD1494B9B6D484A43F05A
:1056200080539365464B9B6D03F08053FB60FB6892
:105630000123FB75434B1B68424A43F4807313609C
:10564000F9F784FD38610FE0F9F780FD02463B6908
:10565000D31A022B08D93B4B1B6803F48073002B31
:1056600009D10323FB7706E0364B1B6803F48073F4
:10567000002BE9D000E000BFFB7F002B64D1304B52
:10568000D3F8903003F44073BB61BB69002B1FD08B
:105690007B68D3F89030BA699A4219D0284BD3F876
:1056A000903023F44073BB61254BD3F89030244AEB
:1056B00043F48033C2F89030214BD3F89030204A25
:1056C00023F48033C2F890301D4ABB69C2F8903091
:1056D000BB6903F00103002B1FD0F9F737FD3861D8
:1056E00012E0F9F733FD02463B69D31A41F28832E2
:1056F000934209D9124BD3F8903003F00203002BE8
:105700000AD10323FB7707E00D4BD3F8903003F069
:105710000203002BE5D000E000BFFB7F002B0CD183
:10572000074BD3F8903023F440727B68D3F8903065
:1057300003491343C1F8903008E0FB7FBB7705E0D5
:105740000010024000700040FB7FBB77FB7D012B07
:1057500005D19C4B9B6D9B4A23F0805393657B68DE
:105760001B6803F00103002B0AD0964BD3F8883056
:1057700023F003027B685B6B92491343C1F88830C6
:105780007B681B6803F00203002B0AD08D4BD3F813
:10579000883023F00C027B689B6B8A491343C1F865
:1057A00088307B681B6803F00403002B0AD0854B0C
:1057B000D3F8883023F030027B68DB6B81491343D8
:1057C000C1F888307B681B6803F00803002B0AD0FF
:1057D0007C4BD3F8883023F0C0027B681B6C79497E
:1057E0001343C1F888307B681B6803F01003002B5B
:1057F0000AD0744BD3F8883023F440727B685B6C1A
:1058000070491343C1F888307B681B6803F020039C
:10581000002B0AD06B4BD3F8883023F440627B68AE
:105820009B6C68491343C1F888307B681B6803F49C
:105830000073002B0AD0634BD3F8883023F4402246
:105840007B68DB6D5F491343C1F888307B681B6858
:1058500003F48063002B0AD05A4BD3F8883023F42A
:1058600040127B681B6E57491343C1F888307B6830
:105870001B6803F48003002B0AD0524BD3F8883006
:1058800023F440027B685B6E4E491343C1F88830B5
:105890007B681B6803F00073002B31D07B689B6E24
:1058A000B3F1007F0ED0B3F1007F14D8002B15D0D8
:1058B000B3F1807F0FD1434BDB68424A43F480133E
:1058C000D3600CE07B6804330021184600F0BEF979
:1058D0000346FB7703E00123FB7700E000BFFB7F7B
:1058E000002B0BD1374BD3F8883023F040727B6804
:1058F0009B6E34491343C1F8883001E0FB7FBB77CE
:105900007B681B6803F04003002B0AD02D4BD3F8B3
:10591000883023F440527B68DB6C2A491343C1F87A
:1059200088307B681B6803F08003002B0AD0254B6E
:10593000D3F8883023F440427B681B6D2149134320
:10594000C1F888307B681B6803F48073002B0AD091
:105950001C4BD3F8883023F440327B685B6D1949C7
:105960001343C1F888307B681B6803F48013002B55
:105970000AD0144BD3F89C3023F003027B689B6D54
:1059800010491343C1F89C307B681B6803F4005333
:10599000002B2BD00B4BD3F8883023F040627B6870
:1059A0005B6F08491343C1F888307B685B6FB3F1C4
:1059B000006F09D1034BDB68024A43F48013D360C4
:1059C00014E000BF001002407B685B6FB3F1806F92
:1059D0000CD17B6804330121184600F037F90346E7
:1059E000FB77FB7F002B01D0FB7FBB777B681B68BD
:1059F00003F40023002B4AD07B689B6FB3F5804FE4
:105A000008D1704BD3F89C306E4A43F48043C2F8FF
:105A10009C3012E06B4BD3F8883023F040627B68F7
:105A20009B6F68491343C1F88830664BD3F89C30AC
:105A3000644A23F48043C2F89C307B689B6FB3F1C7
:105A4000806F0DD17B6804330121184600F0FEF809
:105A50000346FB77FB7F002B19D0FB7FBB7716E05B
:105A60007B689B6FB3F1006F06D1564BDB68554ADC
:105A700043F48013D3600AE07B689B6FB3F5804FDB
:105A800005D1504BDB684F4A43F48033D3607B68C9
:105A90001B6803F48023002B28D04A4BD3F88830AE
:105AA00023F040627B68DB6F46491343C1F88830BE
:105AB0007B68DB6FB3F1006F06D1424BDB68414A74
:105AC00043F48013D36011E07B68DB6FB3F1806F28
:105AD0000CD17B6804330121184600F0B7F8034667
:105AE000FB77FB7F002B01D0FB7FBB777B681B68BC
:105AF00003F48043002B1ED0324BD3F8883023F0C0
:105B000040527B68D3F880302E491343C1F8883067
:105B10007B68D3F88030B3F1805F0CD17B680433AD
:105B20000221184600F092F80346FB77FB7F002B1A
:105B300001D0FB7FBB777B681B6803F48033002BAD
:105B40000BD0204BD3F89C3023F004027B68D3F8B1
:105B500084301C491343C1F89C307B681B6803F4F4
:105B60000013002B0BD0174BD3F89C3023F01802F6
:105B70007B68D3F8883013491343C1F89C307B68A5
:105B80001B6803F08073002B17D00E4BD3F89C30AA
:105B900023F440127B68D3F88C300A491343C1F8D0
:105BA0009C307B68D3F88C30B3F5001F05D1054BD2
:105BB000DB68044A43F48013D360BB7F1846203768
:105BC000BD4680BD0010024080B485B000AF786053
:105BD0001C4B9B6B1B4A43F080739363194B9B6B6D
:105BE000184A23F0807393637B681A687B685B684C
:105BF0001A437B689B681343FB607B68DB68FA6829
:105C00001343FB607B681B691B04FA681343FB604A
:105C10000D4AFB6853600C4B1B6823F4FE427B6803
:105C20005B691B02084913430B60074B1B68064A5C
:105C300043F06003136000BF1437BD465DF8047B7A
:105C4000704700BF001002400060004080B584B083
:105C500000AF786039600023FB737B681B68032BFF
:105C600018D0032B1FD8012B02D0022B09D01AE029
:105C7000654B1B6803F00203002B17D10123FB7354
:105C800014E0614B1B6803F48063002B10D10123E7
:105C9000FB730DE05C4B1B6803F4C023002B09D1A0
:105CA0000123FB7306E00123FB7304E000BF02E065
:105CB00000BF00E000BFFB7B002B40F09F80524BF9
:105CC0001B68514A23F080631360F9F73FFAB8600C
:105CD0000FE0F9F73BFA0246BB68D31A022B08D94A
:105CE000494B1B6803F00063002B09D00323FB73AF
:105CF00006E0454B1B6803F00063002BE9D100E090
:105D000000BFFB7B002B79D13B68002B16D13E4BAB
:105D10001A693E4B13407A68926811027A68D26819
:105D2000D20611437A685268013A120111437A6827
:105D300012680A43344913430B6133E03B68012B7B
:105D400018D1314B1A69324B13407A6892681102AC
:105D50007A6812695208013A520511437A6852680A
:105D6000013A120111437A6812680A432649134323
:105D70000B6117E0244B1A69264B13407A6892682E
:105D800011027A6852695208013A520611437A6840
:105D90005268013A120111437A6812680A431A499B
:105DA00013430B61184B1B68174A43F08063136061
:105DB000F9F7CCF9B8600FE0F9F7C8F90246BB680B
:105DC000D31A022B08D9104B1B6803F00063002B79
:105DD00009D10323FB7306E00B4B1B6803F0006340
:105DE000002BE9D000E000BFFB7B002B06D1064B67
:105DF0001A697B689B69044913430B61FB7B184656
:105E00001037BD4680BD00BF001002400C80FF0768
:105E10000C809FFF0C80FFF980B584B000AF7860E4
:105E200039600023FB737B681B68032B18D0032B9E
:105E30001FD8012B02D0022B09D01AE04A4B1B6855
:105E400003F00203002B17D10123FB7314E0464B30
:105E50001B6803F48063002B10D10123FB730DE05A
:105E6000414B1B6803F4C023002B09D10123FB73B2
:105E700006E00123FB7304E000BF02E000BF00E086
:105E800000BFFB7B002B69D1374B1B68364A23F0E0
:105E900080531360F9F75AF9B8600FE0F9F756F933
:105EA0000246BB68D31A022B08D92F4B1B6803F09C
:105EB0000053002B09D00323FB7306E02A4B1B6819
:105EC00003F00053002BE9D100E000BFFB7B002B67
:105ED00044D13B68002B15D1234B5A69234B134007
:105EE0007A68926811027A68D268D20611437A6899
:105EF0005268013A120111437A6812680A431A493A
:105F000013434B61184B1B68174A43F080531360CF
:105F1000F9F71CF9B8600FE0F9F718F90246BB6809
:105F2000D31A022B08D9104B1B6803F00053002B27
:105F300009D10323FB7306E00B4B1B6803F00053EE
:105F4000002BE9D000E000BFFB7B002B06D1064B05
:105F50005A697B681B69044913434B61FB7B1846F4
:105F60001037BD4680BD00BF001002400C80FF0707
:105F700080B584B000AF78607B68002B01D101232D
:105F800094E07B685B7ADBB2002B05D17B68002252
:105F90001A727868F8F73AFC7B6802225A727B68BA
:105FA0001B681A687B681B6822F004021A607B6811
:105FB0001B681B6823F0804323F020037A68526833
:105FC0001A437B681B6842F080421A607B681B683A
:105FD000384A1A617B681B684AF2B3221A617B68EF
:105FE0001B681A687B681B6822F080421A60F9F708
:105FF000ADF8F86016E0F9F7A9F80246FB68D31A85
:10600000022B0FD97B681B681B6803F08043B3F138
:10601000804F07D17B6801225A727B680222DA60C6
:10602000012343E07B681B681B6803F08043B3F1E6
:10603000804FE0D07B681B681A687B681B6842F061
:1060400004021A607B681B685B6803F04003402B06
:1060500004D17B6804225A72012327E0F9F776F80D
:10606000F86015E0F9F772F80246FB68D31A022BC4
:106070000ED97B681B685B6803F00403042B07D10F
:106080007B6804225A727B680222DA6001230DE0E9
:106090007B681B685B6803F00103012BE2D17B681E
:1060A00001225A727B680022DA60002318461037FA
:1060B000BD4680BDBC0A591780B584B000AF78607A
:1060C00039600023FB737B681B7A012B01D102230B
:1060D00065E07B6801221A727B685B7ADBB2012B78
:1060E00054D17B6802225A727B681B685B6803F09C
:1060F0004003402B0CD17B680822DA60786800F0FE
:10610000C7F80346FB73FB7B012B01D1FB7B46E009
:10611000F9F71CF8B86018E0F9F718F80246BB6800
:10612000D31A022B11D97B681B685B6803F001034B
:10613000012B0AD07B6801225A727B680222DA6046
:106140007B6800221A72012329E07B681B685B6868
:1061500003F00103012BDFD17B681B689A687B6821
:106160001A617B681B685B6803F04003402B05D114
:106170007B680822DA600123FB7303E07B681A69FD
:106180003B681A607B6801225A7204E07B68042233
:10619000DA600123FB737B6800221A72FB7B1846CE
:1061A0001037BD4680BD80B584B000AF7860002355
:1061B000FB607B681B685B68BB60BB6803F0200307
:1061C000002B05D07B681022DA600123FB601FE002
:1061D000BB6803F04003002B1AD0BB6803F0040334
:1061E000002B08D17B681B685A687B681B6822F00B
:1061F00040025A600CE07B680822DA600123FB60F1
:106200007B681B681A687B681B6822F008021A60AA
:10621000FB68012B0BD17B6804225A727868F5F772
:1062200021F97B681B686FF060025A6022E0BB684E
:1062300003F00103002B1DD07B681B681A687B6884
:106240001B6822F008021A607B681B689A687B68EA
:106250001A617B685B7ADBB2042B0BD07B6801226E
:106260005A727B6800221A727B681B69194678682B
:1062700000F003F81037BD4680BD80B483B000AF96
:106280007860396000BF0C37BD465DF8047B70470D
:1062900080B584B000AF78600023FB607B681B682A
:1062A0005B6803F00403042B08D07B681B685A6802
:1062B0007B681B6822F040025A605FE07B681B68C5
:1062C0001A687B681B6842F080421A607B681B6812
:1062D0001A687B681B6822F080421A600223FB6008
:1062E000FB68013BFB60FB68002B10D17B6801223F
:1062F0005A727B68DB6843F002027B68DA607B6875
:1063000000221A727868F5F7ADF801233DE07B684A
:106310001B681B6803F08043B3F1804FE0D07B68BB
:106320001B685B6803F04003402B07D17B681B6848
:106330005A687B681B6822F040025A600223FB60A7
:10634000FB68013BFB60FB68002B10D17B680122DE
:106350005A727B68DB6843F002027B68DA607B6814
:1063600000221A727868F5F77DF801230DE07B684A
:106370001B685B6803F00403042BE1D07B68DB68D7
:1063800023F008027B68DA60002318461037BD4608
:1063900080BD80B584B000AF78607B68002B01D1F0
:1063A000012395E07B685B6A002B08D17B685B6802
:1063B000B3F5827F09D07B680022DA6105E07B6853
:1063C00000221A617B6800225A617B6800229A626F
:1063D0007B6893F85D30DBB2002B06D17B6800222E
:1063E00083F85C207868F8F74DFA7B68022283F81E
:1063F0005D207B681B681A687B681B6822F040027E
:106400001A607B68DB68B3F5E06F02D90023FB609C
:1064100002E04FF48053FB607B68DB68B3F5706F7C
:1064200007D07B68DB68B3F5E06F02D07B680022A1
:106430009A627B685B6803F482727B689B6803F4F2
:1064400004431A437B681B6903F002031A437B6809
:106450005B6903F001031A437B689B6903F40073D3
:106460001A437B68DB6903F038031A437B681B6AB5
:1064700003F0800342EA03017B689B6A03F4005245
:106480007B681B680A431A607B689B691B0C03F0DE
:1064900004027B685B6A03F010031A437B685B6B42
:1064A00003F008031A437B68DB6803F4706342EA75
:1064B0000301FB6803F480527B681B680A435A603F
:1064C0007B6800221A667B68012283F85D20002326
:1064D00018461037BD4680BD80B586B000AFF86065
:1064E000B9601346FB800023FB75FB6893F85C30B2
:1064F000012B01D10223D4E0FB68012283F85C2048
:10650000FB6893F85D30DBB2012B02D00223FB75F0
:10651000C2E0BB68002B02D0FB88002B02D1012314
:10652000FB75B9E0FB68032283F85D20FB6800225D
:106530001A66FB68BA689A63FB68FA889A87FB68F0
:10654000FA88DA87FB6800221A64FB6800221A6561
:10655000FB680022DA64FB680022A3F84420FB6891
:106560000022A3F84620FB689B68B3F5004F0FD1CB
:10657000FB681B681A68FB681B6822F040021A60FF
:10658000FB681B681A68FB681B6842F480421A604B
:10659000FB685B6D454A1A63FB685B6D444ADA62CF
:1065A000FB685B6D434ADA63FB685B6D00221A642B
:1065B000FB681B685A68FB681B6822F480425A60BB
:1065C000FB68DB68B3F5E06F2DD8FB685B6D9B69FA
:1065D000B3F5806F27D1FB68DB8F9BB203F001031B
:1065E000002B0FD1FB681B685A68FB681B6822F4FC
:1065F00080425A60FB68DB8F9BB25B089AB2FB68F3
:10660000DA8710E0FB681B685A68FB681B6842F475
:1066100080425A60FB68DB8F9BB25B089BB2013300
:106620009AB2FB68DA87FB68586DFB689B6B19466A
:10663000FB681B680C331A46FB68DB8F9BB2F9F7CB
:1066400059F80346002B08D0FB681B6E43F010027C
:10665000FB681A660123FB751EE0FB681B681B685C
:1066600003F04003402B07D0FB681B681A68FB68E7
:106670001B6842F040021A60FB681B685A68FB689E
:106680001B6842F020025A60FB681B685A68FB686E
:106690001B6842F002025A60FB68002283F85C200B
:1066A000FB7D18461837BD4680BD00BF87690108CD
:1066B000E1680108A369010880B588B000AF78607F
:1066C0007B681B685B68FB617B681B689B68BB61C0
:1066D000BB699B0903F00103002B0FD1BB6903F0D9
:1066E0000103002B0AD0FB699B0903F00103002B77
:1066F00004D07B68DB6C78689847D7E0BB695B089F
:1067000003F00103002B0AD0FB69DB0903F001034E
:10671000002B04D07B681B6D78689847C6E0BB6986
:106720005B0903F00103002B0CD1BB699B0903F04B
:106730000103002B06D1BB691B0A03F00103002BE8
:1067400000F0B480FB695B0903F00103002B00F04B
:10675000AD80BB699B0903F00103002B23D07B684C
:1067600093F85D30DBB2032B11D07B681B6E43F0D6
:1067700004027B681A6600237B617B681B68DB6808
:106780007B617B681B689B687B617B690BE00023F6
:106790003B617B681B68DB683B617B681B689B68AF
:1067A0003B613B6982E0BB695B0903F00103002B9D
:1067B00014D07B681B6E43F001027B681A660023CD
:1067C000FB607B681B689B68FB607B681B681A68C2
:1067D0007B681B6822F040021A60FB68BB691B0AD9
:1067E00003F00103002B0CD07B681B6E43F0080202
:1067F0007B681A660023BB607B681B689B68BB6074
:10680000BB687B681B6E002B4FD07B681B685A6887
:106810007B681B6822F0E0025A607B68012283F8E3
:106820005D20FB6903F00203002B04D1FB6903F038
:106830000103002B34D07B681B685A687B681B6897
:1068400022F003025A607B689B6D002B11D07B689D
:106850009B6D184A1A647B689B6D1846F9F721F8FE
:106860000346002B05D07B681B6E43F040027B681B
:106870001A667B685B6D002B16D07B685B6D0D4ADA
:106880001A647B685B6D1846F9F70BF80346002B1A
:106890000AD07B681B6E43F040027B681A6603E0F7
:1068A000786800F013F800E000BF00BF2037BD4655
:1068B00080BD00BFE369010880B483B000AF786099
:1068C00000BF0C37BD465DF8047B704780B483B0D1
:1068D00000AF786000BF0C37BD465DF8047B7047A1
:1068E00080B586B000AF78607B689B6A7B61F8F703
:1068F0002DFC38617B681B681B6803F02003202B8C
:106900003BD07B691B685A687B691B6822F02002B8
:106910005A607B691B685A687B691B6822F0020217
:106920005A603A696421786900F08EF90346002BB9
:1069300005D07B691B6E43F020027B691A667B6978
:106940009B68002B0AD10023FB607B691B68DB6816
:10695000FB607B691B689B68FB60FB687B690022AE
:10696000DA877B69012283F85D207B691B6E002B2F
:1069700003D07869FFF7AAFF02E07869F4F732F9EB
:106980001837BD4680BD80B584B000AF78607B68A5
:106990009B6AFB60F868FFF78FFF00BF1037BD46AA
:1069A00080BD80B584B000AF78607B689B6AFB6077
:1069B000FB681B685A68FB681B6822F003025A6078
:1069C000FB681B6E43F01002FB681A66FB6801222D
:1069D00083F85D20F868FFF779FF00BF1037BD46E8
:1069E00080BD80B584B000AF78607B689B6AFB6037
:1069F000FB680022A3F84620FB680022DA87F868CB
:106A0000FFF764FF00BF1037BD4680BD80B588B07A
:106A100000AFF860B9603B601346FB71F8F796FB76
:106A20000246BB6A9B1A3A681344FB61F8F78EFB77
:106A3000B861394B1B685B011B0DFA6902FB03F35C
:106A40007B6154E03B68B3F1FF3F50D0F8F77EFB29
:106A50000246BB69D31AFA699A4202D9FB69002B34
:106A60003DD1FB681B685A68FB681B6822F0E00296
:106A70005A60FB685B68B3F5827F11D1FB689B6845
:106A8000B3F5004F04D0FB689B68B3F5806F07D166
:106A9000FB681B681A68FB681B6822F040021A60DA
:106AA000FB689B6AB3F5005F0FD1FB681B681A682F
:106AB000FB681B6822F400521A60FB681B681A68A6
:106AC000FB681B6842F400521A60FB68012283F8DD
:106AD0005D20FB68002283F85C20032317E07B69BC
:106AE000002B01D10023FB617B69013B7B61FB68CB
:106AF0001B689A68BB681340BA689A420CBF0123AE
:106B00000023DBB21A46FB799A429BD10023184638
:106B10002037BD4680BD00BFB804032080B58AB0D1
:106B200000AFF860B9607A603B600023FB75F8F74E
:106B30000DFB02463B6B9B1A3A6813447B62F8F7E5
:106B400005FB3862FB681B680C33FB613D4B1A6820
:106B500013469B001344DA00D31A1B0D7A6A02FB1A
:106B600003F3BB6160E0BB68B3F5C06F07D17B681E
:106B7000002B04D1FB691B78DBB2FB75FB7D3B6806
:106B8000B3F1FF3F50D0F8F7E1FA02463B6AD31A5F
:106B90007A6A9A4202D97B6A002B3DD1FB681B6856
:106BA0005A68FB681B6822F0E0025A60FB685B6869
:106BB000B3F5827F11D1FB689B68B3F5004F04D019
:106BC000FB689B68B3F5806F07D1FB681B681A6888
:106BD000FB681B6822F040021A60FB689B6AB3F5F1
:106BE000005F0FD1FB681B681A68FB681B6822F402
:106BF00000521A60FB681B681A68FB681B6842F445
:106C000000521A60FB68012283F85D20FB680022B5
:106C100083F85C20032310E0BB69002B01D1002323
:106C20007B62BB69013BBB61FB681B689A68BB6800
:106C300013407A689A4296D1002318462837BD46F9
:106C400080BD00BFB804032080B586B002AFF860F5
:106C5000B9607A607B680093BB6800224FF4C05132
:106C6000F868FFF75BFF0346002B07D0FB681B6E3D
:106C700043F02002FB681A66032327E07B68009339
:106C8000BB6800228021F868FFF7C0FE0346002B96
:106C900007D0FB681B6E43F02002FB681A660323D3
:106CA00014E07B680093BB6800224FF4C061F86871
:106CB000FFF734FF0346002B07D0FB681B6E43F041
:106CC0002002FB681A66032300E0002318461037F1
:106CD000BD4680BD80B582B000AF78607B68002B78
:106CE00001D1012349E07B6893F83D30DBB2002BF2
:106CF00006D17B68002283F83C207868F7F78CFE89
:106D00007B68022283F83D207B681A687B68043325
:106D10001946104600F03EFA7B68012283F84820AD
:106D20007B68012283F83E207B68012283F83F20A4
:106D30007B68012283F840207B68012283F8412090
:106D40007B68012283F842207B68012283F843207C
:106D50007B68012283F844207B68012283F8452068
:106D60007B68012283F846207B68012283F8472054
:106D70007B68012283F83D20002318460837BD4672
:106D800080BD000080B485B000AF78607B6893F868
:106D90003D30DBB2012B01D0012347E07B680222AA
:106DA00083F83D207B681B68234A93421DD07B6893
:106DB0001B68B3F1804F18D07B681B681F4A934251
:106DC00013D07B681B681E4A93420ED07B681B68F9
:106DD0001C4A934209D07B681B681B4A934204D02B
:106DE0007B681B68194A934215D17B681B689A68B7
:106DF000174B1340FB60FB68062B15D0FB68B3F5FF
:106E0000803F11D07B681B681A687B681B6842F062
:106E100001021A6008E07B681B681A687B681B68BF
:106E200042F001021A6000E000BF00231846143748
:106E3000BD465DF8047B7047002C01400004004013
:106E400000080040000C00400034014000400140B8
:106E50000700010080B485B000AF78607B6893F8CC
:106E60003D30DBB2012B01D001234FE07B680222D1
:106E700083F83D207B681B68DA687B681B6842F0FA
:106E80000102DA607B681B68234A93421DD07B684D
:106E90001B68B3F1804F18D07B681B681F4A934270
:106EA00013D07B681B681E4A93420ED07B681B6818
:106EB0001C4A934209D07B681B681B4A934204D04A
:106EC0007B681B68194A934215D17B681B689A68D6
:106ED000174B1340FB60FB68062B15D0FB68B3F51E
:106EE000803F11D07B681B681A687B681B6842F082
:106EF00001021A6008E07B681B681A687B681B68DF
:106F000042F001021A6000E000BF00231846143767
:106F1000BD465DF8047B7047002C01400004004032
:106F200000080040000C00400034014000400140D7
:106F30000700010080B584B000AF78607B681B68F3
:106F4000DB68FB607B681B681B69BB60BB6803F088
:106F50000203002B20D0FB6803F00203002B1BD0A0
:106F60007B681B686FF002021A617B6801221A7746
:106F70007B681B689B6903F00303002B03D07868D0
:106F800000F0E9F805E0786800F0DBF8786800F0D8
:106F9000ECF87B6800221A77BB6803F00403002B2F
:106FA00020D0FB6803F00403002B1BD07B681B6818
:106FB0006FF004021A617B6802221A777B681B68F3
:106FC0009B6903F44073002B03D0786800F0C3F88A
:106FD00005E0786800F0B5F8786800F0C6F87B68DE
:106FE00000221A77BB6803F00803002B20D0FB684F
:106FF00003F00803002B1BD07B681B686FF00802AE
:107000001A617B6804221A777B681B68DB6903F0CE
:107010000303002B03D0786800F09DF805E0786842
:1070200000F08FF8786800F0A0F87B6800221A77EB
:10703000BB6803F01003002B20D0FB6803F01003A3
:10704000002B1BD07B681B686FF010021A617B68F5
:1070500008221A777B681B68DB6903F44073002BF6
:1070600003D0786800F077F805E0786800F069F8F8
:10707000786800F07AF87B6800221A77BB6803F022
:107080000103002B0CD0FB6803F00103002B07D099
:107090007B681B686FF001021A617868EAF73EFCB2
:1070A000BB6803F08003002B04D1BB6803F40053DA
:1070B000002B0CD0FB6803F08003002B07D07B680B
:1070C0001B686FF402521A61786800F09BF9BB6884
:1070D00003F48073002B0CD0FB6803F08003002BBB
:1070E00007D07B681B686FF480721A61786800F0C3
:1070F00093F9BB6803F04003002B0CD0FB6803F04E
:107100004003002B07D07B681B686FF040021A61B8
:10711000786800F034F8BB6803F02003002B0CD033
:10712000FB6803F02003002B07D07B681B686FF01F
:1071300020021A61786800F05BF900BF1037BD4685
:1071400080BD80B483B000AF786000BF0C37BD460F
:107150005DF8047B704780B483B000AF786000BFF7
:107160000C37BD465DF8047B704780B483B000AF38
:10717000786000BF0C37BD465DF8047B704780B473
:1071800083B000AF786000BF0C37BD465DF8047B6C
:107190007047000080B485B000AF786039607B68CC
:1071A0001B68FB607B68464A934213D07B68B3F14F
:1071B000804F0FD07B68434A93420BD07B68424A92
:1071C000934207D07B68414A934203D07B68404A90
:1071D000934208D1FB6823F07003FB603B685B6857
:1071E000FA681343FB607B68354A93421FD07B6883
:1071F000B3F1804F1BD07B68324A934217D07B6833
:10720000314A934213D07B68304A93420FD07B6857
:107210002F4A93420BD07B682E4A934207D07B685B
:107220002D4A934203D07B682C4A934208D1FB68D5
:1072300023F44073FB603B68DB68FA681343FB6030
:10724000FB6823F080023B685B691343FB607B684B
:10725000FA681A603B689A687B68DA623B681A6869
:107260007B689A627B68164A93420FD07B68184A03
:1072700093420BD07B68174A934207D07B68164A2B
:10728000934203D07B68154A934203D13B681A6945
:107290007B681A637B6801225A617B681B6903F073
:1072A0000103012B05D17B681B6923F001027B6878
:1072B0001A6100BF1437BD465DF8047B704700BFFC
:1072C000002C01400004004000080040000C004079
:1072D00000340140004001400044014000480140AA
:1072E00080B485B000AF786039607B6893F83C303B
:1072F000012B01D1022368E07B68012283F83C2046
:107300007B68022283F83D207B681B685B68FB601A
:107310007B681B689B68BB607B681B682E4A934236
:1073200004D07B681B682D4A934208D1FB6823F484
:107330007003FB603B685B68FA681343FB60FB68A3
:1073400023F07003FB603B681B68FA681343FB6023
:107350007B681B68FA685A607B681B681E4A934208
:107360001DD07B681B68B3F1804F18D07B681B6809
:107370001B4A934213D07B681B681A4A93420ED073
:107380007B681B68184A934209D07B681B68134AC4
:10739000934204D07B681B68144A93420CD1BB68AB
:1073A00023F08003BB603B689B68BA681343BB60F3
:1073B0007B681B68BA689A607B68012283F83D206D
:1073C0007B68002283F83C20002318461437BD4612
:1073D0005DF8047B704700BF002C01400034014081
:1073E0000004004000080040000C00400040014044
:1073F00080B483B000AF786000BF0C37BD465DF845
:10740000047B704780B483B000AF786000BF0C3756
:10741000BD465DF8047B704780B483B000AF7860F0
:1074200000BF0C37BD465DF8047B704780B5BAB02D
:1074300000AF78607B681B68DB69C7F8E4307B6865
:107440001B681B68C7F8E0307B681B689B68C7F83F
:10745000DC30D7F8E42040F60F031340C7F8D830EB
:10746000D7F8D830002B1BD1D7F8E43003F0200335
:10747000002B15D0D7F8E03003F02003002B05D106
:10748000D7F8DC3003F08053002B09D07B685B6FAA
:10749000002B00F0E3827B685B6F78689847DDE241
:1074A000D7F8D830002B00F02381D7F8DC208D4BA3
:1074B0001340002B06D1D7F8E0208B4B1340002B54
:1074C00000F01681D7F8E43003F00103002B11D04F
:1074D000D7F8E03003F48073002B0BD07B681B6877
:1074E00001221A627B68D3F8903043F001027B6876
:1074F000C3F89020D7F8E43003F00203002B11D03A
:10750000D7F8DC3003F00103002B0BD07B681B683D
:1075100002221A627B68D3F8903043F004027B6841
:10752000C3F89020D7F8E43003F00403002B11D007
:10753000D7F8DC3003F00103002B0BD07B681B680D
:1075400004221A627B68D3F8903043F002027B6811
:10755000C3F89020D7F8E43003F00803002B17D0CD
:10756000D7F8E03003F02003002B05D1D7F8DC205A
:107570005C4B1340002B0BD07B681B6808221A62FF
:107580007B68D3F8903043F008027B68C3F8902002
:10759000D7F8E43003F40063002B12D0D7F8E030C2
:1075A00003F08063002B0CD07B681B684FF40062F3
:1075B0001A627B68D3F8903043F020027B68C3F8EE
:1075C00090207B68D3F89030002B00F04982D7F8E8
:1075D000E43003F02003002B13D0D7F8E03003F0A1
:1075E0002003002B05D1D7F8DC3003F08053002BAB
:1075F00007D07B685B6F002B03D07B685B6F78687C
:1076000098477B68D3F89030C7F8D4307B681B6804
:107610009B6803F04003402B05D0D7F8D43003F02B
:107620002803002B54D0786800F044FA7B681B686C
:107630009B6803F04003402B46D17B681B680833EE
:10764000C7F89C30D7F89C3053E8003FC7F8983013
:10765000D7F8983023F04003C7F8D0307B681B6818
:107660000833D7F8D020C7F8A820C7F8A430D7F837
:10767000A410D7F8A82041E80023C7F8A030D7F815
:10768000A030002BD9D17B68D3F88030002B17D0E5
:107690007B68D3F88030154A1A647B68D3F8803051
:1076A0001846F8F7FEF80346002B19D07B68D3F88C
:1076B00080301B6C7A68D2F88020104698470FE023
:1076C000786800F0E1F90BE0786800F0DDF907E098
:1076D000786800F0D9F97B680022C3F89020BFE1F8
:1076E00000BFBDE10100001020010004817B010802
:1076F0007B68DB6E012B40F05381D7F8E43003F058
:107700001003002B00F04C81D7F8E03003F0100399
:10771000002B00F045817B681B6810221A627B6891
:107720001B689B6803F04003402B40F0BB807B68E4
:10773000D3F880301B685B68A7F8BE30B7F8BE305E
:10774000002B00F08F817B68B3F85C30B7F8BE2067
:107750009A4280F087817B68B7F8BE20A3F85E204C
:107760007B68D3F880301B681B6803F02003002B74
:1077700040F087807B681B68C7F88830D7F888306E
:1077800053E8003FC7F88430D7F8843023F480737F
:10779000C7F8B8307B681B681A46D7F8B830C7F806
:1077A0009430C7F89020D7F89010D7F8942041E88B
:1077B0000023C7F88C30D7F88C30002BDAD17B68E7
:1077C0001B6808337B677B6F53E8003F3B673B6F69
:1077D00023F00103C7F8B4307B681B680833D7F87F
:1077E000B420C7F88020FB67F96FD7F8802041E804
:1077F0000023BB67BB6F002BE1D17B681B6808339C
:107800003B663B6E53E8003FFB65FB6D23F0400396
:10781000C7F8B0307B681B680833D7F8B020FA6629
:10782000BB66B96EFA6E41E800237B667B6E002B67
:10783000E3D17B682022C3F88C207B680022DA66C3
:107840007B681B68FB64FB6C53E8003FBB64BB6C4C
:1078500023F01003C7F8AC307B681B681A46D7F8D2
:10786000AC30BB657A65796DBA6D41E800233B6544
:107870003B6D002BE4D17B68D3F880301846F7F7D6
:10788000B4FF7B6802221A677B68B3F85C207B68D0
:10789000B3F85E309BB2D31A9BB21946786800F0F9
:1078A000FDF8DFE07B68B3F85C207B68B3F85E30FE
:1078B0009BB2D31AA7F8CE307B68B3F85E309BB288
:1078C000002B00F0D180B7F8CE30002B00F0CC8038
:1078D0007B681B68BB63BB6B53E8003F7B637B6BC0
:1078E00023F49073C7F8C8307B681B681A46D7F832
:1078F000C8307B643A64396C7A6C41E80023FB63DE
:10790000FB6B002BE4D17B681B6808337B627B6ACE
:1079100053E8003F3B623B6A23F0805323F00103AE
:10792000C7F8C4307B681B680833D7F8C4203A63B3
:10793000FB62F96A3A6B41E80023BB62BB6A002B29
:10794000E1D17B682022C3F88C207B680022DA66B4
:107950007B6800225A677B681B683B613B6953E880
:10796000003FFB60FB6823F01003C7F8C0307B6862
:107970001B681A46D7F8C030FB61BA61B969FA6969
:1079800041E800237B617B69002BE4D17B68022204
:107990001A67B7F8CE301946786800F07FF863E0D0
:1079A000D7F8E43003F48013002B0ED0D7F8DC3086
:1079B00003F48003002B08D07B681B684FF480120F
:1079C0001A62786800F01DF951E0D7F8E43003F04E
:1079D0008003002B14D0D7F8E03003F08003002B95
:1079E00005D1D7F8DC3003F40003002B08D07B6806
:1079F0009B6F002B3AD07B689B6F7868984735E087
:107A0000D7F8E43003F04003002B09D0D7F8E0307A
:107A100003F04003002B03D0786800F0C7F826E09D
:107A2000D7F8E43003F40003002B09D0D7F8E03096
:107A300003F08043002B03D0786800F0F6F816E0DE
:107A4000D7F8E43003F08073002B10D0D7F8E03083
:107A5000002B0CDA786800F0DEF808E000BF06E0E2
:107A600000BF04E000BF02E000BF00E000BFE83755
:107A7000BD4680BD80B483B000AF786000BF0C37D6
:107A8000BD465DF8047B704780B483B000AF78607A
:107A900000BF0C37BD465DF8047B704780B483B0EF
:107AA00000AF78600B467B8000BF0C37BD465DF8A9
:107AB000047B704780B495B000AF78607B681B682A
:107AC0007B637B6B53E8003F3B633B6B23F490731A
:107AD000FB647B681B681A46FB6C3B64FA63F96BBA
:107AE0003A6C41E80023BB63BB6B002BE6D17B689B
:107AF0001B6808333B623B6A53E8003FFB61FB694C
:107B000023F0805323F00103BB647B681B680833B8
:107B1000BA6CFA62BB62B96AFA6A41E800237B6216
:107B20007B6A002BE3D17B68DB6E012B18D17B686D
:107B30001B68FB60FB6853E8003FBB60BB6823F039
:107B400010037B647B681B681A467B6CBB617A619F
:107B50007969BA6941E800233B613B69002BE6D1B2
:107B60007B682022C3F88C207B680022DA667B6861
:107B700000225A6700BF5437BD465DF8047B70474A
:107B800080B584B000AF78607B689B6AFB60FB685F
:107B90000022A3F85E20FB680022A3F85620F868B4
:107BA000FFF772FF00BF1037BD4680BD80B588B0BB
:107BB00000AF78607B681B68FB60FB6853E8003FA0
:107BC000BB60BB6823F04003FB617B681B681A46FF
:107BD000FB69BB617A617969BA6941E800233B615D
:107BE0003B69002BE6D17B682022C3F888207B68A4
:107BF00000229A677868FFF73DFF00BF2037BD4637
:107C000080BD80B483B000AF786000BF0C37BD4644
:107C10005DF8047B704780B483B000AF786000BF2C
:107C20000C37BD465DF8047B704780B483B000AF6D
:107C3000786000BF0C37BD465DF8047B704780B4A8
:107C400085B000AF78607B680022A3F844204BF633
:107C50008073FB60FB689AB27B68A3F84020002326
:107C600018461437BD465DF8047B704780B485B074
:107C700000AF78604BF68073FB607B68B3F84030F0
:107C80009AB2FB689BB2DB439BB213409AB27B680B
:107C9000A3F84020002318461437BD465DF8047B46
:107CA000704780B485B000AFF8603B1D83E80600E4
:107CB000FB680122A3F84020FB680022A3F84020C3
:107CC000FB680022A3F84420FB680022A3F85020A0
:107CD000002318461437BD465DF8047B704700004A
:107CE00080B49DB000AF78603960002387F86F30B2
:107CF0007A683B681B789B0013441B889BB223F473
:107D0000EC4323F07003A7F86C303B68DB78032B5F
:107D10001FD801A252F823F0297D0108457D0108F2
:107D20005B7D0108377D0108B7F86C3043F40073C0
:107D3000A7F86C3012E0B7F86C3043F4C063A7F8D2
:107D40006C300BE0B7F86C3043F48063A7F86C300C
:107D500004E0012387F86F3000E000BF7A683B68D9
:107D60001B789B001A44B7F86C3043F07F4343F410
:107D70007F0343F4004343F080039BB213807A688F
:107D80003B681B789B0013441B889BB21BB223F4F7
:107D9000E04323F070031AB23B681B781BB2134315
:107DA0001BB2A7F866307A683B681B789B001A44C0
:107DB000B7F8663043F07F4343F47F0343F4004356
:107DC00043F080039BB213803B681B7B002B40F089
:107DD00078813B685B78002B00F084807B68BB6116
:107DE0007B68B3F850309BB21A46BB691344BB6141
:107DF0003B681B78DA00BB69134403F580637B6141
:107E00003B68DB885B089BB25B009AB27B691A8097
:107E10007A683B681B789B0013441B887B827B8AB3
:107E200003F04003002B1BD07A683B681B789B0053
:107E300013441B889BB223F4E04323F070033B827E
:107E40007A683B681B789B001A443B8A43F07F4367
:107E500043F47F0343F4004343F0C0039BB2138019
:107E60003B68DB78012B20D07A683B681B789B004D
:107E700013441B889BB223F4E04323F04003BB81EF
:107E8000BB8983F02003BB817A683B681B789B0029
:107E90001A44BB8943F07F4343F47F0343F4004318
:107EA00043F080039BB21380D5E27A683B681B786D
:107EB0009B0013441B889BB223F4E04323F0400350
:107EC000FB817A683B681B789B001A44FB8943F06E
:107ED0007F4343F47F0343F4004343F080039BB2AA
:107EE0001380B8E27B683B637B68B3F850309BB289
:107EF0001A463B6B13443B633B681B78DA003B6BD1
:107F0000134403F20443FB623B68DB885B089BB2CB
:107F10005B009AB2FB6A1A807B68BB627B68B3F82D
:107F200050309BB21A46BB6A1344BB623B681B7855
:107F3000DA00BB6A134403F206437B627B6A1B8848
:107F40009BB2C3F309039AB27B6A1A803B681B6930
:107F5000002B0AD17B6A1B889BB26FEA43436FEA0E
:107F600053439AB27B6A1A8039E03B681B693E2B07
:107F700018D83B681B695B08BB663B681B6903F04C
:107F80000103002B02D0BB6E0133BB667B6A1B88EA
:107F90009AB2BB6E9BB29B029BB213439AB27B6AAE
:107FA0001A801CE03B681B695B09BB663B681B6968
:107FB00003F01F03002B02D1BB6E013BBB667B6A43
:107FC0001B889AB2BB6E9BB29B029BB213439BB2BF
:107FD0006FEA43436FEA53439AB27B6A1A807A6826
:107FE0003B681B789B0013441B887B847B8C03F4C9
:107FF0008043002B1BD07A683B681B789B0013449E
:108000001B889BB223F4E04323F070033B847A681F
:108010003B681B789B001A443B8C43F07F4343F43E
:108020007F0343F4404343F080039BB213803B68DB
:108030001B78002B24D17A683B681B789B00134483
:108040001B889BB223F4804323F07003BB83BB8B5C
:1080500083F48053BB83BB8B83F40053BB837A6868
:108060003B681B789B001A44BB8B43F07F4343F46F
:108070007F0343F4004343F080039BB21380EAE1A3
:108080007A683B681B789B0013441B889BB223F4DF
:10809000804323F07003FB83FB8B83F40053FB834B
:1080A0007A683B681B789B001A44FB8B43F07F4344
:1080B00043F47F0343F4004343F080039BB21380F7
:1080C000C9E13B68DB78022B1ED17A683B681B78DC
:1080D0009B0013441B889BB223F4E04323F07003FE
:1080E000A7F862307A683B681B789B001A44B7F89F
:1080F000623043F07F4343F47F0343F4014343F092
:1081000080039BB213801DE07A683B681B789B005C
:1081100013441B889BB223F4E24323F07003A7F8B7
:1081200064307A683B681B789B001A44B7F8643067
:1081300043F07F4343F47F0343F4004343F0800361
:108140009BB213807B68FB657B68B3F850309BB2B1
:108150001A46FB6D1344FB653B681B78DA00FB6D28
:10816000134403F58063BB653B681B895B089BB2C6
:108170005B009AB2BB6D1A807B687B657B68B3F845
:1081800050309BB21A467B6D13447B653B681B786D
:10819000DA007B6D134403F204433B653B685B8963
:1081A0005B089BB25B009AB23B6D1A803B685B78C0
:1081B000002B40F093807A683B681B789B00134447
:1081C0001B88A7F84030B7F8403003F48043002BF9
:1081D0001BD07A683B681B789B0013441B889BB2BA
:1081E00023F4E04323F07003FB877A683B681B7835
:1081F0009B001A44FB8F43F07F4343F47F0343F417
:10820000404343F080039BB213807A683B681B783D
:108210009B0013441B88BB87BB8F03F04003002BDC
:108220001BD07A683B681B789B0013441B889BB269
:1082300023F4E04323F070037B877A683B681B7864
:108240009B001A447B8F43F07F4343F47F0343F446
:10825000004343F0C0039BB213807A683B681B78ED
:108260009B0013441B889BB223F4804323F07003CC
:108270003B873B8F83F480533B873B8F83F40053D2
:108280003B877A683B681B789B001A443B8F43F01E
:108290007F4343F47F0343F4004343F080039BB2E6
:1082A00013807A683B681B789B0013441B889BB241
:1082B00023F4E04323F04003FB867A683B681B7895
:1082C0009B001A44FB8E43F07F4343F47F0343F447
:1082D000004343F080039BB21380BCE07A683B68A4
:1082E0001B789B0013441B88A7F84E30B7F84E301C
:1082F00003F48043002B1DD07A683B681B789B00F9
:1083000013441B889BB223F4E04323F07003A7F8C7
:108310004C307A683B681B789B001A44B7F84C30A5
:1083200043F07F4343F47F0343F4404343F080032F
:108330009BB213807A683B681B789B0013441B88B0
:10834000A7F84A30B7F84A3003F04003002B1DD09D
:108350007A683B681B789B0013441B889BB223F40C
:10836000E04323F07003A7F848307A683B681B7835
:108370009B001A44B7F8483043F07F4343F47F032F
:1083800043F4004343F0C0039BB213803B68DB78A7
:10839000012B24D07A683B681B789B0013441B8810
:1083A0009BB223F4E04323F04003A7F84430B7F82E
:1083B000443083F02003A7F844307A683B681B7888
:1083C0009B001A44B7F8443043F07F4343F47F03E3
:1083D00043F4004343F080039BB213801DE07A68AE
:1083E0003B681B789B0013441B889BB223F4E0433B
:1083F00023F04003A7F846307A683B681B789B005F
:108400001A44B7F8463043F07F4343F47F0343F404
:10841000004343F080039BB213807A683B681B786B
:108420009B0013441B889BB223F4804323F070030A
:10843000A7F842307A683B681B789B001A44B7F86B
:10844000423043F07F4343F47F0343F4004343F05F
:1084500080039BB2138097F86F3018467437BD467F
:108460005DF8047B704700BF80B48DB000AF7860CA
:1084700039603B681B7B002B40F08E803B685B784B
:10848000002B44D07A683B681B789B0013441B8800
:10849000BB81BB8903F04003002B1BD07A683B688B
:1084A0001B789B0013441B889BB223F4E04323F00A
:1084B00070037B817A683B681B789B001A447B8938
:1084C00043F07F4343F47F0343F4004343F0C0038E
:1084D0009BB213807A683B681B789B0013441B880F
:1084E0009BB223F4E04323F040033B817A683B686E
:1084F0001B789B001A443B8943F07F4343F47F037E
:1085000043F4004343F080039BB2138092E17A6806
:108510003B681B789B0013441B887B827B8A03F497
:108520008043002B1BD07A683B681B789B00134468
:108530001B889BB223F4E04323F070033B827A68EC
:108540003B681B789B001A443B8A43F07F4343F40B
:108550007F0343F4404343F080039BB213807A6867
:108560003B681B789B0013441B889BB223F4804319
:1085700023F07003FB817A683B681B789B001A44E8
:10858000FB8943F07F4343F47F0343F4004343F00C
:1085900080039BB213804DE13B685B78002B40F079
:1085A000A5807A683B681B789B0013441B883B843A
:1085B0003B8C03F48043002B1BD07A683B681B780C
:1085C0009B0013441B889BB223F4E04323F0700309
:1085D000FB837A683B681B789B001A44FB8B43F053
:1085E0007F4343F47F0343F4404343F080039BB253
:1085F00013807A683B681B789B0013441B88BB83FD
:10860000BB8B03F04003002B1BD07A683B681B78C0
:108610009B0013441B889BB223F4E04323F07003B8
:108620007B837A683B681B789B001A447B8B43F002
:108630007F4343F47F0343F4004343F0C0039BB202
:1086400013807A683B681B789B0013441B889BB29D
:1086500023F4E04323F070033B837A683B681B7884
:108660009B001A443B8B43F07F4343F47F0343F466
:10867000004343F0C0039BB213807A683B681B78C9
:108680009B0013441B889BB223F4804323F07003A8
:10869000FB827A683B681B789B001A44FB8A43F094
:1086A0007F4343F47F0343F4004343F080039BB2D2
:1086B00013807A683B681B789B0013441B889BB22D
:1086C00023F4E04323F04003BB827A683B681B78C5
:1086D0009B001A44BB8A43F07F4343F47F0343F477
:1086E000004343F080039BB21380A3E07A683B68A9
:1086F0001B789B0013441B88FB85FB8D03F4804390
:10870000002B1BD07A683B681B789B0013441B88A6
:108710009BB223F4E04323F07003BB857A683B6887
:108720001B789B001A44BB8D43F07F4343F47F03C7
:1087300043F4404343F080039BB213807A683B6864
:108740001B789B0013441B887B857B8D03F04003C3
:10875000002B1BD07A683B681B789B0013441B8856
:108760009BB223F4E04323F070033B857A683B68B7
:108770001B789B001A443B8D43F07F4343F47F03F7
:1087800043F4004343F0C0039BB213807A683B6814
:108790001B789B0013441B889BB223F4E04323F017
:1087A0007003FB847A683B681B789B001A44FB8C3F
:1087B00043F07F4343F47F0343F4404343F080039B
:1087C0009BB213807A683B681B789B0013441B881C
:1087D0009BB223F4E04323F04003BB847A683B68F8
:1087E0001B789B001A44BB8C43F07F4343F47F0308
:1087F00043F4004343F080039BB213807A683B68E4
:108800001B789B0013441B889BB223F4804323F006
:1088100070037B847A683B681B789B001A447B8CCE
:1088200043F07F4343F47F0343F4004343F080036A
:108830009BB21380002318463437BD465DF8047B95
:10884000704780B5C2B000AF07F58473A3F582739B
:10885000186007F58473A3F58473196007F58473B2
:10886000A3F584731B685B78012B40F0B78607F58E
:108870008473A3F584731B689A6907F58473A3F561
:1088800084731B681B699A4208D907F58473A3F5A2
:1088900084731B681B69C7F8043107E007F584730C
:1088A000A3F584731B689B69C7F8043107F58473CB
:1088B000A3F584731B681B7B002B3AD107F58473E7
:1088C000A3F584731B68596907F58473A3F5847352
:1088D0001B68DA88D7F804319BB207F58470A0F5DD
:1088E0008270006801F099FC07F58473A3F5827328
:1088F0001B683B6107F58473A3F582731B68B3F8AB
:1089000050309BB21A463B6913443B6107F58473B0
:10891000A3F584731B681B78DA003B69134403F2E8
:108920000243FB60D7F804319AB2FB681A8000F06A
:108930001FBE07F58473A3F584731B68DB78022BD5
:1089400040F0628407F58473A3F584731B681A6A88
:1089500007F58473A3F584731B681B699A4240F280
:10896000DF8307F58473A3F582731A6807F58473B0
:10897000A3F584731B681B789B0013441B889BB270
:1089800023F4E04323F07003A7F8563007F584730F
:10899000A3F582731A6807F58473A3F584731B68C3
:1089A0001B789B001A44B7F8563043F07F4343F4DA
:1089B0007F0343F4014343F080039BB2138007F528
:1089C0008473A3F584731B681A6AD7F80431D21A2A
:1089D00007F58473A3F584731B681A6207F5847323
:1089E000A3F582731A6807F58473A3F584731B6873
:1089F0001B789B0013441B889BB203F04003002BA1
:108A000000F0C78107F58473A3F582731B683B638D
:108A100007F58473A3F584731B685B78002B77D10B
:108A200007F58473A3F582731B68BB6207F5847333
:108A3000A3F582731B68B3F850309BB21A46BB6A29
:108A40001344BB6207F58473A3F584731B681B781A
:108A5000DA00BB6A134403F206437B627B6A1B881D
:108A60009BB2C3F309039AB27B6A1A80D7F8043128
:108A7000002B0AD17B6A1B889BB26FEA43436FEAE3
:108A800053439AB27B6A1A8067E0D7F804313E2BD1
:108A90001CD8D7F804315B08C7F80031D7F8043187
:108AA00003F00103002B04D0D7F800310133C7F8DD
:108AB00000317B6A1B889AB2D7F800319BB29B02C7
:108AC0009BB213439AB27B6A1A8046E0D7F804310E
:108AD0005B09C7F80031D7F8043103F01F03002BFE
:108AE00004D1D7F80031013BC7F800317B6A1B88FD
:108AF0009AB2D7F800319BB29B029BB213439BB250
:108B00006FEA43436FEA53439AB27B6A1A8024E0C8
:108B100007F58473A3F584731B685B78012B1CD164
:108B200007F58473A3F582731B68B3F850309BB2CA
:108B30001A463B6B13443B6307F58473A3F58473B8
:108B40001B681B78DA003B6B134403F20643FB629D
:108B5000D7F804319AB2FB6A1A8007F58473A3F53B
:108B600084731B685B89A7F8763007F58473A3F5D7
:108B700084731B685969D7F804319BB2B7F8762023
:108B800007F58470A0F58270006801F046FB07F5D8
:108B90008473A3F584731B685A69D7F804311A44A7
:108BA00007F58473A3F584731B685A6107F5847312
:108BB000A3F584731B681A6A07F58473A3F584739D
:108BC0001B681B699A420FD907F58473A3F5847358
:108BD0001B681A6AD7F80431D21A07F58473A3F513
:108BE00084731B681A620EE007F58473A3F584731F
:108BF0001B681B6AC7F8043107F58473A3F58473F7
:108C00001B6800221A6207F58473A3F584731B683E
:108C10005B78002B77D107F58473A3F582731B680B
:108C2000BB6107F58473A3F582731B68B3F85030FA
:108C30009BB21A46BB691344BB6107F58473A3F565
:108C400084731B681B78DA00BB69134403F2024388
:108C50007B617B691B889BB2C3F309039AB27B6972
:108C60001A80D7F80431002B0AD17B691B889BB28C
:108C70006FEA43436FEA53439AB27B691A806DE00F
:108C8000D7F804313E2B1CD8D7F804315B08C7F85D
:108C9000FC30D7F8043103F00103002B04D0D7F8DF
:108CA000FC300133C7F8FC307B691B889AB2D7F8D7
:108CB000FC309BB29B029BB213439AB27B691A8031
:108CC0004CE0D7F804315B09C7F8FC30D7F8043121
:108CD00003F01F03002B04D1D7F8FC30013BC7F889
:108CE000FC307B691B889AB2D7F8FC309BB29B02A0
:108CF0009BB213439BB26FEA43436FEA53439AB26A
:108D00007B691A802AE007F58473A3F584731B68D6
:108D10005B78012B22D107F58473A3F582731B685E
:108D20003B6207F58473A3F582731B68B3F8503078
:108D30009BB21A463B6A13443B6207F58473A3F562
:108D400084731B681B78DA003B6A134403F2024306
:108D5000FB61D7F804319AB2FB691A8007F5847376
:108D6000A3F584731B681B89A7F8763007F5847315
:108D7000A3F584731B685969D7F804319BB2B7F81F
:108D8000762007F58470A0F58270006801F045FA3E
:108D9000EEE307F58473A3F584731B685B78002BFF
:108DA00077D107F58473A3F582731B68BB6407F55D
:108DB0008473A3F582731B68B3F850309BB21A46D4
:108DC000BB6C1344BB6407F58473A3F584731B6801
:108DD0001B78DA00BB6C134403F202437B647B6CA8
:108DE0001B889BB2C3F309039AB27B6C1A80D7F835
:108DF0000431002B0AD17B6C1B889BB26FEA434382
:108E00006FEA53439AB27B6C1A806DE0D7F8043155
:108E10003E2B1CD8D7F804315B08C7F8F830D7F8D8
:108E2000043103F00103002B04D0D7F8F8300133EC
:108E3000C7F8F8307B6C1B889AB2D7F8F8309BB231
:108E40009B029BB213439AB27B6C1A804CE0D7F81A
:108E500004315B09C7F8F830D7F8043103F01F0379
:108E6000002B04D1D7F8F830013BC7F8F8307B6C01
:108E70001B889AB2D7F8F8309BB29B029BB213437F
:108E80009BB26FEA43436FEA53439AB27B6C1A80FA
:108E90002AE007F58473A3F584731B685B78012BC4
:108EA00022D107F58473A3F582731B683B6507F530
:108EB0008473A3F582731B68B3F850309BB21A46D3
:108EC0003B6D13443B6507F58473A3F584731B68FE
:108ED0001B78DA003B6D134403F20243FB64D7F8BE
:108EE00004319AB2FB6C1A8007F58473A3F584737E
:108EF0001B681B89A7F8763007F58473A3F5847384
:108F00001B685969D7F804319BB2B7F8762007F58A
:108F10008470A0F58270006801F07FF907F5847312
:108F2000A3F584731B685A69D7F804311A4407F50E
:108F30008473A3F584731B685A6107F58473A3F5E2
:108F400084731B681A6A07F58473A3F584731B681E
:108F50001B699A420FD907F58473A3F584731B68C4
:108F60001A6AD7F80431D21A07F58473A3F584730B
:108F70001B681A620EE007F58473A3F584731B68FF
:108F80001B6AC7F8043107F58473A3F584731B6863
:108F900000221A6207F58473A3F582731B683B6491
:108FA00007F58473A3F584731B685B78002B77D176
:108FB00007F58473A3F582731B68BB6307F584739D
:108FC000A3F582731B68B3F850309BB21A46BB6B93
:108FD0001344BB6307F58473A3F584731B681B7884
:108FE000DA00BB6B134403F206437B637B6B1B8885
:108FF0009BB2C3F309039AB27B6B1A80D7F8043192
:10900000002B0AD17B6B1B889BB26FEA43436FEA4C
:1090100053439AB27B6B1A8067E0D7F804313E2B3A
:109020001CD8D7F804315B08C7F8F430D7F80431FE
:1090300003F00103002B04D0D7F8F4300133C7F854
:10904000F4307B6B1B889AB2D7F8F4309BB29B024A
:109050009BB213439AB27B6B1A8046E0D7F8043177
:109060005B09C7F8F430D7F8043103F01F03002B75
:1090700004D1D7F8F430013BC7F8F4307B6B1B8880
:109080009AB2D7F8F4309BB29B029BB213439BB2C7
:109090006FEA43436FEA53439AB27B6B1A8024E032
:1090A00007F58473A3F584731B685B78012B1CD1CF
:1090B00007F58473A3F582731B68B3F850309BB235
:1090C0001A463B6C13443B6407F58473A3F5847321
:1090D0001B681B78DA003B6C134403F20643FB6306
:1090E000D7F804319AB2FB6B1A8007F58473A3F5A5
:1090F00084731B685B89A7F8763007F58473A3F542
:1091000084731B685969D7F804319BB2B7F876208D
:1091100007F58470A0F58270006801F07EF827E200
:1091200007F58473A3F584731B681B6AC7F80431C1
:1091300007F58473A3F582731A6807F58473A3F5A2
:1091400084731B681B789B0013441B889BB223F419
:10915000E24323F07003A7F8623007F58473A3F5A8
:1091600082731A6807F58473A3F584731B681B78F0
:109170009B001A44B7F8623043F07F4343F47F0307
:1091800043F4004343F080039BB2138007F58473DC
:10919000A3F582731B68FB6507F58473A3F58273DF
:1091A0001B68B3F850309BB21A46FB6D1344FB6545
:1091B00007F58473A3F584731B681B78DA00FB6DD5
:1091C000134403F20243BB65D7F804319AB2BB6D76
:1091D0001A8007F58473A3F584731B681B89A7F8AD
:1091E000763007F58473A3F584731B685969D7F843
:1091F00004319BB2B7F8762007F58470A0F5827031
:10920000006801F00AF8B3E107F58473A3F58473ED
:109210001B681A6AD7F80431D21A07F58473A3F5CC
:1092200084731B681A6207F58473A3F582731A6846
:1092300007F58473A3F584731B681B789B001344A4
:109240001B889BB203F04003002B00F0C68007F59B
:109250008473A3F582731B683B6707F58473A3F5DA
:1092600084731B685B78002B77D107F58473A3F5B3
:1092700082731B68BB6607F58473A3F582731B6852
:10928000B3F850309BB21A46BB6E1344BB6607F569
:109290008473A3F584731B681B78DA00BB6E1344D8
:1092A00003F206437B667B6E1B889BB2C3F3090304
:1092B0009AB27B6E1A80D7F80431002B0AD17B6EEC
:1092C0001B889BB26FEA43436FEA53439AB27B6EAB
:1092D0001A8067E0D7F804313E2B1CD8D7F8043148
:1092E0005B08C7F8F030D7F8043103F00103002B16
:1092F00004D0D7F8F0300133C7F8F0307B6E1B880C
:109300009AB2D7F8F0309BB29B029BB213439AB249
:109310007B6E1A8046E0D7F804315B09C7F8F0305D
:10932000D7F8043103F01F03002B04D1D7F8F03035
:10933000013BC7F8F0307B6E1B889AB2D7F8F0304B
:109340009BB29B029BB213439BB26FEA43436FEA0B
:1093500053439AB27B6E1A8024E007F58473A3F519
:1093600084731B685B78012B1CD107F58473A3F50C
:1093700082731B68B3F850309BB21A463B6F13449C
:109380003B6707F58473A3F584731B681B78DA00C9
:109390003B6F134403F20643FB66D7F804319AB2DD
:1093A000FB6E1A8007F58473A3F584731B685B89D1
:1093B000A7F8763007F58473A3F584731B685969A1
:1093C000D7F804319BB2B7F8762007F58470A0F582
:1093D0008270006800F021FFCAE007F58473A3F5EE
:1093E00084731B685B78002B77D107F58473A3F532
:1093F00082731B68FB6707F58473A3F582731B6890
:10940000B3F850309BB21A46FB6F1344FB6707F565
:109410008473A3F584731B681B78DA00FB6F134415
:1094200003F20243BB67BB6F1B889BB2C3F3090304
:109430009AB2BB6F1A80D7F80431002B0AD1BB6FE8
:109440001B889BB26FEA43436FEA53439AB2BB6FE8
:109450001A8073E0D7F804313E2B1CD8D7F80431BA
:109460005B08C7F8EC30D7F8043103F00103002B98
:1094700004D0D7F8EC300133C7F8EC30BB6F1B8851
:109480009AB2D7F8EC309BB29B029BB213439AB2CC
:10949000BB6F1A8052E0D7F804315B09C7F8EC3093
:1094A000D7F8043103F01F03002B04D1D7F8EC30B8
:1094B000013BC7F8EC30BB6F1B889AB2D7F8EC3091
:1094C0009BB29B029BB213439BB26FEA43436FEA8A
:1094D00053439AB2BB6F1A8030E007F58473A3F54B
:1094E00084731B685B78012B28D107F58473A3F57F
:1094F00082731B68C7F8843007F58473A3F5827301
:109500001B68B3F850309BB21A46D7F88430134426
:10951000C7F8843007F58473A3F584731B681B7840
:10952000DA00D7F88430134403F20243C7F88030DE
:10953000D7F804319AB2D7F880301A8007F58473CF
:10954000A3F584731B681B89A7F8763007F584732D
:10955000A3F584731B685969D7F804319BB2B7F837
:10956000762007F58470A0F58270006800F055FE43
:1095700007F58473A3F582731A6807F58473A3F55E
:1095800084731B681B789B0013441B889BB223F4D5
:10959000E04323F040037B817B8983F010037B81D0
:1095A0007B8983F020037B8107F58473A3F58273A5
:1095B0001A6807F58473A3F584731B681B789B00F6
:1095C0001A447B8943F07F4343F47F0343F4004311
:1095D00043F080039BB2138000F0DFBC07F5847377
:1095E000A3F584731B681B7B002B40F0BC8007F540
:1095F0008473A3F584731B689A6907F58473A3F5D4
:1096000084731B681B699A4217D907F58473A3F505
:1096100084731B681B69C7F8043107F58473A3F5CD
:1096200084731B689A69D7F80431D21A07F58473DA
:10963000A3F584731B689A610EE007F58473A3F5A4
:1096400084731B689B69C7F8043107F58473A3F51D
:1096500084731B6800229A6107F58473A3F58273F3
:109660001B68C7F8903007F58473A3F582731B68F5
:10967000B3F850309BB21A46D7F890301344C7F86D
:10968000903007F58473A3F584731B681B78DA00A8
:10969000D7F89030134403F20643C7F88C30D7F85C
:1096A0008C301B889BB2C3F309039AB2D7F88C3075
:1096B0001A80D7F80431002B0DD1D7F88C301B88D5
:1096C0009BB26FEA43436FEA53439AB2D7F88C30A8
:1096D0001A8000F028BCD7F804313E2B1FD8D7F8E9
:1096E00004315B08C7F8E830D7F8043103F0010310
:1096F000002B04D0D7F8E8300133C7F8E830D7F8AA
:109700008C301B889AB2D7F8E8309BB29B029BB290
:1097100013439AB2D7F88C301A8000F004BCD7F803
:1097200004315B09C7F8E830D7F8043103F01F03B0
:10973000002B04D1D7F8E830013BC7F8E830D7F860
:109740008C301B889AB2D7F8E8309BB29B029BB250
:1097500013439BB26FEA43436FEA53439AB2D7F87D
:109760008C301A80DFE307F58473A3F584731B68DC
:10977000DB78022B40F0188207F58473A3F584731D
:109780001B685B78002B40F09D8007F58473A3F580
:1097900082731B68C7F8AC3007F58473A3F5827336
:1097A0001B68B3F850309BB21A46D7F8AC3013445C
:1097B000C7F8AC3007F58473A3F584731B681B7876
:1097C000DA00D7F8AC30134403F20243C7F8A830EC
:1097D000D7F8A8301B889BB2C3F309039AB2D7F815
:1097E000A8301A8007F58473A3F584731B681B697E
:1097F000002B0CD1D7F8A8301B889BB26FEA4343EB
:109800006FEA53439AB2D7F8A8301A808FE007F571
:109810008473A3F584731B681B693E2B26D807F558
:109820008473A3F584731B681B695B08C7F8E43075
:1098300007F58473A3F584731B681B6903F00103A8
:10984000002B04D0D7F8E4300133C7F8E430D7F860
:10985000A8301B889AB2D7F8E4309BB29B029BB227
:1098600013439AB2D7F8A8301A8060E007F58473E2
:10987000A3F584731B681B695B09C7F8E43007F51F
:109880008473A3F584731B681B6903F01F03002B0B
:1098900004D1D7F8E430013BC7F8E430D7F8A8305A
:1098A0001B889AB2D7F8E4309BB29B029BB2134359
:1098B0009BB26FEA43436FEA53439AB2D7F8A8309A
:1098C0001A8034E007F58473A3F584731B685B7812
:1098D000012B2CD107F58473A3F582731B68C7F89D
:1098E000B43007F58473A3F582731B68B3F8503066
:1098F0009BB21A46D7F8B4301344C7F8B43007F512
:109900008473A3F584731B681B78DA00D7F8B4302E
:10991000134403F20243C7F8B03007F58473A3F58C
:1099200084731B681B699AB2D7F8B0301A8007F5A8
:109930008473A3F582731B68C7F8A43007F584739A
:10994000A3F584731B685B78002B40F09D8007F5BE
:109950008473A3F582731B68C7F89C3007F5847382
:10996000A3F582731B68B3F850309BB21A46D7F840
:109970009C301344C7F89C3007F58473A3F58473B7
:109980001B681B78DA00D7F89C30134403F20643B7
:10999000C7F89830D7F898301B889BB2C3F30903F7
:1099A0009AB2D7F898301A8007F58473A3F58473B8
:1099B0001B681B69002B0CD1D7F898301B889BB211
:1099C0006FEA43436FEA53439AB2D7F898301A804C
:1099D00088E007F58473A3F584731B681B693E2B2D
:1099E00026D807F58473A3F584731B681B695B088D
:1099F000C7F8E03007F58473A3F584731B681B690F
:109A000003F00103002B04D0D7F8E0300133C7F88E
:109A1000E030D7F898301B889AB2D7F8E0309BB284
:109A20009B029BB213439AB2D7F898301A8059E040
:109A300007F58473A3F584731B681B695B09C7F87A
:109A4000E03007F58473A3F584731B681B6903F08A
:109A50001F03002B04D1D7F8E030013BC7F8E030FA
:109A6000D7F898301B889AB2D7F8E0309BB29B02A7
:109A70009BB213439BB26FEA43436FEA53439AB2DC
:109A8000D7F898301A802DE007F58473A3F5847316
:109A90001B685B78012B25D107F58473A3F58273CE
:109AA0001B68B3F850309BB21A46D7F8A430134461
:109AB000C7F8A43007F58473A3F584731B681B787B
:109AC000DA00D7F8A430134403F20643C7F8A030F5
:109AD00007F58473A3F584731B681B699AB2D7F8E2
:109AE000A0301A8007F58473A3F584731B68DB69C3
:109AF000002B00F0188207F58473A3F582731A68AF
:109B000007F58473A3F584731B681B789B001344CB
:109B10001B88A7F89630B7F8963003F48043002BE3
:109B200005D0B7F8963003F04003002B0DD1B7F8FD
:109B3000963003F48043002B40F0F581B7F896305F
:109B400003F04003002B40F0EE8107F58473A3F58A
:109B500082731A6807F58473A3F584731B681B78F6
:109B60009B0013441B889BB223F4E04323F0700353
:109B7000A7F8943007F58473A3F582731A6807F584
:109B80008473A3F584731B681B789B001A44B7F891
:109B9000943043F07F4343F47F0343F4004343F0A6
:109BA000C0039BB21380BEE107F58473A3F58473F1
:109BB0001B68DB78012B40F0B48107F58473A3F5B3
:109BC00084731B689A6907F58473A3F584731B6813
:109BD0001B699A4217D907F58473A3F584731B6830
:109BE0001B69C7F8043107F58473A3F584731B68F8
:109BF0009A69D7F80431D21A07F58473A3F58473F0
:109C00001B689A610EE007F58473A3F584731B68E3
:109C10009B69C7F8043107F58473A3F584731B6847
:109C200000229A6107F58473A3F584731B685B783F
:109C3000002B40F0858007F58473A3F582731B68C1
:109C4000C7F8CC3007F58473A3F582731B68B3F8AB
:109C500050309BB21A46D7F8CC301344C7F8CC30FA
:109C600007F58473A3F584731B681B78DA00D7F8B3
:109C7000CC30134403F20243C7F8C830D7F8C830D9
:109C80001B889BB2C3F309039AB2D7F8C8301A8075
:109C9000D7F80431002B0CD1D7F8C8301B889BB201
:109CA0006FEA43436FEA53439AB2D7F8C8301A8039
:109CB00077E0D7F804313E2B1ED8D7F804315B0883
:109CC000C7F8DC30D7F8043103F00103002B04D0CF
:109CD000D7F8DC300133C7F8DC30D7F8C8301B8840
:109CE0009AB2D7F8DC309BB29B029BB213439AB274
:109CF000D7F8C8301A8054E0D7F804315B09C7F8A8
:109D0000DC30D7F8043103F01F03002B04D1D7F85F
:109D1000DC30013BC7F8DC30D7F8C8301B889AB27A
:109D2000D7F8DC309BB29B029BB213439BB26FEA25
:109D300043436FEA53439AB2D7F8C8301A8030E0F1
:109D400007F58473A3F584731B685B78012B28D116
:109D500007F58473A3F582731B68C7F8D43007F541
:109D60008473A3F582731B68B3F850309BB21A4614
:109D7000D7F8D4301344C7F8D43007F58473A3F56B
:109D800084731B681B78DA00D7F8D430134403F2CD
:109D90000243C7F8D030D7F804319AB2D7F8D030A0
:109DA0001A8007F58473A3F582731B68C7F8C43063
:109DB00007F58473A3F584731B685B78002B40F070
:109DC000858007F58473A3F582731B68C7F8BC30E0
:109DD00007F58473A3F582731B68B3F850309BB208
:109DE0001A46D7F8BC301344C7F8BC3007F5847363
:109DF000A3F584731B681B78DA00D7F8BC301344D2
:109E000003F20643C7F8B830D7F8B8301B889BB2C6
:109E1000C3F309039AB2D7F8B8301A80D7F80431DF
:109E2000002B0CD1D7F8B8301B889BB26FEA4343A4
:109E30006FEA53439AB2D7F8B8301A8073E0D7F874
:109E400004313E2B1ED8D7F804315B08C7F8D83050
:109E5000D7F8043103F00103002B04D0D7F8D83031
:109E60000133C7F8D830D7F8B8301B889AB2D7F882
:109E7000D8309BB29B029BB213439AB2D7F8B8304A
:109E80001A8050E0D7F804315B09C7F8D830D7F80A
:109E9000043103F01F03002B04D1D7F8D830013B65
:109EA000C7F8D830D7F8B8301B889AB2D7F8D8306E
:109EB0009BB29B029BB213439BB26FEA43436FEA90
:109EC00053439AB2D7F8B8301A802CE007F5847360
:109ED000A3F584731B685B78012B24D107F5847389
:109EE000A3F582731B68B3F850309BB21A46D7F8BB
:109EF000C4301344C7F8C43007F58473A3F58473E2
:109F00001B681B78DA00D7F8C430134403F2064309
:109F1000C7F8C030D7F804319AB2D7F8C0301A80E9
:109F200001E001233AE007F58473A3F582731A6810
:109F300007F58473A3F584731B681B789B00134497
:109F40001B889BB223F4804323F07003A7F88A3068
:109F5000B7F88A3083F48053A7F88A30B7F88A308C
:109F600083F40053A7F88A3007F58473A3F582734E
:109F70001A6807F58473A3F584731B681B789B002C
:109F80001A44B7F88A3043F07F4343F47F0343F425
:109F9000004343F080039BB213800023184607F56B
:109FA0008477BD4680BD80B485B000AF78603960ED
:109FB0003B685B78002B20D07A683B681B789B005D
:109FC00013441B889BB223F4E04323F04003BB817E
:109FD000BB8983F01003BB817A683B681B789B00C8
:109FE0001A44BB8943F07F4343F47F0343F40043A7
:109FF00043F080039BB213801FE07A683B681B78B4
:10A000009B0013441B889BB223F4804323F070030E
:10A01000FB81FB8983F48053FB817A683B681B7862
:10A020009B001A44FB8943F07F4343F47F0343F4CE
:10A03000004343F080039BB213800023184614377B
:10A04000BD465DF8047B704780B487B000AF786090
:10A0500039603B681B7B002B40F09D803B685B7840
:10A06000002B4CD07A683B681B789B0013441B88FC
:10A070003B823B8A03F04003002B1BD07A683B688D
:10A080001B789B0013441B889BB223F4E04323F00E
:10A090007003FB817A683B681B789B001A44FB893C
:10A0A00043F07F4343F47F0343F4004343F0C00392
:10A0B0009BB213803B68DB78012B6CD07A683B68DD
:10A0C0001B789B0013441B889BB223F4E04323F0CE
:10A0D0004003BB81BB8983F02003BB817A683B6866
:10A0E0001B789B001A44BB8943F07F4343F47F03F2
:10A0F00043F4004343F080039BB213804BE07A6843
:10A100003B681B789B0013441B88FB82FB8A03F48B
:10A110008043002B1BD07A683B681B789B0013445C
:10A120001B889BB223F4E04323F07003BB827A6860
:10A130003B681B789B001A44BB8A43F07F4343F47F
:10A140007F0343F4404343F080039BB213807A685B
:10A150003B681B789B0013441B889BB223F480430D
:10A1600023F070037B827B8A83F480537B827B8A1B
:10A1700083F400537B827A683B681B789B001A4407
:10A180007B8A43F07F4343F47F0343F4004343F06F
:10A1900080039BB21380002318461C37BD465DF830
:10A1A000047B704780B483B000AF78600B46FB70CF
:10A1B000FB78002B03D17B688022A3F84C2000237E
:10A1C00018460C37BD465DF8047B704780B483B0F9
:10A1D00000AF78607B68B3F858309BB26FEA4343B6
:10A1E0006FEA53439AB27B68A3F8582000231846BD
:10A1F0000C37BD465DF8047B704780B485B000AF76
:10A2000078607B68B3F844309BB2FB60FB6818460B
:10A210001437BD465DF8047B704780B48BB000AF47
:10A22000F860B96011461A460B46FB801346BB80A6
:10A23000BB8801335B08BB61FB687B61BB68FB616A
:10A24000FA887B69134403F580633B62BB697B62D8
:10A250001CE0FB691B787B82FB6901331B781BB216
:10A260001B021AB2B7F9123013431BB27B823B6A4E
:10A270007A8A1A803B6A02333B62FB690133FB61D5
:10A28000FB690133FB617B6A013B7B627B6A002BCC
:10A29000DFD100BF00BF2C37BD465DF8047B70479F
:10A2A00080B48BB000AFF860B96011461A460B4617
:10A2B000FB801346BB80BB885B089BB2BB61FB681D
:10A2C0007B61BB68FB61FA887B69134403F580639B
:10A2D0003B62BB697B6218E03B6A1B889BB23B61B7
:10A2E0003B6A02333B623B69DAB2FB691A70FB6975
:10A2F0000133FB613B691B0ADAB2FB691A70FB6927
:10A300000133FB617B6A013B7B627B6A002BE3D1FB
:10A31000BB8803F001039BB2002B07D03B6A1B886C
:10A320009BB23B613B69DAB2FB691A7000BF2C3704
:10A33000BD465DF8047B704780B483B000AF7860A1
:10A340007B689B6843F001027B689A6000BF0C3712
:10A35000BD465DF8047B704780B483B000AF786081
:10A3600039607B689B6823F018023B681A437B685E
:10A370009A6000BF0C37BD465DF8047B704780B41F
:10A3800083B000AF786039607B683A685A6100BF7B
:10A390000C37BD465DF8047B704780B483B000AFD6
:10A3A000786039607B683A681A6000BF0C37BD4638
:10A3B0005DF8047B704780B485B000AF78600B46D1
:10A3C0007B807B68FB60FB687A881A8000BF14374B
:10A3D000BD465DF8047B704780B483B000AF786001
:10A3E0007B681B689BB218460C37BD465DF8047B42
:10A3F0007047000080B485B000AF7860084B9A6C5D
:10A4000007497B6813438B64054B9A6C7B68134048
:10A41000FB60FB6800BF1437BD465DF8047B7047E6
:10A420000010024080B590B000AF0346FB710523D9
:10A43000BB760023FB630023BB6300237B63002305
:10A440003B630023FB620023BB6200237B6200238B
:10A450003B620023FB614FF000024FF00003C7E9AD
:10A4600004230023FB760023FB8102F0F1FC03466A
:10A47000002B02D00E2301F0CBB802F0E1FBA54B7C
:10A4800001221A70A44B1B884FF6FF7293420DD025
:10A49000A14B1B88002B06D09F4B1B889B025A08A0
:10A4A0009E4B134004E04FF4802301E04FF48023DF
:10A4B0004FF47832B2FBF3F101FB03F3D31ADB0A5A
:10A4C000FB6350E0FB6B03F58033DA02924B1B8891
:10A4D0004FF6FF718B420DD08F4B1B88002B06D09F
:10A4E0008D4B1B889B0259088C4B0B4004E04FF4AA
:10A4F000802301E04FF480234FF47831B1FBF3F176
:10A50000854B1B884FF6FF7083420DD0824B1B8812
:10A51000002B06D0804B1B889B0258087F4B0340C2
:10A5200004E04FF4802301E04FF4802301FB03F3A8
:10A530001344BB6300237B630EE0BA6B7B6B134455
:10A54000774A1360BA6B7B6B1344D3E90023C7E9E6
:10A5500004237B6B08337B637B6BB3F5006FECD319
:10A56000FB6B0133FB636C4B1B884FF6FF7293420E
:10A570000DD0694B1B88002B06D0674B1B889B02B4
:10A580005A08664B134004E04FF4802301E04FF477
:10A5900080234FF47832B2FBF3F101FB03F3D31ABB
:10A5A000DB0A0433FA6B9A428CD35A4B00221A709E
:10A5B000594B1B884FF6FF7293420DD0564B1B88A8
:10A5C000002B06D0544B1B889B025A08534B134058
:10A5D00004E04FF4802301E04FF480234FF47832FD
:10A5E000B2FBF3F101FB03F3D31ADB0AFB6356E082
:10A5F000FB6B03F58033DA02474B1B884FF6FF7184
:10A600008B420DD0444B1B88002B06D0424B1B883D
:10A610009B025908414B0B4004E04FF4802301E0BA
:10A620004FF480234FF47831B1FBF3F13A4B1B88A0
:10A630004FF6FF7083420DD0374B1B88002B06D09E
:10A64000354B1B889B025808344B034004E04FF401
:10A65000802301E04FF4802301FB03F31344BB6329
:10A66000B86B02F08BFA0346BB76BB7E022B02D09E
:10A67000BB7E012B03D1FB6A0133FB620CE0BB7E86
:10A68000032B09D1BB6A002B01D1FB6B3B62FB6B37
:10A690007B62BB6A0133BB62FB6B0133FB631E4B06
:10A6A0001B884FF6FF7293420DD01B4B1B88002B6B
:10A6B00006D0194B1B889B025A08184B134004E024
:10A6C0004FF4802301E04FF480234FF47832B2FB43
:10A6D000F3F101FB03F3D31ADB0A0433FA6B9A425A
:10A6E00086D3FB6A002B40F0DC80BB6A002B00F0B5
:10A6F000D280094B1B884FF6FF72934215D0064B50
:10A700001B88002B0ED0044B1B889B025A08034B5E
:10A7100013400CE02C380320E005FA0B00FE1F006C
:10A72000283803204FF4802301E04FF480234FF4B6
:10A730007832B2FBF3F101FB03F3D31ADB0A3A6A76
:10A74000D31A033303F00301A14B1B884FF6FF72AA
:10A7500093420DD09E4B1B88002B06D09C4B1B8830
:10A760009B025A089B4B134004E04FF4802301E006
:10A770004FF480234FF47832B2FBF3F000FB03F385
:10A78000D31ADB0A0B4403F58033DA02904B1B88A3
:10A790004FF6FF718B420DD08D4B1B88002B06D0DE
:10A7A0008B4B1B889B0259088A4B0B4004E04FF4EB
:10A7B000802301E04FF480234FF47831B1FBF3F1B3
:10A7C000834B1B884FF6FF7083420DD0804B1B8854
:10A7D000002B06D07E4B1B889B0258087D4B034004
:10A7E00004E04FF4802301E04FF4802301FB03F3E6
:10A7F0001344184602F0C2F90346042B51D1744B9E
:10A800001B884FF6FF7293420DD0714B1B88002BB3
:10A8100006D06F4B1B889B025A086E4B134004E016
:10A820004FF4802301E04FF480234FF47832B2FBE1
:10A83000F3F101FB03F3D31ADB0A7A6AD31A01336B
:10A8400003F00301624B1B884FF6FF7293420DD059
:10A850005F4B1B88002B06D05D4B1B889B025A0860
:10A860005C4B134004E04FF4802301E04FF480235D
:10A870004FF47832B2FBF3F000FB03F3D31ADB0A98
:10A880000B440121184602F02FF80346002B08D094
:10A89000022300F0BDBE002000F0C2FE034600F01F
:10A8A000B7BE4B4B1B884FF6FF7293420DD0484BFF
:10A8B0001B88002B06D0464B1B889B025A08454B31
:10A8C000134004E04FF4802301E04FF480234FF461
:10A8D0007832B2FBF3F101FB03F3D31ADB0AFB631B
:10A8E000A9E1FB6B03F58033DA02394B1B884FF685
:10A8F000FF718B420DD0364B1B88002B06D0344B9A
:10A900001B889B025908334B0B4004E04FF4802313
:10A9100001E04FF480234FF47831B1FBF3F12C4B7D
:10A920001B884FF6FF7083420DD0294B1B88002BEC
:10A9300006D0274B1B889B025808264B034004E097
:10A940004FF4802301E04FF4802301FB03F3134411
:10A95000BB63B86B02F012F90346BB76BB7E012BDA
:10A9600040F066811A4B1B884FF6FF7293420DD060
:10A97000174B1B88002B06D0154B1B889B025A08CF
:10A98000144B134004E04FF4802301E04FF4802384
:10A990004FF47832B2FBF3F101FB03F3D31ADB0A75
:10A9A000FA6B9A4200F0AB80094B1B884FF6FF729E
:10A9B000934211D0064B1B88002B06D0044B1B88FA
:10A9C0009B025A08034B134008E04FF4802305E034
:10A9D000E005FA0B00FE1F004FF480234FF478329D
:10A9E000B2FBF3F101FB03F3D31ADB0A0233FA6B78
:10A9F0009A4200F08480AC4B1B884FF6FF72934262
:10AA00000DD0A94B1B88002B06D0A74B1B889B029F
:10AA10005A08A64B134004E04FF4802301E04FF4A2
:10AA200080234FF47832B2FBF3F101FB03F3D31A26
:10AA3000DB0AFA6BD31A033303F003019A4B1B882A
:10AA40004FF6FF7293420DD0974B1B88002B06D018
:10AA5000954B1B889B025A08944B134004E04FF41B
:10AA6000802301E04FF480234FF47832B2FBF3F0FF
:10AA700000FB03F3D31ADB0A0B4403F58033DA023D
:10AA8000894B1B884FF6FF718B420DD0864B1B887C
:10AA9000002B06D0844B1B889B025908834B0B402C
:10AAA00004E04FF4802301E04FF480234FF4783129
:10AAB000B1FBF3F17C4B1B884FF6FF7083420DD046
:10AAC000794B1B88002B06D0774B1B889B025808BC
:10AAD000764B034004E04FF4802301E04FF48023E1
:10AAE00001FB03F31344184602F048F80346032B16
:10AAF00002D10023FB7685E00123FB7682E06A4BDE
:10AB00001B884FF6FF7293420DD0674B1B88002BBA
:10AB100006D0654B1B889B025A08644B134004E027
:10AB20004FF4802301E04FF480234FF47832B2FBDE
:10AB3000F3F101FB03F3D31ADB0AFA6BD31A0133E7
:10AB400003F00301584B1B884FF6FF7293420DD060
:10AB5000554B1B88002B06D0534B1B889B025A0871
:10AB6000524B134004E04FF4802301E04FF4802364
:10AB70004FF47832B2FBF3F000FB03F3D31ADB0A95
:10AB80000B4403F58033DA02474B1B884FF6FF7105
:10AB90008B420DD0444B1B88002B06D0424B1B88A8
:10ABA0009B025908414B0B4004E04FF4802301E025
:10ABB0004FF480234FF47831B1FBF3F13A4B1B880B
:10ABC0004FF6FF7083420DD0374B1B88002B06D009
:10ABD000354B1B889B025808344B034004E04FF46C
:10ABE000802301E04FF4802301FB03F31344184654
:10ABF00001F0C4FF0346002B02D10023FB7601E0E5
:10AC00000123FB76FB7E002B12D1FB6BDAB2284BC3
:10AC10001A7001220021002001F05EFA0346B3F50C
:10AC2000807F02D00C2300F0F3BC0123FB6125E000
:10AC3000FB6B0133FB631C4B1B884FF6FF72934287
:10AC40000DD0194B1B88002B06D0174B1B889B027D
:10AC50005A08164B134004E04FF4802301E04FF4F0
:10AC600080234FF47832B2FBF3F101FB03F3D31AE4
:10AC7000DB0A0433FA6B9A42FFF433AE00233B63E2
:10AC8000094B1B884FF6FF72934213D0064B1B886B
:10AC9000002B06D0044B1B889B025A08034B134021
:10ACA0000AE04FF4802307E0E005FA0B00FE1F00E6
:10ACB000263803204FF480234FF47832B2FBF3F1AF
:10ACC00001FB03F3D31ADB0AFB63A9E1FB6B03F57A
:10ACD0008033DA02AF4B1B884FF6FF718B420DD0E9
:10ACE000AC4B1B88002B06D0AA4B1B889B02590833
:10ACF000A94B0B4004E04FF4802301E04FF4802384
:10AD00004FF47831B1FBF3F1A24B1B884FF6FF7083
:10AD100083420DD09F4B1B88002B06D09D4B1B8878
:10AD20009B0258089C4B034004E04FF4802301E051
:10AD30004FF4802301FB03F31344BB63B86B01F0B2
:10AD40001DFF0346BB76BB7E022B40F06181914B19
:10AD50001B884FF6FF7293420DD08E4B1B88002B41
:10AD600006D08C4B1B889B025A088B4B134004E087
:10AD70004FF4802301E04FF480234FF47832B2FB8C
:10AD8000F3F101FB03F3D31ADB0AFA6B9A4200F0EA
:10AD9000A780804B1B884FF6FF7293420DD07D4BEE
:10ADA0001B88002B06D07B4B1B889B025A087A4BD2
:10ADB000134004E04FF4802301E04FF480234FF46C
:10ADC0007832B2FBF3F101FB03F3D31ADB0A02334F
:10ADD000FA6B9A4200F084806E4B1B884FF6FF722C
:10ADE00093420DD06B4B1B88002B06D0694B1B8800
:10ADF0009B025A08684B134004E04FF4802301E0A3
:10AE00004FF480234FF47832B2FBF3F101FB03F3EC
:10AE1000D31ADB0AFA6BD31A033303F003015D4B39
:10AE20001B884FF6FF7293420DD05A4B1B88002BA4
:10AE300006D0584B1B889B025A08574B134004E01E
:10AE40004FF4802301E04FF480234FF47832B2FBBB
:10AE5000F3F000FB03F3D31ADB0A0B4403F5803352
:10AE6000DA024C4B1B884FF6FF718B420DD0494BD9
:10AE70001B88002B06D0474B1B889B025908464B6A
:10AE80000B4004E04FF4802301E04FF480234FF4A3
:10AE90007831B1FBF3F13F4B1B884FF6FF708342D3
:10AEA0000DD03C4B1B88002B06D03A4B1B889B02D5
:10AEB0005808394B034004E04FF4802301E04FF47D
:10AEC000802301FB03F31344184601F057FE0346A9
:10AED000032B02D10023FB768AE00123FB7687E077
:10AEE0002C4B1B884FF6FF7293420DD0294B1B88C9
:10AEF000002B06D0274B1B889B025A08264B134079
:10AF000004E04FF4802301E04FF480234FF47832C3
:10AF1000B2FBF3F101FB03F3D31ADB0AFA6BD31A8A
:10AF2000013303F003011B4B1B884FF6FF72934262
:10AF30000DD0184B1B88002B06D0164B1B889B028C
:10AF40005A08154B134004E04FF4802301E04FF4FE
:10AF500080234FF47832B2FBF3F000FB03F3D31AF3
:10AF6000DB0A0B4403F58033DA020A4B1B884FF6E9
:10AF7000FF718B4212D0074B1B88002B06D0054B6C
:10AF80001B889B025908044B0B4009E04FF48023B7
:10AF900006E000BFE005FA0B00FE1F004FF480231F
:10AFA0004FF47831B1FBF3F19A4B1B884FF6FF70E9
:10AFB00083420DD0974B1B88002B06D0954B1B88E6
:10AFC0009B025808944B034004E04FF4802301E0B7
:10AFD0004FF4802301FB03F31344184601F0CEFD28
:10AFE0000346002B02D10023FB7601E00123FB7610
:10AFF000FB7E002B11D13B6B002B07D1FB6BDAB230
:10B00000864B1A703B6B01333B6306E00A23FFE279
:10B01000BB7E032B01D1FB6B7B62FB6B0133FB63BC
:10B020007C4B1B884FF6FF7293420DD0794B1B88E7
:10B03000002B06D0774B1B889B025A08764B134097
:10B0400004E04FF4802301E04FF480234FF4783282
:10B05000B2FBF3F101FB03F3D31ADB0A0433FA6BFF
:10B060009A42FFF433AE3B6B002B55D17B6AD9B2C9
:10B07000684B1B884FF6FF7293420DD0654B1B88BF
:10B08000002B06D0634B1B889B025A08624B13406F
:10B0900004E04FF4802301E04FF480234FF4783232
:10B0A000B2FBF3F000FB03F3D31ADB0ADBB2CB1ADB
:10B0B000DBB20133DBB203F00303D9B2554B1B887B
:10B0C0004FF6FF7293420DD0524B1B88002B06D0D7
:10B0D000504B1B889B025A084F4B134004E04FF41F
:10B0E000802301E04FF480234FF47832B2FBF3F079
:10B0F00000FB03F3D31ADB0ADBB20B44DAB2474B93
:10B100001A70464B1B780221184601F0EDFB0346EE
:10B11000002B01D002237BE2414B00221A80414BDD
:10B1200020221A6020237B6353E03C4B1B7803F5FD
:10B130008033DA02374B1B884FF6FF718B420DD0FC
:10B14000344B1B88002B06D0324B1B889B025908BE
:10B15000314B0B4004E04FF4802301E04FF4802397
:10B160004FF47831B1FBF3F12A4B1B884FF6FF7097
:10B1700083420DD0274B1B88002B06D0254B1B8804
:10B180009B025808244B034004E04FF4802301E065
:10B190004FF4802301FB03F31A447B6B1344D3E980
:10B1A0000023C7E90423D7E90423B3F1FF3F08BF15
:10B1B000B2F1FF3F12D01A4B1B8801339AB2184BE1
:10B1C0001A80184B1B680833164A13607B6B0833D0
:10B1D0007B637B6BB3F5006FA7D300E000BF0F4B21
:10B1E0001B78FB630D4B1B783B6296E0094B1B8879
:10B1F0004FF6FF72934217D0064B1B88002B06D0E8
:10B20000044B1B889B025A08034B13400EE04FF47B
:10B2100080230BE0E005FA0B00FE1F002638032018
:10B2200024380320E00403204FF480234FF47832C5
:10B23000B2FBF3F101FB03F3D31ADB0AFA6BD31A67
:10B24000033303F00301A44B1B884FF6FF729342B4
:10B250000DD0A14B1B88002B06D09F4B1B889B0257
:10B260005A089E4B134004E04FF4802301E04FF452
:10B2700080234FF47832B2FBF3F000FB03F3D31AD0
:10B28000DB0A0B44FB63FB6B03F58033DA02924B62
:10B290001B884FF6FF718B420DD08F4B1B88002B04
:10B2A00006D08D4B1B889B0259088C4B0B4004E049
:10B2B0004FF4802301E04FF480234FF47831B1FB49
:10B2C000F3F1854B1B884FF6FF7083420DD0824B04
:10B2D0001B88002B06D0804B1B889B0258087F4B95
:10B2E000034004E04FF4802301E04FF4802301FB8E
:10B2F00003F31344184601F041FC0346BB76BB7EC2
:10B30000032B08D1764B1B88FC339AB2744B1A80FE
:10B31000FB6B3B6201E00A237AE16F4B1B884FF61F
:10B32000FF7293420DD06C4B1B88002B06D06A4BEA
:10B330001B889B025A08694B134004E04FF480239A
:10B3400001E04FF480234FF47832B2FBF3F101FBBC
:10B3500003F3D31ADB0AFA6B9A4222D05E4B1B88A6
:10B360004FF6FF7293420DD05B4B1B88002B06D02B
:10B37000594B1B889B025A08584B134004E04FF46A
:10B38000802301E04FF480234FF47832B2FBF3F1D5
:10B3900001FB03F3D31ADB0A0233FA6B9A427FF400
:10B3A00025AF504B1B7818464B4B1B884FF6FF724E
:10B3B00093420DD0484B1B88002B06D0464B1B8870
:10B3C0009B025A08454B134004E04FF4802301E0F0
:10B3D0004FF480234FF47832B2FBF3F101FB03F317
:10B3E000D31ADB0AC31A013303F003013A4B1B885B
:10B3F0004FF6FF7293420DD0374B1B88002B06D0BF
:10B40000354B1B889B025A08344B134004E04FF421
:10B41000802301E04FF480234FF47832B2FBF3F045
:10B4200000FB03F3D31ADB0A0B44FB63FB6B03F54E
:10B430008033DA02284B1B884FF6FF718B420DD008
:10B44000254B1B88002B06D0234B1B889B025908D9
:10B45000224B0B4004E04FF4802301E04FF48023A3
:10B460004FF47831B1FBF3F11B4B1B884FF6FF70A3
:10B4700083420DD0184B1B88002B06D0164B1B881F
:10B480009B025808154B034004E04FF4802301E071
:10B490004FF4802301FB03F31344BB639FE0FB796C
:10B4A000002B08D10121F86B01F00CFC0346002BA6
:10B4B0001AD00123ACE04FF40061B86B00F049FCF6
:10B4C0000346102B10D10121F86B01F0FBFB034662
:10B4D000002B09D001239BE0E005FA0B00FE1F00C2
:10B4E00024380320263803204B4B1B884FF6FF726D
:10B4F00093420DD0484B1B88002B06D0464B1B882F
:10B500009B025A08454B134004E04FF4802301E0AE
:10B510004FF480234FF47832B2FBF3F101FB03F3D5
:10B52000D31ADB0AFA6BD31A013303F003013A4B47
:10B530001B884FF6FF7293420DD0374B1B88002BB0
:10B5400006D0354B1B889B025A08344B134004E04D
:10B550004FF4802301E04FF480234FF47832B2FBA4
:10B56000F3F000FB03F3D31ADB0A0B44FB63FB6B22
:10B5700003F58033DA02284B1B884FF6FF718B42AC
:10B580000DD0254B1B88002B06D0234B1B889B021C
:10B590005908224B0B4004E04FF4802301E04FF4A4
:10B5A00080234FF47831B1FBF3F11B4B1B884FF62E
:10B5B000FF7083420DD0184B1B88002B06D0164B12
:10B5C0001B889B025808154B034004E04FF480236E
:10B5D00001E04FF4802301FB03F31344BB63FA6BD8
:10B5E0003B6A9A427FF45BAF01F0D2FBFB69002B10
:10B5F0000DD10021002001F0CFF80346FB81FB892B
:10B60000002B04D0FB89122B01D0022300E0002381
:10B6100018464037BD4680BDE005FA0B00FE1F000E
:10B6200080B584B000AF0346FB710023FB6001F0DE
:10B630000FFC0346002B01D00E23E9E0764B1B885C
:10B640004FF6FF7293420DD0734B1B88002B06D030
:10B65000714B1B889B025A08704B134004E04FF457
:10B66000802301E04FF480234FF47832B2FBF3F1F2
:10B6700001FB03F3D31ADB0AFB6056E0FB79002BD6
:10B6800008D10121F86801F01DFB0346002B49D0C9
:10B690000123BDE0FB6803F58033DA025E4B1B88B3
:10B6A0004FF6FF718B420DD05B4B1B88002B06D0F1
:10B6B000594B1B889B025908584B0B4004E04FF430
:10B6C000802301E04FF480234FF47831B1FBF3F194
:10B6D000514B1B884FF6FF7083420DD04E4B1B8899
:10B6E000002B06D04C4B1B889B0258084B4B034049
:10B6F00004E04FF4802301E04FF4802301FB03F3C7
:10B7000013444FF40061184600F023FB0346102B4E
:10B7100008D10121F86801F0D5FA0346002B01D0C9
:10B72000012375E0FB680133FB603B4B1B884FF640
:10B73000FF7293420DD0384B1B88002B06D0364B3E
:10B740001B889B025A08354B134004E04FF48023BA
:10B7500001E04FF480234FF47832B2FBF3F101FBA8
:10B7600003F3D31ADB0A0433FA689A4286D301F052
:10B770000FFB294B1B884FF6FF7293420DD0264BCF
:10B780001B88002B06D0244B1B889B025A08234B96
:10B79000134004E04FF4802301E04FF480234FF482
:10B7A0007832B2FBF3F101FB03F3D31ADB0A022177
:10B7B000184601F099F80346002B01D0022327E038
:10B7C000174B00221A80144B1B884FF6FF729342CE
:10B7D0000DD0114B1B88002B06D00F4B1B889B02F2
:10B7E0005A080E4B134004E04FF4802301E04FF45D
:10B7F00080234FF47832B2FBF3F101FB03F3D31A49
:10B80000DB0ADAB2074B1A70074B20221A600023BA
:10B8100018461037BD4680BDE005FA0B00FE1F003C
:10B820002438032026380320E004032080B584B0A8
:10B8300000AF03463960FB80FB88002B16D0FB88E5
:10B840004FF6FF72934211D00023BB600023FB81AF
:10B8500007F10802FB881146184600F021F903465B
:10B86000FB81BA683B681A60FB8900E00823184630
:10B870001037BD4680BD80B582B000AF0346396049
:10B88000FB80FB88002B0BD0FB884FF6FF729342A6
:10B8900006D0FB883968184600F03CFA034600E001
:10B8A000082318460837BD4680BD000080B586B025
:10B8B00000AF00237B6100233B610023FB6000237A
:10B8C000BB600523FB710523BB71734B1B884FF6CF
:10B8D000FF7293420DD0704B1B88002B06D06E4B2D
:10B8E0001B889B025A086D4B134004E04FF48023E1
:10B8F00001E04FF480234FF47832B2FBF3F101FB07
:10B9000003F3D31ADB0A7B619DE07B6903F5803387
:10B91000DA02614B1B884FF6FF718B420DD05E4BF4
:10B920001B88002B06D05C4B1B889B0259085B4B85
:10B930000B4004E04FF4802301E04FF480234FF4E8
:10B940007831B1FBF3F1544B1B884FF6FF70834203
:10B950000DD0514B1B88002B06D04F4B1B889B02F0
:10B9600058084E4B034004E04FF4802301E04FF4AD
:10B97000802301FB03F31344FB60F86801F0FEF839
:10B980000346FB71FB79042B5AD17B6901333B6180
:10B9900044E03B6903F58033DA023F4B1B884FF6E6
:10B9A000FF718B420DD03C4B1B88002B06D03A4BCD
:10B9B0001B889B025908394B0B4004E04FF480234D
:10B9C00001E04FF480234FF47831B1FBF3F1324BB7
:10B9D0001B884FF6FF7083420DD02F4B1B88002B26
:10B9E00006D02D4B1B889B0258082C4B034004E0CB
:10B9F0004FF4802301E04FF4802301FB03F3134451
:10BA0000BB60B86801F0BAF80346BB71BB79042B80
:10BA100001D005233BE03B6901333B617B69023385
:10BA20003A699A42B5D30221786901F04BF903468D
:10BA3000002B01D001232AE001F0AAF9002326E01F
:10BA40007B6902337B61144B1B884FF6FF72934274
:10BA50000DD0114B1B88002B06D00F4B1B889B026F
:10BA60005A080E4B134004E04FF4802301E04FF4DA
:10BA700080234FF47832B2FBF3F101FB03F3D31AC6
:10BA8000DB0A04337A699A42FFF43FAF0523184674
:10BA90001837BD4680BD00BFE005FA0B00FE1F0051
:10BAA00080B58AB000AF03463960FB804FF00002DA
:10BAB0004FF00003C7E9042300237B6200233B62AD
:10BAC0000023FB610023FB600523FB76002000F0D0
:10BAD00065F978627B6AB3F1FF3F01D1032311E17D
:10BAE0007B6A03F58033DA02884B1B884FF6FF71BF
:10BAF0008B420DD0854B1B88002B06D0834B1B88B7
:10BB00009B025908824B0B4004E04FF4802301E074
:10BB10004FF480234FF47831B1FBF3F17B4B1B885A
:10BB20004FF6FF7083420DD0784B1B88002B06D058
:10BB3000764B1B889B025808754B034004E04FF47A
:10BB4000802301E04FF4802301FB03F313443B62A5
:10BB5000386A01F013F80346FB76C6E04FF4FF6342
:10BB6000FB613FE03A6AFB691344D3E90023C7E96C
:10BB70000423D7E90423B3F1FF3F08BFB2F1FF3F2D
:10BB80002DD03B8AFA889A4229D1D7E904014FF097
:10BB900000024FF000030A0000233B8A19461046BA
:10BBA00001F062F80346FB60D7E904014FF00002A0
:10BBB0004FF00003020C42EA01420B0C93B21A460A
:10BBC000FB6893420BD1D7E904014FF000024FF01C
:10BBD00000030A0000233B681A60002392E0FB691F
:10BBE000083BFB61FB691F2BBCD8484B1B884FF6F9
:10BBF000FF7293420DD0454B1B88002B06D0434B60
:10BC00001B889B025A08424B134004E04FF48023E8
:10BC100001E04FF480234FF47832B2FBF3F101FBE3
:10BC200003F3D31ADB0A7A6AD31A033303F003014E
:10BC3000364B1B884FF6FF7293420DD0334B1B8857
:10BC4000002B06D0314B1B889B025A08304B134007
:10BC500004E04FF4802301E04FF480234FF4783266
:10BC6000B2FBF3F000FB03F3D31ADB0A0B447B6255
:10BC70007B6A03F58033DA02244B1B884FF6FF7191
:10BC80008B420DD0214B1B88002B06D01F4B1B88ED
:10BC90009B0259081E4B0B4004E04FF4802301E047
:10BCA0004FF480234FF47831B1FBF3F1174B1B882D
:10BCB0004FF6FF7083420DD0144B1B88002B06D02B
:10BCC000124B1B889B025808114B034004E04FF4B1
:10BCD000802301E04FF4802301FB03F313443B6214
:10BCE000386A00F04BFF0346FB76FB7E022B3FF4E5
:10BCF00035AFFB7E032B3FF431AFFB7E042B3FF4CB
:10BD00002DAF072318462837BD4680BDE005FA0B46
:10BD100000FE1F0080B584B000AF03463960FB8091
:10BD20000023FB81FB883968184600F035FD034687
:10BD3000FB81FB89122B07D1FB880022396818464A
:10BD400000F0CAF9034600E0FB8918461037BD46EB
:10BD500080BD80B485B000AF786039601123FB816D
:10BD60000023BB600FE07A68BB681344D3E900236B
:10BD7000B3F1FF3F08BFB2F1FF3F01D01023FB81B9
:10BD8000BB680833BB60BA683B689A42EBD3FB8957
:10BD900018461437BD465DF8047B704780B586B001
:10BDA00000AF0346FB710523FB750523BB7500231C
:10BDB0003B610023FB600023BB60A64B1B783B610B
:10BDC0003B6903F58033DA02A34B1B884FF6FF7102
:10BDD0008B420DD0A04B1B88002B06D09E4B1B889E
:10BDE0009B0259089D4B0B4004E04FF4802301E077
:10BDF0004FF480234FF47831B1FBF3F1964B1B885D
:10BE00004FF6FF7083420DD0934B1B88002B06D05A
:10BE1000914B1B889B025808904B034004E04FF461
:10BE2000802301E04FF4802301FB03F31344184601
:10BE300000F0A4FE0346FB75874B1B884FF6FF728C
:10BE400093420DD0844B1B88002B06D0824B1B885D
:10BE50009B025A08814B134004E04FF4802301E019
:10BE60004FF480234FF47832B2FBF3F101FB03F37C
:10BE7000D31ADB0A3A69D31A013303F00301764B74
:10BE80001B884FF6FF7293420DD0734B1B88002B1B
:10BE900006D0714B1B889B025A08704B134004E07C
:10BEA0004FF4802301E04FF480234FF47832B2FB4B
:10BEB000F3F000FB03F3D31ADB0A0B44FB60FB68CF
:10BEC00003F58033DA02644B1B884FF6FF718B4217
:10BED0000DD0614B1B88002B06D05F4B1B889B024B
:10BEE00059085E4B0B4004E04FF4802301E04FF40F
:10BEF00080234FF47831B1FBF3F1574B1B884FF699
:10BF0000FF7083420DD0544B1B88002B06D0524B40
:10BF10001B889B025808514B034004E04FF48023D8
:10BF200001E04FF4802301FB03F31344184600F0B3
:10BF300025FE0346BB75484B1B884FF6FF729342A4
:10BF40000DD0454B1B88002B06D0434B1B889B0212
:10BF50005A08424B134004E04FF4802301E04FF4B1
:10BF600080234FF47832B2FBF3F101FB03F3D31AD1
:10BF7000DB0A3A69D31A033303F00301364B1B88FB
:10BF80004FF6FF7293420DD0334B1B88002B06D027
:10BF9000314B1B889B025A08304B134004E04FF48E
:10BFA000802301E04FF480234FF47832B2FBF3F0AA
:10BFB00000FB03F3D31ADB0A0B44BB60FB79022BB3
:10BFC00079D0022B7FDC002B68D0012B7BD1FB7D4D
:10BFD000022B2AD1224B1B68B3F5006F01D23B69BB
:10BFE00073E0BB7D042B07D1FFF760FC0346002BF9
:10BFF00002D04FF0FF3368E00321386900F074FC91
:10C000000346002B02D04FF0FF335EE00221F868B8
:10C0100000F06AFC0346002B02D04FF0FF3354E0DF
:10C020000F4B20221A60FB684FE0FB7D012B32D1C1
:10C030000B4B1B68B3F5006F01D23B6945E0BB7D3C
:10C04000042B0FD1FFF732FC0346002B0AD04FF030
:10C05000FF333AE026380320E005FA0B00FE1F000C
:10C06000E00403200321386900F03EFC0346002B66
:10C0700002D04FF0FF3328E00121F86800F034FCD3
:10C080000346002B02D04FF0FF331EE0114B20225D
:10C090001A60FB6819E04FF0FF3316E0FB7D022BBE
:10C0A00001D13B6911E0FB7D012B01D1BB680CE0A4
:10C0B0004FF0FF3309E0BB7D002B01D1FB6804E0AA
:10C0C0004FF0FF3301E04FF0FF3318461837BD46FD
:10C0D00080BD00BFE004032080B58AB000AF0346F6
:10C0E0003960FB8013467B71052387F827300023D6
:10C0F000BB6100233B620023FB614FF000024FF065
:10C100000003C7E904230023FB810023BB607B7984
:10C11000002B01D1022300E001231846FFF73EFE69
:10C1200038623B6AB3F1FF3F01D104232CE3A84BF3
:10C1300000221A803B6ADAB2A64B1A70A64B202264
:10C140001A607B79002B08D10121386A00F0CCFB02
:10C150000346002B01D0022316E3A04B1B884FF6A9
:10C16000FF7293420DD09D4B1B88002B06D09B4B3A
:10C170001B889B025A089A4B134004E04FF480231B
:10C1800001E04FF480234FF47832B2FBF3F101FB6E
:10C1900003F3D31ADB0A3A6AD31A033303F0030119
:10C1A0008E4B1B884FF6FF7293420DD08B4B1B8832
:10C1B000002B06D0894B1B889B025A08884B1340E2
:10C1C00004E04FF4802301E04FF480234FF47832F1
:10C1D000B2FBF3F000FB03F3D31ADB0A0B443B6220
:10C1E0003B6A03F58033DA027C4B1B884FF6FF7104
:10C1F0008B420DD0794B1B88002B06D0774B1B88C8
:10C200009B025908764B0B4004E04FF4802301E079
:10C210004FF480234FF47831B1FBF3F16F4B1B885F
:10C220004FF6FF7083420DD06C4B1B88002B06D05D
:10C230006A4B1B889B025808694B034004E04FF48B
:10C24000802301E04FF4802301FB03F31344BB611F
:10C25000B86900F093FC034687F8273097F8273039
:10C26000022B04D097F82730042B40F0338197F845
:10C270002730022B08D10421386A00F035FB034631
:10C28000002B01D002237FE2544B1B884FF6FF7234
:10C2900093420DD0514B1B88002B06D04F4B1B886F
:10C2A0009B025A084E4B134004E04FF4802301E0F8
:10C2B0004FF480234FF47832B2FBF3F101FB03F328
:10C2C000D31ADB0A3A6AD31A033303F00301434B50
:10C2D0001B884FF6FF7293420DD0404B1B88002BFA
:10C2E00006D03E4B1B889B025A083D4B134004E08E
:10C2F0004FF4802301E04FF480234FF47832B2FBF7
:10C30000F3F000FB03F3D31ADB0A0B443B623B6AF6
:10C3100003F58033DA02314B1B884FF6FF718B42F5
:10C320000DD02E4B1B88002B06D02C4B1B889B025C
:10C3300059082B4B0B4004E04FF4802301E04FF4ED
:10C3400080234FF47831B1FBF3F1244B1B884FF677
:10C35000FF7083420DD0214B1B88002B06D01F4B52
:10C360001B889B0258081E4B034004E04FF48023B7
:10C3700001E04FF4802301FB03F31344BB61B86970
:10C3800000F0FCFB034687F8273098E097F8273049
:10C39000032B08D10421386A00F0A6FA0346002BCB
:10C3A00001D00223F0E10D4B1B884FF6FF72934240
:10C3B00018D00A4B1B88002B06D0084B1B889B0209
:10C3C0005A08074B13400FE04FF480230CE000BFE6
:10C3D0002438032026380320E0040320E005FA0B6C
:10C3E00000FE1F004FF480234FF47832B2FBF3F1CC
:10C3F00001FB03F3D31ADB0A3A6AD31A033303F0BF
:10C400000301A74B1B884FF6FF7293420DD0A44B3C
:10C410001B88002B06D0A24B1B889B025A08A14BFD
:10C42000134004E04FF4802301E04FF480234FF4E5
:10C430007832B2FBF3F000FB03F3D31ADB0A0B44B0
:10C440003B623B6A03F58033DA02954B1B884FF65B
:10C45000FF718B420DD0924B1B88002B06D0904B66
:10C460001B889B0259088F4B0B4004E04FF480233C
:10C4700001E04FF480234FF47831B1FBF3F1884BA6
:10C480001B884FF6FF7083420DD0854B1B88002B15
:10C4900006D0834B1B889B025808824B034004E064
:10C4A0004FF4802301E04FF4802301FB03F3134496
:10C4B000BB61B86900F062FB034687F8273097F844
:10C4C0002730032B3FF462AF97F82730042B3FF45B
:10C4D0005DAF08E07B79012B03D197F82730032B60
:10C4E00001D00A2350E17B79012B40F00181202308
:10C4F000FB6153E06C4B1B7803F58033DA02684B29
:10C500001B884FF6FF718B420DD0654B1B88002BAB
:10C5100006D0634B1B889B025908624B0B4004E01A
:10C520004FF4802301E04FF480234FF47831B1FBC6
:10C53000F3F15B4B1B884FF6FF7083420DD0584BD5
:10C540001B88002B06D0564B1B889B025808554B66
:10C55000034004E04FF4802301E04FF4802301FB0B
:10C5600003F31A44FB691344D3E90023C7E9042306
:10C57000D7E90423B3F1FF3F08BFB2F1FF3F12D068
:10C580004A4B1B8801339AB2484B1A80484B1B68B0
:10C590000833474A1360FB690833FB61FB69B3F555
:10C5A000006FA7D300E000BF3F4B1B783B62002326
:10C5B000FB6197E03A4B1B884FF6FF7293420DD018
:10C5C000374B1B88002B06D0354B1B889B025A0823
:10C5D000344B134004E04FF4802301E04FF48023F8
:10C5E0004FF47832B2FBF3F101FB03F3D31ADB0A09
:10C5F0003A6AD31A033303F00301294B1B884FF621
:10C60000FF7293420DD0264B1B88002B06D0244B83
:10C610001B889B025A08234B134004E04FF48023ED
:10C6200001E04FF480234FF47832B2FBF3F000FBCB
:10C6300003F3D31ADB0A0B443B623B6A03F58033F6
:10C64000DA02174B1B884FF6FF718B420DD0144B4B
:10C650001B88002B06D0124B1B889B025908114BDC
:10C660000B4004E04FF4802301E04FF480234FF4AB
:10C670007831B1FBF3F10A4B1B884FF6FF70834210
:10C6800018D0074B1B88002B06D0054B1B889B023C
:10C690005808044B03400FE04FF480230CE000BF28
:10C6A000E005FA0B00FE1F00263803202438032083
:10C6B000E00403204FF4802301FB03F313441846E6
:10C6C00000F05CFA034687F8273097F82730032BF1
:10C6D0000DD12F4B1B88FC339AB22D4B1A80FB696E
:10C6E0000133FB61FB69032B7FF664AF00E000BF01
:10C6F000FB883968184600F04FF80346002B01D03C
:10C70000022341E0224B1B88022B03D9204B1B88BC
:10C71000023B00E00123FB6126E0FB88FA699A42B4
:10C720001FD0FB699BB207F1080211461846FFF7BC
:10C73000B7F90346FB81FB89002B0DD1FB699BB246
:10C74000BA681146184600F027F80346FB81FB89BA
:10C75000002B06D0FB8917E0FB89072B01D0FB8952
:10C7600012E0FB690133FB61FB69FA2BD5D9094B58
:10C770001B780221184600F0B7F80346002B01D0C1
:10C78000022301E04FF4807318462837BD4680BD70
:10C7900024380320263803202DE9F04F8BB000AF5A
:10C7A00003463961FB8200237B624B4B1B88B3F548
:10C7B000FC7F01D312238AE00120FFF7EFFA3862F1
:10C7C0000023FB613B6AB3F1FF3F01D103237EE00D
:10C7D0003B6A03F58033D902404B1B884FF6FF724A
:10C7E00093420DD03D4B1B88002B06D03B4B1B8842
:10C7F0009B025A083A4B134004E04FF4802301E0B7
:10C800004FF480234FF47832B2FBF3F0334B1B88A4
:10C810004FF6FF7293420DD0304B1B88002B06D091
:10C820002E4B1B889B025A082D4B134004E04FF4FB
:10C83000802301E04FF4802300FB03F30B44FB61F2
:10C840003B69002B05D1FB8A002B02D100237B62C0
:10C8500006E0FB8A1946386900F006FA03467B6257
:10C86000204B1A68FB69D0183B690022BB60FA6054
:10C870004FF000024FF00003B9680B000022796A04
:10C88000090400268A46B34642EA0A0443EA0B0535
:10C89000FB8A00229846914644EA08033B6045EA39
:10C8A00009037B60D7E9002300F0FAF90346002B67
:10C8B00001D002230BE00B4B1B680833094A1360BD
:10C8C000054B1B8801339AB2034B1A80002318468C
:10C8D0002C37BD46BDE8F08F24380320E005FA0B65
:10C8E00000FE1F00E004032080B586B000AF786032
:10C8F0000B46FB7000237B6100233B610023FB6040
:10C900000023BB607B6803F58033DA02984B1B88F9
:10C910004FF6FF718B420DD0954B1B88002B06D034
:10C92000934B1B889B025908924B0B4004E04FF439
:10C93000802301E04FF480234FF47831B1FBF3F111
:10C940008B4B1B884FF6FF7083420DD0884B1B88A2
:10C95000002B06D0864B1B889B025808854B034052
:10C9600004E04FF4802301E04FF4802301FB03F344
:10C9700013447B617B6803F58033DA027C4B1B88B0
:10C980004FF6FF718B420DD0794B1B88002B06D0E0
:10C99000774B1B889B025908764B0B4004E04FF401
:10C9A000802301E04FF480234FF47831B1FBF3F1A1
:10C9B0006F4B1B884FF6FF7083420DD06C4B1B886A
:10C9C000002B06D06A4B1B889B025808694B03401A
:10C9D00004E04FF4802301E04FF4802301FB03F3D4
:10C9E000134408333B617B6803F58033DA02604B04
:10C9F0001B884FF6FF718B420DD05D4B1B88002BBF
:10CA000006D05B4B1B889B0259085A4B0B4004E035
:10CA10004FF4802301E04FF480234FF47831B1FBD1
:10CA2000F3F1534B1B884FF6FF7083420DD0504BF0
:10CA30001B88002B06D04E4B1B889B0258084D4B81
:10CA4000034004E04FF4802301E04FF4802301FB16
:10CA500003F313441033FB607B6803F58033DA0281
:10CA6000434B1B884FF6FF718B420DD0404B1B8808
:10CA7000002B06D03E4B1B889B0259083D4B0B40B8
:10CA800004E04FF4802301E04FF480234FF4783129
:10CA9000B1FBF3F1364B1B884FF6FF7083420DD08C
:10CAA000334B1B88002B06D0314B1B889B02580848
:10CAB000304B034004E04FF4802301E04FF4802327
:10CAC00001FB03F313441833BB60FB78013B032BDA
:10CAD00044D801A252F823F0E9CA01080BCB01089F
:10CAE0002DCB010845CB01084FF0AA324FF0AA33F5
:10CAF000786900F0D5F80346002B01D0022333E01B
:10CB00007B68DAB21C4B1A702DE04FF0AA324FF05E
:10CB1000AA33386900F0C4F80346002B01D0022381
:10CB200022E07B68DAB2144B1A701CE04FF0AA3294
:10CB30004FF0AA33F86800F0B3F80346002B0FD08B
:10CB4000022311E04FF0AA324FF0AA33B86800F088
:10CB5000A7F80346002B05D0022305E000BF02E042
:10CB600000BF00E000BF002318461837BD4680BD57
:10CB7000E005FA0B00FE1F002638032080B48BB0BE
:10CB800000AF78604FF000024FF00003C7E90823C0
:10CB90004FF000024FF00003C7E906234FF00002F8
:10CBA0004FF00003C7E904234FF000024FF00003E9
:10CBB000C7E902237B68D3E90023C7E908237B6820
:10CBC0000833D3E90023C7E906237B681033D3E990
:10CBD0000023C7E904237B681833D3E90023C7E99E
:10CBE0000223D7E90223B3F1FF3F08BFB2F1FF3FB1
:10CBF00001D004231EE0D7E90423B3F1FF3F08BFAF
:10CC0000B2F1FF3F01D0032314E0D7E90623B3F1CB
:10CC1000FF3F08BFB2F1FF3F01D002230AE0D7E98E
:10CC20000823B3F1FF3F08BFB2F1FF3F01D001235A
:10CC300000E0002318462C37BD465DF8047B7047A2
:10CC400080B500AF4FF48050FDF7D4FB48F20501EA
:10CC50000448FDF794FB08210248FDF77DFB00BF67
:10CC600080BD00BF0030024080B582B000AF786068
:10CC70000B467B800948FDF75FFB79680748FDF7A5
:10CC80008CFB7B8819460548FDF795FB0348FDF7AB
:10CC9000A3FB034618460837BD4680BD003002405E
:10CCA00080B584B000AFF860C7E90023D7E900235E
:10CCB000F9680120F4F73EF8034618461037BD46E0
:10CCC00080BD000080B58AB000AF78600B467B80E5
:10CCD0000023FB8401233B620023FB607B6803F598
:10CCE0008033DA02284B1B884FF6FF718B420DD040
:10CCF000254B1B88002B06D0234B1B889B02590811
:10CD0000224B0B4004E04FF4802301E04FF48023DA
:10CD10004FF47831B1FBF3F11B4B1B884FF6FF70DA
:10CD200083420DD0184B1B88002B06D0164B1B8856
:10CD30009B025808154B034004E04FF4802301E0A8
:10CD40004FF4802301FB03F31344184600F028F846
:10CD5000386202233B617B88FB617B68BB613B6A75
:10CD60007B6107F10C0207F1100311461846F4F736
:10CD700027F90346002B01D00123FB84FB8C1846C6
:10CD80002837BD4680BD00BFE005FA0B00FE1F003E
:10CD900080B400AF00BFBD465DF8047B7047000063
:10CDA00080B485B000AF78600023FB60244B1B6C1F
:10CDB00003F48013002B1ED1224B1B884FF6FF7209
:10CDC00093420ED01F4B1B88002B08D01D4B1B8895
:10CDD0009B025A081C4B134003F1006302E01B4BFB
:10CDE00000E01A4B7A68934202D90123FB6020E0ED
:10CDF0000223FB601DE0134B1B884FF6FF7293422A
:10CE00000ED0104B1B88002B08D00E4B1B889B02AA
:10CE10005A080D4B134003F1006302E00B4B00E096
:10CE20000A4B7A68934202D90223FB6001E0012396
:10CE3000FB60FB6818461437BD465DF8047B7047FD
:10CE400000200240E005FA0B00FE1F00000004086D
:10CE500080B58AB000AFFF237B603B461846F4F7ED
:10CE600087F9BB6903F48003002B02D00023FB8405
:10CE700001E00E23FB84FB8C18462837BD4680BD9D
:10CE800080B582B000AF78600B46FB70FB78002B5A
:10CE900032D1402302228421786806F0F4F87B68BE
:10CEA0000122A3F87420402302220421786806F0AE
:10CEB000EAF87B680122A3F8B4217B681022A3F86A
:10CEC0006220082303228321786806F0DCF87B685F
:10CED0000122A3F860207B68D3F8C0321B68984712
:10CEE0007B68D3F8BC320022C3F834227B68D3F8C5
:10CEF000BC320022C3F8402200BF0837BD4680BDC7
:10CF000080B584B000AF78600023FB73002178689F
:10CF1000FFF7B6FF0421786800F060FBFB7B184642
:10CF20001037BD4680BD000080B588B000AFF86006
:10CF3000B9601346FB71FB68D3F8BC32BB610023B8
:10CF40007B7500237B820023FB77BB69002B01D11B
:10CF50000323B3E0BB681B7803F06003002B43D0CE
:10CF6000202B40F0A380BB68DB88002B30D0BB684F
:10CF70001B785BB2002B18DAFA79FB68B03253F8F1
:10CF800022309B68BA685078B969BA68D2889847E5
:10CF9000BB68DB88072B28BF0723FB82BB69FA8AA3
:10CFA0001946F86801F0EFFB87E0BB685A78BB6967
:10CFB00083F80022BB68DB88DAB2BB6983F8012200
:10CFC000B969BB68DB881A46F86801F008FC74E0B0
:10CFD000FA79FB68B03253F822309B68BA6850780F
:10CFE0000022B968984768E0BB685B780B2B52D881
:10CFF00001A252F823F000BF29D00108A5D00108F2
:10D0000097D0010897D0010897D0010897D0010860
:10D0100097D0010897D0010897D0010897D0010850
:10D0200053D001087DD00108FB6893F89C32DBB235
:10D03000032B07D107F1120302221946F86801F009
:10D04000A2FB32E0B968F86801F02CFB0323FB7700
:10D050002BE0FB6893F89C32DBB2032B07D107F17E
:10D06000150301221946F86801F08DFB1DE0B9682F
:10D07000F86801F017FB0323FB7716E0FB6893F8D1
:10D080009C32DBB2032B0FD0B968F86801F00AFBC1
:10D090000323FB7708E0B968F86801F003FB03237A
:10D0A000FB7702E000BF08E000BF06E0B968F8685F
:10D0B00001F0F8FA0323FB7700BFFB7F1846203707
:10D0C000BD4680BD80B584B000AF78600B46FB7074
:10D0D0004FF4147006F0FAF8F860FB68002B05D1E5
:10D0E0007B680022C3F8BC2202230EE07B68FA684A
:10D0F000C3F8BC227868FFF703FF0346FB72FB7A94
:10D10000002B01D0FB7A00E0FB7A18461037BD46B1
:10D1100080BD80B582B000AF78600B46FB70842183
:10D12000786805F0D6FF7B680022A3F874200421FC
:10D13000786805F0CEFF7B680022A3F8B421832134
:10D14000786805F0C6FF7B680022A3F860207B6842
:10D150000022A3F862207B68D3F8BC32002B0ED0EB
:10D160007B68D3F8C0325B6898477B68D3F8BC32E1
:10D17000184606F0B9F87B680022C3F8BC220023E9
:10D1800018460837BD4680BD80B584B000AF7860D2
:10D1900039600023FB733B689B88002B07D100227A
:10D1A00039687868FFF7C0FE0346FB7300E000BFF4
:10D1B000FB7B002B03D03968786801F073FAFB7BA6
:10D1C00018461037BD4680BD80B584B000AF78608A
:10D1D0000B46FB707B68D3F8CC32FB607B68D3F8DE
:10D1E000BC32002B01D103235EE0FA787968134644
:10D1F0009B0013449B000B4418331B68002B29D061
:10D20000FA78796813469B0013449B000B4418334B
:10D210001A68F978F8680B469B000B44DB0003445E
:10D2200020331B68B2FBF3F101FB03F3D31A002B8D
:10D2300010D1FA78796813469B0013449B000B4485
:10D24000183300221A60F97800230022786805F06C
:10D25000E8FF28E07B68D3F8BC32BB607B68D3F87A
:10D26000C032002B13D0FB78042B10D1BB680022F6
:10D27000C3F834227B68D3F8C0321B69BA68D2F88D
:10D280001002BA6802F50A71FA7898470BE07B68D9
:10D29000D3F8C432002B06D0FB78012B03D1BB6836
:10D2A0000022C3F83822002318461037BD4680BD3F
:10D2B00080B584B000AF78600B46FB707B68D3F814
:10D2C000BC32FB607B68D3F8BC32002B01D1032356
:10D2D0004CE0FB78042B09D1FB781946786805F0FF
:10D2E000E2FF0246FB68C3F81C2215E0FB78022B24
:10D2F00009D1FB781946786805F0D5FF0246FB682E
:10D30000C3F8202208E0FB781946786805F0CBFFC7
:10D310000246FB68C3F824227B68D3F8C032002B96
:10D320000FD0FB78042B0CD17B68D3F8C032DB68BC
:10D33000FA68D2F80402FA6802F5077211469847B3
:10D3400013E07B68D3F8C432002B0ED0FB78022B9D
:10D350000BD17B68D3F8C4329B68FA68D2F8081204
:10D36000FA6802F508727868984700231846103763
:10D37000BD4680BD80B584B000AF78607B68D3F8CF
:10D38000BC32FB60FB68002B01D103231AE07B68F1
:10D39000D3F8C032002B14D0FB6893F80032FF2B77
:10D3A0000FD07B68D3F8C0329B68FA6892F800020D
:10D3B000F968FA6892F801229847FB68FF2283F81F
:10D3C0000022002318461037BD4680BD80B483B0CC
:10D3D00000AF78607B684B221A80034B18460C37ED
:10D3E000BD465DF8047B7047F004032080B483B031
:10D3F00000AF78607B680A221A80034B18460C370E
:10D40000BD465DF8047B7047E404032080B584B01A
:10D4100000AFF8600B467A60FB72FB7AE02B02D01B
:10D42000EE2B07D00BE07A680B490C4801F04BF962
:10D43000094B0CE07B6812221A80094B07E07B68DD
:10D4400000221A800021F86801F02CF90023184608
:10D450001037BD4680BD00BF20670320605D020815
:10D460003C05032080B485B000AFF860B9607A60F5
:10D47000BB68002B01D1032306E0FB687A68B03259
:10D48000B96843F82210002318461437BD465DF8EA
:10D49000047B704780B487B000AFF860B9607A60F1
:10D4A000FB70FB68D3F8BC327B617B69002B01D138
:10D4B00003230CE0FA787B698432B96843F82210C0
:10D4C000FA787B698A32796843F82210002318467B
:10D4D0001C37BD465DF8047B704780B487B000AF51
:10D4E000F860B9601346FB71FB68D3F8BC327B610E
:10D4F0007B69002B01D1032307E0FB797A69803334
:10D500009B001344BA685A60002318461C37BD4676
:10D510005DF8047B704780B584B000AF78600B463F
:10D52000FB707B68D3F8BC32BB600123FB737B6864
:10D53000D3F8BC32002B01D103234BE0FB78BA684F
:10D540008C339B0013445B68002B42D1FB78BA6894
:10D550008C339B00134401225A60FB78002B07D1C7
:10D56000FA78BB688A3253F822207B689A6609E011
:10D57000FB78012B06D1FA78BB688A3253F8222057
:10D580007B68DA62FB78002B0FD1FA78BB688432B3
:10D5900053F82210FA78BB688A3253F822300A46D0
:10D5A0008421786805F03DFE11E0FB78012B0ED157
:10D5B000FA78BB68843253F82210FA78BB688A3252
:10D5C00053F822300A468121786805F02AFE0023AC
:10D5D000FB73FB7B18461037BD4680BD80B584B019
:10D5E00000AF786039607B68D3F8BC32FB607B6841
:10D5F000D3F8BC32002B01D103231DE03B68042B80
:10D600000BD1FB68D3F80432BB603B68D9B240232E
:10D61000BA68786805F026FE0DE03B68022B0AD157
:10D62000FB68D3F80832BB603B68D9B28023BA6884
:10D63000786805F017FE002318461037BD4680BDF8
:10D6400080B586B000AFF860B9601346FB71FB6827
:10D65000002B01D1032327E0FB680022C3F8B82286
:10D66000FB680022C3F8C022FB680022C3F8C42272
:10D67000FB680022C3F8C822FB680022C3F8D4224A
:10D68000BB68002B03D0FB68BA68C3F8B422FB6800
:10D69000012283F89C22FB68FA791A70F86805F079
:10D6A0004FFC0346FB75FB7D18461837BD4680BD11
:10D6B00080B584B000AF786039600023FB813B689F
:10D6C000002B01D1032316E07B683A68C3F8B82227
:10D6D0007B68D3F8B832DB6A002B0BD07B68D3F8B9
:10D6E000B832DB6A07F10E021046984702467B68A3
:10D6F000C3F8D422002318461037BD4680BD80B53C
:10D7000082B000AF7860786805F0A2FC0346184646
:10D710000837BD4680BD80B483B000AF7860002379
:10D7200018460C37BD465DF8047B704780B584B061
:10D7300000AF78600B46FB700323FB737B68D3F864
:10D74000B832002B09D07B68D3F8B8321B68FA785E
:10D750001146786898470346FB73FB7B18461037E1
:10D76000BD4680BD80B582B000AF78600B46FB70CF
:10D770007B68D3F8B832002B07D07B68D3F8B83277
:10D780005B68FA781146786898470023184608378E
:10D79000BD4680BD80B584B000AF786039607B68DD
:10D7A00003F2AA233968184600F042FF7B68012281
:10D7B000C3F894227B68B3F8B0321A467B68C3F88A
:10D7C00098227B6893F8AA32C02B0CD17B6893F81F
:10D7D000AA3223F07F03DBB21946786805F098FC83
:10D7E0000346FB7338E07B6893F8AA3203F01F030B
:10D7F000022B1AD0022B22D8002B02D0012B0AD0E8
:10D800001DE07B6803F2AA231946786800F0F0F95E
:10D810000346FB7320E07B6803F2AA23194678686D
:10D8200000F054FA0346FB7316E07B6803F2AA2368
:10D830001946786800F093FA0346FB730CE07B68A6
:10D8400093F8AA3223F07F03DBB21946786805F01B
:10D850005FFC0346FB7300BFFB7B18461037BD46D9
:10D8600080BD80B586B000AFF8600B467A60FB7271
:10D87000FB7A002B38D1FB6803F5AA733B61FB6888
:10D88000D3F89432032B4AD13B699A683B69DB6831
:10D890009A4213D93B699A683B69DB68D21A3B69A3
:10D8A0009A603B69DA683B699B68934228BF1346DC
:10D8B0001A467968F86800F0AFFF30E0FB6893F82B
:10D8C0009C32DBB2032B0BD1FB68D3F8B8321B6957
:10D8D000002B05D0FB68D3F8B8321B69F86898476D
:10D8E000F86800F0AAFF1AE0FB6893F89C32DBB2FC
:10D8F000032B14D1FB68D3F8B8329B69002B0ED0F0
:10D90000FB68D3F8B8329B69FA7A1146F8689847F1
:10D910000346FB75FB7D002B01D0FB7D00E000235F
:10D9200018461837BD4680BD80B586B000AFF86098
:10D930000B467A60FB72FB7A002B6BD1FB681433C9
:10D940003B61FB68D3F89432022B56D13B699A684D
:10D950003B69DB689A4214D93B699A683B69DB688A
:10D96000D21A3B699A603B699B681A467968F868E5
:10D9700000F024FF002300220021F86805F072FC6B
:10D980003BE03B69DA683B699B689A421CD13B6982
:10D990005A683B69DB689A4216D33B695A68FB6850
:10D9A000D3F898329A420FD200220021F86800F092
:10D9B00005FFFB680022C3F8982200230022002103
:10D9C000F86805F04FFC18E0FB6893F89C32DBB276
:10D9D000032B0BD1FB68D3F8B832DB68002B05D0E2
:10D9E000FB68D3F8B832DB68F86898478021F8689C
:10D9F00005F08EFBF86800F033FFFB6893F8A03267
:10DA0000012B22D1F868FFF786FEFB68002283F81D
:10DA1000A0221AE0FB6893F89C32DBB2032B14D1EE
:10DA2000FB68D3F8B8325B69002B0ED0FB68D3F8E3
:10DA3000B8325B69FA7A1146F86898470346FB7575
:10DA4000FB7D002B01D0FB7D00E00023184618373A
:10DA5000BD4680BD80B582B000AF78607B68012292
:10DA600083F89C227B680022C3F894227B68002202
:10DA70005A607B680022C3F8A4227B68D3F8B832CE
:10DA8000002B01D103232FE07B68D3F8BC32002B9D
:10DA90000FD07B68D3F8B8325B68002B09D07B6865
:10DAA000D3F8B8325B687A685268D2B211467868A7
:10DAB0009847402300220021786805F0E4FA7B684B
:10DAC0000122A3F864217B684022C3F8602140232F
:10DAD00000228021786805F0D6FA7B6801229A84BA
:10DAE0007B6840221A62002318460837BD4680BD75
:10DAF00080B483B000AF78600B46FB707B68FA7827
:10DB00001A74002318460C37BD465DF8047B704735
:10DB100080B483B000AF78607B6893F89C32DAB24F
:10DB20007B6883F89D227B68042283F89C22002373
:10DB300018460C37BD465DF8047B704780B483B04F
:10DB400000AF78607B6893F89C32DBB2042B06D17F
:10DB50007B6893F89D32DAB27B6883F89C220023BD
:10DB600018460C37BD465DF8047B704780B582B01F
:10DB700000AF78607B68D3F8B832002B01D1032363
:10DB800012E07B6893F89C32DBB2032B0BD17B68ED
:10DB9000D3F8B832DB69002B05D07B68D3F8B832F4
:10DBA000DB6978689847002318460837BD4680BD72
:10DBB00080B487B000AF78607B687B617B691B783D
:10DBC0007B827B6901337B617B691B783B82B7F980
:10DBD00010301B021AB2B7F9123013431BB2FB818B
:10DBE000FB8918461C37BD465DF8047B7047000072
:10DBF00080B584B000AF786039600023FB733B6868
:10DC00001B7803F06003402B05D0402B53D8002B2A
:10DC10000BD0202B4FD17B68D3F8B8329B68396882
:10DC2000786898470346FB734AE03B685B78092BAA
:10DC30003BD801A252F823F08DDC0108A1DC0108D9
:10DC4000ABDC010897DC0108ABDC01086BDC0108E8
:10DC500061DC0108ABDC010883DC010875DC01082C
:10DC60003968786800F0DEF924E03968786800F0F7
:10DC700055FB1FE03968786800F094FB0346FB739E
:10DC800018E03968786800F033FC13E03968786888
:10DC900000F064FC0EE03968786800F093FC09E05D
:10DCA0003968786800F0A2FC04E03968786800F010
:10DCB000F9FC00BF04E03968786800F0F3FC00BFAD
:10DCC000FB7B18461037BD4680BD00BF80B584B0D1
:10DCD00000AF786039600023FB733B681B7803F06A
:10DCE0006003402B05D0402B2FD8002B01D0202BD8
:10DCF0002BD17B6893F89C32DBB2013B022B1DD801
:10DD00003B689B88DBB2022B13D87B68D3F8B83210
:10DD10009B683968786898470346FB733B68DB88E3
:10DD2000002B10D1FB7B002B0DD1786800F085FD16
:10DD300009E03968786800F0B5FC04E03968786873
:10DD400000F0B0FC00E000BF04E03968786800F043
:10DD5000A9FC00BFFB7B18461037BD4680BD80B5CF
:10DD600084B000AF786039600023FB733B689B8808
:10DD7000BB733B681B7803F06003402B07D0402B3C
:10DD800000F24581002B0CD0202B40F040817B68B5
:10DD9000D3F8B8329B683968786898470346FB73B4
:10DDA0003AE13B685B78032B07D0032B00F3298112
:10DDB000002B7FD0012B3CD023E17B6893F89C3271
:10DDC000DBB2022B02D0032B16D02CE0BB7B002B46
:10DDD0000DD0BB7B802B0AD0BB7B1946786805F041
:10DDE00097F98021786805F093F900BF20E0396841
:10DDF000786800F057FC1BE03B685B88002B0ED175
:10DE0000BB7B002B0BD0BB7B802B08D03B68DB8817
:10DE1000002B04D1BB7B1946786805F079F9786846
:10DE200000F00BFD04E03968786800F03BFC00BFAF
:10DE3000ECE07B6893F89C32DBB2022B02D0032B20
:10DE400016D030E0BB7B002B0DD0BB7B802B0AD0E3
:10DE5000BB7B1946786805F05BF98021786805F08E
:10DE600057F900BF25E03968786800F01BFC20E016
:10DE70003B685B88002B1BD1BB7B03F07F03002B2F
:10DE800004D0BB7B1946786805F061F9786800F02A
:10DE9000D4FC7B68D3F8B8329B68396878689847B7
:10DEA0000346FB7304E03968786800F0FBFB00E090
:10DEB00000BFABE07B6893F89C32DBB2022B02D050
:10DEC000032B32D097E0BB7B002B07D0BB7B802B92
:10DED00004D03968786800F0E5FB91E097F90E30DE
:10DEE000002B0BDABB7B03F07F0213469B0013442D
:10DEF0009B0010337A68134404330BE0BB7B03F0C0
:10DF00007F0213469B0013449B0003F5A8737A68B5
:10DF100013440433BB60BB6800221A60BB68022252
:10DF20001946786800F02FFC6AE097F90E30002B54
:10DF300011DABB7B03F00F02796813469B00134490
:10DF40009B000B4424331B88002B17D13968786859
:10DF500000F0A8FB54E0BB7B03F00F027968134686
:10DF60009B0013449B000B4403F5B2731B88002BEA
:10DF700004D13968786800F095FB41E097F90E30DC
:10DF8000002B0BDABB7B03F07F0213469B0013448C
:10DF90009B0010337A68134404330BE0BB7B03F01F
:10DFA0007F0213469B0013449B0003F5A8737A6815
:10DFB00013440433BB60BB7B002B02D0BB7B802BA4
:10DFC00003D1BB6800221A600EE0BB7B194678685B
:10DFD00005F0DCF80346002B03D0BB6801221A6071
:10DFE00002E0BB6800221A60BB680222194678680A
:10DFF00000F0C9FB04E03968786800F053FB00BF0B
:10E0000004E03968786800F04DFB00BF04E039682F
:10E01000786800F047FB00BFFB7B18461037BD4611
:10E0200080BD000080B584B000AF78603960002307
:10E030003B810023FB600023FB723B685B881B0A6B
:10E040009BB2013B062B00F23B8101A252F823F068
:10E050006DE0010885E00108C5E00108C1E20108A2
:10E06000C1E2010861E201088DE201087B68D3F892
:10E07000B4321B687A68127C07F108011046984791
:10E08000F86025E17B681B7C002B0DD17B68D3F801
:10E09000B8329B6A07F1080210469847F860FB689F
:10E0A000013302221A7013E17B68D3F8B832DB6ABD
:10E0B00007F1080210469847F860FB680133022216
:10E0C0001A7005E13B685B88DBB2052B00F2AC807F
:10E0D00001A252F823F000BFF1E0010825E1010898
:10E0E00059E101088DE10108C1E10108F5E10108EC
:10E0F0007B68D3F8B4325B68002B0BD07B68D3F815
:10E10000B4325B687A68127C07F1080110469847C0
:10E11000F860A4E03968786800F0C4FAFB7A01334B
:10E12000FB729CE07B68D3F8B4329B68002B0BD069
:10E130007B68D3F8B4329B687A68127C07F10801D7
:10E1400010469847F8608AE03968786800F0AAFAC3
:10E15000FB7A0133FB7282E07B68D3F8B432DB6870
:10E16000002B0BD07B68D3F8B432DB687A68127C62
:10E1700007F1080110469847F86070E03968786840
:10E1800000F090FAFB7A0133FB7268E07B68D3F809
:10E19000B4321B69002B0BD07B68D3F8B4321B69F7
:10E1A0007A68127C07F1080110469847F86056E03B
:10E1B0003968786800F076FAFB7A0133FB724EE03A
:10E1C0007B68D3F8B4325B69002B0BD07B68D3F843
:10E1D000B4325B697A68127C07F1080110469847EF
:10E1E000F8603CE03968786800F05CFAFB7A01334B
:10E1F000FB7234E07B68D3F8B4329B69002B0BD000
:10E200007B68D3F8B4329B697A68127C07F1080105
:10E2100010469847F86022E03968786800F042FAC2
:10E22000FB7A0133FB721AE07B68D3F8B8329B6B40
:10E23000002B0CD07B68D3F8B8329B6B3A685288BD
:10E24000D1B207F1080278689847F86006E03968AB
:10E25000786800F027FAFB7A0133FB7200BF37E0E1
:10E260007B681B7C002B09D17B68D3F8B8325B6BD1
:10E2700007F1080210469847F86029E03968786885
:10E2800000F010FAFB7A0133FB7221E07B681B7C03
:10E29000002B0DD17B68D3F8B8321B6B07F1080255
:10E2A00010469847F860FB68013307221A700FE0A8
:10E2B0003968786800F0F6F9FB7A0133FB7207E001
:10E2C0003968786800F0EEF9FB7A0133FB7200BF21
:10E2D000FB7A002B1ED13B68DB88002B16D03B89D4
:10E2E000002B0ED03B68DA883B89934228BF134647
:10E2F0009BB23B813B891A46F968786800F043FA83
:10E3000009E03968786800F0CDF904E0786800F039
:10E3100094FA00E000BF1037BD4680BD80B584B0E0
:10E3200000AF786039603B689B88002B31D13B6837
:10E33000DB88002B2DD13B685B887F2B29D83B687D
:10E340005B88DBB203F07F03FB737B6893F89C323E
:10E35000DBB2032B04D13968786800F0A3F91DE023
:10E360007B68FA7B83F89E22FB7B1946786804F071
:10E3700039FF786800F061FAFB7B002B04D07B68E2
:10E38000022283F89C2209E07B68012283F89C2208
:10E3900004E03968786800F085F900BF00BF1037E5
:10E3A000BD4680BD80B584B000AF78603960002381
:10E3B000FB733B685B88DAB24C4B1A704B4B1B7893
:10E3C000012B05D93968786800F06CF9032388E0DF
:10E3D0007B6893F89C32DBB2022B02D0032B25D052
:10E3E00071E0424B1B78002B1CD0404B1B781A4627
:10E3F0007B685A603D4B1B7819467868FFF796F9A1
:10E400000346FB73FB7B002B04D03968786800F06F
:10E4100049F965E0786800F010FA7B68032283F818
:10E420009C225DE0786800F008FA59E02F4B1B78D9
:10E43000002B12D17B68022283F89C222B4B1B7885
:10E440001A467B685A60294B1B7819467868FFF793
:10E4500089F9786800F0F1F942E0244B1B781A46FC
:10E460007B685B689A422AD07B685B68DBB219469E
:10E470007868FFF777F91D4B1B781A467B685A605E
:10E480001A4B1B7819467868FFF750F90346FB735F
:10E49000FB7B002B0FD03968786800F003F97B68AC
:10E4A0005B68DBB219467868FFF75CF97B6802228B
:10E4B00083F89C2214E0786800F0BFF910E07868D7
:10E4C00000F0BBF90CE03968786800F0EBF8074B16
:10E4D0001B7819467868FFF745F90323FB7300BFE3
:10E4E000FB7B18461037BD4680BD00BF3C3803207B
:10E4F00080B582B000AF786039603B68DB88012B63
:10E5000004D03968786800F0CDF823E07B6893F890
:10E510009C32DBB2022B02DC002B03DC15E0032B68
:10E520000BD012E07B6800229A607B6808330122DE
:10E530001946786800F027F90CE07B680433012263
:10E540001946786800F01FF904E03968786800F02F
:10E55000A9F800BF00BF0837BD4680BD80B582B0B6
:10E5600000AF786039607B6893F89C32DBB2013B86
:10E57000022B1ED83B68DB88022B04D039687868F0
:10E5800000F090F81AE07B680022DA607B68D3F82C
:10E59000A432002B05D07B68DB6843F002027B6865
:10E5A000DA607B680C3302221946786800F0EBF8D9
:10E5B00004E03968786800F075F800BF00BF0837DC
:10E5C000BD4680BD80B582B000AF786039603B68E1
:10E5D0005B88012B06D17B680122C3F8A4227868EE
:10E5E00000F02BF900BF0837BD4680BD80B582B072
:10E5F00000AF786039607B6893F89C32DBB2013BF6
:10E60000022B0BD83B685B88012B0CD17B68002266
:10E61000C3F8A422786800F010F904E0396878683B
:10E6200000F040F800E000BF00BF0837BD4680BDE5
:10E6300080B584B000AF786039603B68FB60FB68F0
:10E640001A787B681A70FB680133FB60FB681A78E4
:10E650007B685A70FB680133FB60F868FFF7A8FA23
:10E6600003461A467B685A80FB680133FB60FB68EF
:10E670000133FB60F868FFF79BFA03461A467B6894
:10E680009A80FB680133FB60FB680133FB60F8682C
:10E69000FFF78EFA03461A467B68DA8000BF103710
:10E6A000BD4680BD80B582B000AF78603960802102
:10E6B000786804F02DFD0021786804F029FD00BF82
:10E6C0000837BD4680BD80B586B000AFF860B96040
:10E6D0007A600023FB75FB68002B36D0FB683B613A
:10E6E000386900F036F8034601339BB25B009AB2FA
:10E6F0007B681A80FB7DBA6813447A6812781A70B6
:10E70000FB7D0133FB75FB7DBA68134403221A704D
:10E71000FB7D0133FB7513E0FB7DBA6813443A6956
:10E7200012781A703B6901333B61FB7D0133FB7545
:10E73000FB7DBA68134400221A70FB7D0133FB7520
:10E740003B691B78002BE7D100E000BF1837BD46BE
:10E7500080BD80B485B000AF78600023FB737B6818
:10E76000BB6005E0FB7B0133FB73BB680133BB601F
:10E77000BB681B78002BF5D1FB7B18461437BD46D0
:10E780005DF8047B704780B584B000AFF860B96075
:10E790007A60FB680222C3F89422FB687A689A6167
:10E7A000FB687A68DA617B68BA680021F86804F06F
:10E7B00038FD002318461037BD4680BD80B584B0B3
:10E7C00000AFF860B9607A607B68BA680021F868C9
:10E7D00004F027FD002318461037BD4680BD80B5E4
:10E7E00084B000AFF860B9607A60FB680322C3F8B8
:10E7F0009422FB687A68C3F85821FB687A68C3F8EA
:10E800005C217B68BA680021F86804F02BFD0023C6
:10E8100018461037BD4680BD80B584B000AFF860A3
:10E82000B9607A607B68BA680021F86804F01AFD64
:10E83000002318461037BD4680BD80B582B000AFBA
:10E8400078607B680422C3F8942200230022002110
:10E85000786804F0E6FC002318460837BD4680BD02
:10E8600080B582B000AF78607B680522C3F894223F
:10E87000002300220021786804F0F4FC00231846ED
:10E880000837BD4680BD000080B483B000AF0346AA
:10E890003960FB7197F90730002B0ADB3B68DAB26D
:10E8A0000C4997F907305201D2B20B4483F8002388
:10E8B0000AE03B68DAB20849FB7903F00F03043B36
:10E8C0005201D2B20B441A7600BF0C37BD465DF838
:10E8D000047B704700E100E000ED00E080B500AF90
:10E8E000054B1B6802F0DCFB0346012B01D003F053
:10E8F000DFFB00BF80BD00BF10E000E080B500AFCF
:10E9000000216FF00400FFF7BFFF00BF80BD0000D3
:10E9100080B483B000AFEFF305833B603B68002B0E
:10E9200003D06FF005037B600CE00A4B1B68002BE3
:10E9300005D1084B01221A6000237B6002E04FF0F2
:10E94000FF337B607B6818460C37BD465DF8047B5F
:10E95000704700BF4038032080B582B000AFEFF3AE
:10E9600005833B603B68002B03D06FF005037B60A1
:10E9700010E00B4B1B68012B09D1FFF7BFFF084BC1
:10E9800002221A6001F0ACFD00237B6002E04FF030
:10E99000FF337B607B6818460837BD4680BD00BFEB
:10E9A0004038032080B58EB004AFF860B9607A605B
:10E9B00000233B61EFF305837B617B69002B7FD1F3
:10E9C000FB68002B7CD04FF480733B621823FB6103
:10E9D00000237B624FF0FF33BB617B68002B45D087
:10E9E0007B681B68002B02D07B681B687B627B689E
:10E9F0009B69002B02D07B689B69FB61FB69002B44
:10EA000008D0FB69382B05D87B685B6803F00103ED
:10EA1000002B01D0002354E07B685B69002B03D0FE
:10EA20007B685B699B083B627B689B68002B0ED010
:10EA30007B68DB68AB2B0AD97B681B69002B06D08F
:10EA40007B685B69002B02D00123BB6110E07B680F
:10EA50009B68002B0CD17B68DB68002B08D17B689E
:10EA60001B69002B04D10023BB6101E00023BB61C3
:10EA7000BB69012B10D17B681B697A68926802928E
:10EA80000193FB690093BB683A6A796AF86801F000
:10EA900044FA03463B6113E0BB69002B10D13B6A8B
:10EAA0009AB207F110030193FB690093BB68796A7E
:10EAB000F86801F07AFA0346012B01D000233B618C
:10EAC0003B6918462837BD4680BD80B584B000AF8D
:10EAD0007860EFF30583BB60BB68002B03D06FF059
:10EAE0000503FB6007E00023FB607B68002B02D07E
:10EAF000786801F06FFCFB6818461037BD4680BD92
:10EB000080B485B000AFF860B9607A60FB68074AEE
:10EB10001A60BB68064A1A607B684FF480721A60FC
:10EB200000BF1437BD465DF8047B704744380320AE
:10EB3000F038032080B485B000AFF860B9607A6027
:10EB4000FB68074A1A60BB68064A1A607B684FF484
:10EB500000721A6000BF1437BD465DF8047B704731
:10EB6000F03C03209C3D032080B483B000AF78606C
:10EB70007B6803F108027B685A607B684FF0FF32C4
:10EB80009A607B6803F108027B68DA607B6803F1B6
:10EB900008027B681A617B6800221A6000BF0C378C
:10EBA000BD465DF8047B704780B483B000AF7860E9
:10EBB0007B6800221A6100BF0C37BD465DF8047BFC
:10EBC000704780B485B000AF786039607B685B685F
:10EBD000FB603B68FA685A60FB689A683B689A6019
:10EBE000FB689B683A685A60FB683A689A603B68C1
:10EBF0007A681A617B681B685A1C7B681A6000BFC0
:10EC00001437BD465DF8047B704780B485B000AF13
:10EC1000786039603B681B68BB60BB68B3F1FF3F3D
:10EC200003D17B681B69FB600CE07B680833FB60E9
:10EC300002E0FB685B68FB60FB685B681B68BA68A6
:10EC40009A42F6D2FB685A683B685A603B685B6838
:10EC50003A689A603B68FA689A60FB683A685A605A
:10EC60003B687A681A617B681B685A1C7B681A606B
:10EC700000BF1437BD465DF8047B704780B485B093
:10EC800000AF78607B681B69FB607B685B687A68B3
:10EC900092689A607B689B687A6852685A60FB68E1
:10ECA0005B687A689A4203D17B689A68FB685A600D
:10ECB0007B6800221A61FB681B685A1EFB681A6099
:10ECC000FB681B6818461437BD465DF8047B704727
:10ECD00080B584B000AF786039607B68FB60FB680A
:10ECE000002B03D103F0F0FA00BFFDE703F0B4F905
:10ECF000FB681A68FB68DB6BF968096C01FB03F3BE
:10ED00001A44FB689A60FB6800229A63FB681A68E1
:10ED1000FB685A60FB681A68FB68DB6B013BF968AB
:10ED2000096C01FB03F31A44FB68DA60FB68FF22FD
:10ED300083F84420FB68FF2283F845203B68002BC2
:10ED40000ED1FB681B69002B14D0FB6810331846EA
:10ED500001F004FF0346002B0CD003F06BF909E02F
:10ED6000FB6810331846FFF7FFFEFB682433184694
:10ED7000FFF7FAFE03F082F9012318461037BD466B
:10ED800080BD80B588B002AFF860B9607A603B6042
:10ED9000FB68002B03D103F097FA00BFFDE73B6847
:10EDA000002B03D103F090FA00BFFDE77B68002B36
:10EDB00002D0BB68002B01D0012300E00023002B10
:10EDC00003D103F081FA00BFFDE77B68002B02D17D
:10EDD000BB68002B01D1012300E00023002B03D1ED
:10EDE00003F072FA00BFFDE750233B613B69502BF3
:10EDF00003D003F069FA00BFFDE73B693B687B6124
:10EE00007B69002B0DD07B69012283F8462097F89F
:10EE100020207B69009313467A68B968F86800F08F
:10EE200005F87B6918461837BD4680BD80B584B0AB
:10EE300000AFF860B9607A60FB70BB68002B03D14B
:10EE4000BB69BA691A6002E0BB697A681A60BB697B
:10EE5000FA68DA63BB69BA681A640121B869FFF716
:10EE600037FFBB69FA7883F84C2000BF1037BD46E6
:10EE700080BD80B582B000AF78607B68002B0ED07B
:10EE80007B6800229A607B6800221A607B680022FF
:10EE9000DA60002300220021786800F01FF800BF2C
:10EEA0000837BD4680BD80B588B002AF03463960E3
:10EEB000FB7101237B6100233B61FB7900933B687D
:10EEC000002239697869FFF75CFFF860F868FFF79E
:10EED000D0FFFB6818461837BD4680BD80B58AB0A4
:10EEE00000AFF860B9607A603B6000237B62FB682A
:10EEF0003B623B6A002B03D103F0E6F900BFFDE75C
:10EF0000BB68002B03D13B6A1B6C002B01D1012392
:10EF100000E00023002B03D103F0D6F900BFFDE78A
:10EF20003B68022B03D13B6ADB6B012B01D1012330
:10EF300000E00023002B03D103F0C6F900BFFDE77A
:10EF400002F0AEF80346002B02D17B68002B01D102
:10EF5000012300E00023002B03D103F0B5F900BF2B
:10EF6000FDE703F079F83B6A9A6B3B6ADB6B9A42E8
:10EF700002D33B68022B1DD13A68B968386A00F0A9
:10EF8000A3FAF8613B6A5B6A002B0AD03B6A243320
:10EF9000184601F0E3FD0346002B07D003F04AF8C2
:10EFA00004E0FB69002B01D003F044F803F066F89D
:10EFB00001235CE07B68002B03D103F05FF80023A2
:10EFC00055E07B6A002B06D107F11403184601F0C7
:10EFD00041FE01237B6203F051F801F0E3FA03F0F4
:10EFE0003BF83B6A93F844305BB2B3F1FF3F03D187
:10EFF0003B6A002283F844203B6A93F845305BB2B9
:10F00000B3F1FF3F03D13B6A002283F8452003F0B0
:10F0100035F83A1D07F114031146184601F030FE89
:10F020000346002B1DD1386A00F046FB0346002B37
:10F0300011D03B6A10337A681146184601F04CFD36
:10F04000386A00F0D1FA01F0BBFA0346002B88D1F0
:10F0500002F0F0FF85E7386A00F0C6FA01F0B0FA76
:10F060007FE7386A00F0C0FA01F0AAFA00231846D8
:10F070002837BD4680BD80B58AB000AFF860B96062
:10F080007A603B60FB683B623B6A002B03D103F074
:10F090001BF900BFFDE7BB68002B03D13B6A1B6C6B
:10F0A000002B01D1012300E00023002B03D103F04A
:10F0B0000BF900BFFDE73B68022B03D13B6ADB6B1A
:10F0C000012B01D1012300E00023002B03D103F029
:10F0D000FBF800BFFDE703F0F7F8F8613B6A9A6BB5
:10F0E0003B6ADB6B9A4202D33B68022B2DD13B6A11
:10F0F00093F84530FB763B6A9B6B7B613A68B96855
:10F10000386A00F0E1F997F91B30B3F1FF3F12D1F3
:10F110003B6A5B6A002B15D03B6A2433184601F02A
:10F120001DFD0346002B0DD07B68002B0AD07B68A9
:10F1300001221A6006E0FB7E0133DBB25AB23B6A61
:10F1400083F8452001237B6201E000237B62F8699C
:10F1500003F0C7F87B6A18462837BD4680BD80B5E6
:10F160008AB000AFF860B9607A6000237B62FB6808
:10F170003B623B6A002B03D103F0A6F800BFFDE71A
:10F18000BB68002B03D13B6A1B6C002B01D1012310
:10F1900000E00023002B03D103F096F800BFFDE749
:10F1A00001F07EFF0346002B02D17B68002B01D1CA
:10F1B000012300E00023002B03D103F085F800BFFA
:10F1C000FDE702F049FF3B6A9B6BFB61FB69002B8B
:10F1D00019D0B968386A00F0E1F9FB695A1E3B6A38
:10F1E0009A633B6A1B69002B09D03B6A10331846AF
:10F1F00001F0B4FC0346002B01D002F01BFF02F02B
:10F200003DFF012363E07B68002B03D102F036FF52
:10F2100000235CE07B6A002B06D107F1140318463B
:10F2200001F018FD01237B6202F028FF01F0BAF91A
:10F2300002F012FF3B6A93F844305BB2B3F1FF3F38
:10F2400003D13B6A002283F844203B6A93F845309F
:10F250005BB2B3F1FF3F03D13B6A002283F8452044
:10F2600002F00CFF3A1D07F114031146184601F095
:10F2700007FD0346002B1DD1386A00F007FA03464C
:10F28000002B11D03B6A24337A681146184601F0EE
:10F2900023FC386A00F0A8F901F092F90346002B2C
:10F2A0008FD102F0C7FE8CE7386A00F09DF901F0BB
:10F2B00087F986E7386A00F097F901F081F9386A32
:10F2C00000F0E4F90346002B3FF47BAF002318461F
:10F2D0002837BD4680BD80B58AB000AF7860396000
:10F2E00000237B627B68FB6100233B62FB69002B90
:10F2F00003D102F0E9FF00BFFDE7FB691B6C002BA7
:10F3000003D002F0E1FF00BFFDE701F0C9FE0346B4
:10F31000002B02D13B68002B01D1012300E0002328
:10F32000002B03D102F0D0FF00BFFDE702F094FEF6
:10F33000FB699B6BBB61BB69002B1ED0BB695A1E6E
:10F34000FB699A63FB691B68002B04D102F002F889
:10F350000246FB699A60FB691B69002B09D0FB69B7
:10F360001033184601F0FAFB0346002B01D002F0DF
:10F3700061FE02F083FE01238AE03B68002B0AD184
:10F380003B6A002B03D002F09FFF00BFFDE702F0B5
:10F3900075FE00237CE07B6A002B06D107F10C038D
:10F3A000184601F057FC01237B6202F067FE01F072
:10F3B000F9F802F051FEFB6993F844305BB2B3F107
:10F3C000FF3F03D1FB69002283F84420FB6993F8D7
:10F3D00045305BB2B3F1FF3F03D1FB69002283F8F4
:10F3E000452002F04BFE3A4607F10C031146184641
:10F3F00001F046FC0346002B2CD1F86900F046F9D9
:10F400000346002B20D0FB691B68002B09D102F0BA
:10F4100023FEFB699B68184601F060FE386202F02B
:10F420002DFEFB6924333A681146184601F054FB5F
:10F43000F86900F0D9F801F0C3F80346002B7FF417
:10F4400075AF02F0F7FD71E7F86900F0CDF801F053
:10F45000B7F86BE7F86900F0C7F801F0B1F8F869A0
:10F4600000F014F90346002B3FF460AF3B6A002B19
:10F470000DD002F0F1FDF86900F00EF87861FB693B
:10F480009B687969184601F0F1FE02F0F7FD002350
:10F4900018462837BD4680BD80B485B000AF78607F
:10F4A0007B685B6A002B06D07B681B6B1B68C3F113
:10F4B0003803FB6001E00023FB60FB68184614374B
:10F4C000BD465DF8047B704780B586B000AFF8603C
:10F4D000B9607A6000237B61FB689B6B3B61FB68D2
:10F4E0001B6C002B0DD1FB681B68002B4DD1FB68FA
:10F4F0009B68184601F05AFE7861FB6800229A600A
:10F5000043E07B68002B19D1FB685868FB681B6CD3
:10F510001A46B96804F057FAFB685A68FB681B6C16
:10F520001A44FB685A60FB685A68FB689B689A42F9
:10F530002BD3FB681A68FB685A6026E0FB68D86822
:10F54000FB681B6C1A46B96804F03DFAFB68DA6880
:10F55000FB681B6C5B421A44FB68DA60FB68DA6884
:10F56000FB681B689A4207D2FB689A68FB681B6CB1
:10F570005B421A44FB68DA607B68022B05D13B6969
:10F58000002B02D03B69013B3B613B695A1CFB6885
:10F590009A637B6918461837BD4680BD80B582B036
:10F5A00000AF786039607B681B6C002B18D07B68DB
:10F5B000DA687B681B6C1A447B68DA607B68DA68FF
:10F5C0007B689B689A4203D37B681A687B68DA6021
:10F5D0007B68D9687B681B6C1A46386804F0F3F9BD
:10F5E00000BF0837BD4680BD80B584B000AF7860ED
:10F5F00002F032FD7B6893F84530FB7311E07B68C5
:10F600005B6A002B12D07B682433184601F0A6FAFF
:10F610000346002B01D001F087FBFB7B013BDBB2F3
:10F62000FB7397F90F30002BE9DC00E000BF7B682B
:10F63000FF2283F8452002F021FD02F00DFD7B68DA
:10F6400093F84430BB7311E07B681B69002B12D028
:10F650007B681033184601F081FA0346002B01D075
:10F6600001F062FBBB7B013BDBB2BB7397F90E3051
:10F67000002BE9DC00E000BF7B68FF2283F8442018
:10F6800002F0FCFC00BF1037BD4680BD80B584B0E1
:10F6900000AF786002F0E0FC7B689B6B002B02D12E
:10F6A0000123FB6001E00023FB6002F0E7FCFB6844
:10F6B00018461037BD4680BD80B584B000AF786075
:10F6C00002F0CAFC7B689A6B7B68DB6B9A4202D1C2
:10F6D0000123FB6001E00023FB6002F0CFFCFB682C
:10F6E00018461037BD4680BD80B485B000AF786045
:10F6F00039600023FB6014E00F4AFB6852F8333096
:10F70000002B0BD10C49FB683A6841F833200A4AB8
:10F71000FB68DB0013447A685A6006E0FB6801333B
:10F72000FB60FB68072BE7D900BF00BF1437BD465D
:10F730005DF8047B704700BF9C45032080B586B010
:10F7400000AFF860B9607A60FB687B6102F084FC0E
:10F750007B6993F844305BB2B3F1FF3F03D17B691F
:10F76000002283F844207B6993F845305BB2B3F103
:10F77000FF3F03D17B69002283F8452002F07EFC25
:10F780007B699B6B002B06D17B6924337A68B9684F
:10F79000184601F0BFF97869FFF726FF00BF183758
:10F7A000BD4680BD80B58AB002AFF860B9607A60AE
:10F7B0003B60BB6A7B613B68002B03D102F084FD98
:10F7C00000BFFDE7BB6A002B03D102F07DFD00BF47
:10F7D000FDE7BA68FB689A4203D902F075FD00BFE5
:10F7E000FDE7BB68002B01D10123BB607B68002BC8
:10F7F00002D00323FB7601E00223FB76FB68042B97
:10F8000003D802F061FD00BFFDE724233B613B69A3
:10F81000242B03D002F058FD00BFFDE73B68002B0E
:10F8200014D0BB6A002B11D0FB7E0093BB68FA6832
:10F830003968786900F045FB7B691B7F43F0020360
:10F84000DAB27B691A77BB6AFB6101E00023FB61D6
:10F85000FB6918462037BD4680BD80B588B002AF31
:10F8600078607B683B6100237B613B69002B03D19F
:10F8700002F02AFD00BFFDE73B691B6AFB6002F056
:10F88000EBFB3B691B69002B15D13B695B69002BC6
:10F8900011D13B6999693B699A683B69D8683B69B2
:10F8A0001B7F00930346386900F00BFB01237B614B
:10F8B0003B69FA681A6202F0E1FB7B691846183767
:10F8C000BD4680BD80B584B000AF78607B68BB600A
:10F8D000BB68002B03D102F0F7FC00BFFDE7BB685B
:10F8E0009A68BB681B681344FB60BB685B68FA6876
:10F8F000D31AFB60FB68013BFB60BB689B68FA683E
:10F900009A4204D3BB689B68FA68D31AFB60FB6811
:10F9100018461037BD4680BD80B584B000AF786012
:10F920007B68FB60FB68002B03D102F0CDFC00BFBD
:10F93000FDE7F86800F0A5FAB860BB681846103714
:10F94000BD4680BD80B58CB002AFF860B9607A600A
:10F950003B60FB68FB6100237B627B683B62BB68AA
:10F96000002B03D102F0B0FC00BFFDE7FB69002BC8
:10F9700003D102F0A9FC00BFFDE7FB691B7F03F088
:10F980000103002B0AD03B6A04333B623A6A7B686E
:10F990009A4203D802F098FC00BFFDE73B68002BB9
:10F9A00037D007F11003184601F034F902F054FB88
:10F9B000F869FFF787FF78627A6A3B6A9A4210D249
:10F9C000002001F04BFFFB695B69002B03D002F0C4
:10F9D0007BFC00BFFDE701F053FB0246FB695A6167
:10F9E00002E002F04BFB14E002F048FB3B6800220F
:10F9F0000021002001F006FDFB6900225A613A4611
:10FA000007F110031146184601F03AF90346002B9E
:10FA1000CCD07B6A002B03D1F869FFF753FF7862E3
:10FA20003B6A00937B6A7A68B968F86900F078F8F5
:10FA3000B861BB69002B19D0F86900F022FA0246C0
:10FA4000FB69DB689A4211D300F0ACFDFB691B69CE
:10FA5000002B09D0FB69186900230022002101F066
:10FA600029FDFB6900221A6100F0AAFDBB69184656
:10FA70002837BD4680BD80B58CB002AFF860B96054
:10FA80007A603B60FB683B627B687B62BB68002BF3
:10FA900003D102F019FC00BFFDE73B6A002B03D144
:10FAA00002F012FC00BFFDE73B6A1B7F03F001037D
:10FAB000002B02D07B6A04337B62386AFFF702FFB7
:10FAC000F8617B6A0093FB697A68B968386A00F06C
:10FAD00027F8B861BB69002B1DD0386A00F0D1F956
:10FAE00002463B6ADB689A4215D302F0EDFB78616F
:10FAF0003B6A1B69002B0BD03B6A18693B6800937B
:10FB000000230022002101F077FD3B6A00221A61E8
:10FB1000786902F0E6FBBB6918462837BD4680BD10
:10FB200080B586B000AFF860B9607A603B603B6832
:10FB3000002B02D100237B611DE0FB681B7F03F0DB
:10FB40000103002B08D101237B617A683B68934253
:10FB500028BF13467B600EE03A683B6A9A4208D39E
:10FB600001237B613B1D04221946F86800F0C7F8A9
:10FB700001E000237B617B69002B07D07B681A467C
:10FB8000B968F86800F0BBF8386101E000233B6118
:10FB90003B6918461837BD4680BD80B58AB002AFB4
:10FBA000F860B9607A603B60FB683B610023FB61F1
:10FBB000BB68002B03D102F087FB00BFFDE73B6968
:10FBC000002B03D102F080FB00BFFDE73B691B7FE8
:10FBD00003F00103002B02D004237B6101E000232A
:10FBE0007B613B68002B2DD002F036FA386900F0BB
:10FBF00048F9B861BA697B699A420FD8002001F0D0
:10FC00002DFE3B691B69002B03D002F05DFB00BF9A
:10FC1000FDE701F035FA02463B691A6102F02EFA5F
:10FC2000BA697B699A4211D83B6800220021002002
:10FC300001F0E8FB3B6900221A61386900F021F904
:10FC4000B86103E0386900F01CF9B861BA697B69F2
:10FC50009A421DD97B690093BB697A68B968386993
:10FC600000F01BF8F861FB69002B11D000F09AFC42
:10FC70003B695B69002B09D03B695869002300226E
:10FC8000002101F017FC3B6900225A6100F098FC4A
:10FC9000FB6918462037BD4680BD80B588B000AFEF
:10FCA000F860B9607A603B60BB6A002B19D0FB68D2
:10FCB0001B68BB6107F110013B68BA6AF86800F085
:10FCC0007BF83B69FB613A68BB6AD31A3B60FA690F
:10FCD0007B689A4207D9FB68BA691A600023FB6106
:10FCE00001E07B68FB613B68FA69B968F86800F07D
:10FCF00063F878617B6918462037BD4680BD80B5C2
:10FD000086B000AFF860B9607A607B68002B03D1E1
:10FD100002F0DAFA00BFFDE7FB685B687B61FB6815
:10FD20009A687B69D31A7A68934228BF13463B616D
:10FD30007A693B691A44FB689B689A4203D902F0CE
:10FD4000C3FA00BFFDE7FB689A697B6913443A690F
:10FD5000B968184603F037FE7A683B699A4215D9AC
:10FD60007A683B69D21AFB689B689A4203D902F011
:10FD7000ABFA00BFFDE7FB689869BA683B69D11828
:10FD80007A683B69D31A1A4603F01DFE7A697B68CC
:10FD900013447B61FB689B687A699A4204D3FB68D1
:10FDA0009B687A69D31A7B61FB687A695A607B68C1
:10FDB00018461837BD4680BD80B588B000AFF860E2
:10FDC000B9607A603B607A683B68934228BF13460B
:10FDD000BB61BB69002B4FD0FB681B68FB61FB68F4
:10FDE0009A68FB69D31ABA69934228BF13467B61AC
:10FDF0007A697B689A4203D902F066FA00BFFDE790
:10FE0000FA697B691A44FB689B689A4203D902F03D
:10FE10005BFA00BFFDE7FB689A69FB6913447A69E6
:10FE20001946B86803F0CFFDBA697B699A4212D9C6
:10FE3000BA697B689A4203D902F046FA00BFFDE72F
:10FE4000BA687B69D018FB689969BA697B69D31A6B
:10FE50001A4603F0B8FDFA69BB691344FB61FB68FD
:10FE60009B68FA699A4204D3FB689B68FA69D31AC3
:10FE7000FB61FB68FA691A60BB6918462037BD460A
:10FE800080BD80B485B000AF78607B689A687B687D
:10FE90005B681344FB607B681B68FA68D31AFB60DD
:10FEA0007B689B68FA689A4204D37B689B68FA680F
:10FEB000D31AFB60FB6818461437BD465DF8047B17
:10FEC000704780B586B000AFF860B9607A603B607B
:10FED00055237B617A687969B86803F014FC02469F
:10FEE000BB68934203D002F0EFF900BFFDE7242284
:10FEF0000021F86803F007FCFB68BA689A61FB68A8
:10FF00007A689A60FB683A68DA60FB6897F82020A4
:10FF10001A7700BF1837BD4680BD80B58CB004AFDE
:10FF2000F860B9607A603B60FB6A002B03D102F095
:10FF3000CBF900BFFDE73B6B002B03D102F0C4F906
:10FF400000BFFDE7AC237B617B69AC2B03D002F0E3
:10FF5000BBF900BFFDE77B693B6B002B1ED0FB6A42
:10FF6000002B1BD03B6BFB61FB69FA6A1A63FB69D0
:10FF7000022283F8A92000230393FB69029307F16F
:10FF800018030193BB6A00933B687A68B968F86804
:10FF900000F050F8F86900F0F1F801E00023BB61CF
:10FFA000BB6918462037BD4680BD80B58CB004AF14
:10FFB000F860B9603B601346FB80FB889B001846E5
:10FFC00002F0EAF978617B69002B0ED0AC2002F0D8
:10FFD000E3F9F861FB69002B03D0FB697A691A63C6
:10FFE00005E0786902F08EFA01E00023FB61FB690D
:10FFF000002B17D0FB69002283F8A920FA88002380
:020000040802F0
:100000000393FB690293FB6A0193BB6A00933B680D
:10001000B968F86800F00EF8F86900F0AFF801234D
:10002000BB6102E04FF0FF33BB61BB69184620376C
:10003000BD4680BD80B586B000AFF860B9607A601B
:100040003B60BB6A186B7B689B001A46A52103F0D6
:100050005AFBBB6A1A6B7B6803F18043013B9B0030
:1000600013443B613B6923F007033B613B6903F0A9
:100070000703002B03D002F027F900BFFDE7BB68A0
:10008000002B1FD000237B6112E0BA687B69134408
:100090001978BA6A7B69134434330A461A70BA680D
:1000A0007B6913441B78002B06D07B6901337B618D
:1000B0007B690F2BE9D900E000BFBB6A002283F8FF
:1000C000432003E0BB6A002283F834203B6A372BCD
:1000D00001D937233B62BB6A3A6ADA62BB6A3A6A81
:1000E000DA64BB6A00221A65BB6A04331846FEF75D
:1000F0005BFDBB6A18331846FEF756FDBB6ABA6A49
:100100001A613B6AC3F13802BB6A9A61BB6ABA6A78
:100110005A62BB6A00225A65BB6A0022C3F8A42057
:10012000BB6A002283F8A820BB6A58334C22002106
:10013000184603F0E8FABB6A0D4ADA65BB6A0D4A55
:100140001A66BB6A0C4A5A66BB6A196B3B68FA6846
:10015000386901F0E1FF0246BB6A1A607B6A002B36
:1001600002D07B6ABA6A1A6000BF1837BD4680BDEC
:100170007C6B0320E46B03204C6C032080B582B0C1
:1001800000AF786001F068FF2A4B1B680133294AF1
:100190001360294B1B68002B09D1274A7B68136029
:1001A000244B1B68012B10D100F0DAFD0DE0234B2E
:1001B0001B68002B09D1204B1B68DA6A7B68DB6A5D
:1001C0009A4202D81C4A7B6813601D4B1B6801339E
:1001D0001B4A13601A4B1A687B685A647B68DA6A98
:1001E000184B1B689A4203D97B68DB6A154A136077
:1001F0007B68DA6A13469B0013449B00124A1A4438
:100200007B68043319461046FEF7DBFC01F036FF2D
:100210000A4B1B68002B08D0074B1B68DA6A7B6807
:10022000DB6A9A4201D201F005FF00BF0837BD46E4
:1002300080BD00BFB04A0320DC450320BC4A032038
:10024000CC4A0320B84A0320E045032080B584B09F
:1002500000AF786001F000FF7B68002B02D1264BD5
:100260001B6800E07B68FB60FB6804331846FEF700
:1002700005FDFB689B6A002B04D0FB681833184609
:10028000FEF7FCFC1D4B1B6801331C4A13601A4B24
:100290001B68FA689A420BD1FB6804331946184868
:1002A000FEF78FFC174B1B680133164A136009E0F9
:1002B000154B1B68013B144A1360F86800F092FE6E
:1002C00000F0BEFE01F0DAFE104B1B68002B0ED0D2
:1002D000094B1B68FA689A4209D10D4B1B68002B29
:1002E00003D001F0F1FF00BFFDE701F0A3FE00BF66
:1002F0001037BD4680BD00BFDC450320CC4A03203B
:10030000844A0320984A0320B04A0320BC4A0320B1
:10031000D84A032080B586B000AF786039600023EA
:100320007B617B68002B03D101F0CEFF00BFFDE7AE
:100330003B68002B03D101F0C7FF00BFFDE7234B53
:100340001B68002B03D001F0BFFF00BFFDE700F0EA
:1003500029F91F4B1B683B617B681B683A68134493
:10036000FB607B681B683A699A420BD27B681B680A
:10037000FA689A4211D2FA683B699A420DD9012370
:100380007B610AE07B681B68FA689A4203D3FA68CB
:100390003B699A4201D901237B617B68FA681A6044
:1003A0007B69002B06D0FA683B69D31A00211846F6
:1003B00001F07AFA00F004F9B860BB68002B01D1B3
:1003C00001F038FE00BF1837BD4680BDD84A032073
:1003D000B44A032080B584B000AF78600023FB608E
:1003E0007B68002B10D00D4B1B68002B03D001F055
:1003F0006BFF00BFFDE700F0D5F80021786801F041
:1004000053FA00F0DDF8F860FB68002B01D101F031
:1004100011FE00BF1037BD4680BD00BFD84A032083
:1004200080B588B000AF78607B68BB61BB69002B8A
:1004300003D101F049FF00BFFDE7244B1B68BA69F7
:100440009A4202D10023FB773AE001F005FEBB6936
:100450005B697B611E4B1B683B611E4B1B68FB602D
:1004600001F00CFE7A693B699A4203D07A69FB6815
:100470009A4202D10223FB7722E07B69164A93421B
:1004800012D1BB699B6A002B0BD1BB6993F8A830D2
:10049000DBB2012B02D10223FB7711E00323FB77B0
:1004A0000EE00223FB770BE07B690C4A934202D0FB
:1004B0007B69002B02D10423FB7701E00123FB774A
:1004C000FB7F18462037BD4680BD00BFDC450320BA
:1004D000684A03206C4A03209C4A0320844A032074
:1004E00080B588B004AF0023BB6000237B603A4630
:1004F000391D07F108031846FEF702FB39687B68CF
:10050000BA68029201930023009300230A461D4912
:100510001D48FFF702FD03461C4A13601B4B1B6876
:10052000002B02D00123FB6001E00023FB60FB688D
:10053000012B02D101F00CFAF860FB68012B15D1F8
:1005400001F0C2FE124B1B685833124A1360124B63
:100550004FF0FF321A60114B01221A60104B00223B
:100560001A60E0F749F801F061FE07E0FB68B3F1BB
:10057000FF3F03D101F0A8FE00BFFDE700BF103729
:10058000BD4680BD785D0208410D0208D44A0320B3
:10059000DC45032000060320D04A0320BC4A032088
:1005A000B44A032080B400AF044B1B680133034AF4
:1005B000136000BFBD465DF8047B7047D84A032036
:1005C00080B584B000AF0023FB600023BB603B4BD1
:1005D0001B68002B03D101F077FE00BFFDE701F09F
:1005E0003BFD364B1B68013B344A1360334B1B68A1
:1005F000002B5CD1324B1B68002B58D02FE0314BC5
:10060000DB68DB68FB60FB6818331846FEF736FBD7
:10061000FB6804331846FEF731FBFB68DA6A2A4BA5
:100620001B689A4203D9FB68DB6A274A1360FB68A0
:10063000DA6A13469B0013449B00244A1A44FB6861
:10064000043319461046FEF7BCFAFB68DA6A204B01
:100650001B68DB6A9A4202D31E4B01221A60194BB7
:100660001B68002BCBD1FB68002B01D000F0E8FC0D
:10067000194B1B687B607B68002B10D000F0DAF808
:100680000346002B02D0134B01221A607B68013B0A
:100690007B607B68002BF1D10F4B00221A600D4B61
:1006A0001B68002B03D00123BB6001F0C3FC01F0E9
:1006B000E5FCBB6818461037BD4680BDD84A03200C
:1006C000B04A0320704A0320B84A0320E0450320C3
:1006D000DC450320C44A0320C04A032080B483B011
:1006E00000AF054B1B687B607B6818460C37BD4626
:1006F0005DF8047B704700BFB44A032080B400AFAC
:10070000034B1B681846BD465DF8047B704700BF6D
:10071000B04A032080B586B000AFF860B9607A6057
:1007200000237B6138233B61FFF73CFF3B4B1B6899
:10073000BA689A426AD33B69013B3B617A691346C6
:10074000DB0013449B001A46FB6898183A6913466D
:100750009B0013449B00324A13440122194600F0C7
:10076000D3FB02467B6913447B613B69002BE2D1DA
:100770007A691346DB0013449B001A46FB68134456
:10078000284A11680222184600F0BEFB02467B6927
:1007900013447B617A691346DB0013449B001A46BD
:1007A000FB681344204A11680222184600F0ACFB93
:1007B00002467B6913447B617A691346DB0013446C
:1007C0009B001A46FB68134404221849184600F09F
:1007D0009BFB02467B6913447B617A691346DB000D
:1007E00013449B001A46FB68134403221049184621
:1007F00000F08AFB02467B6913447B617B68002B17
:1008000004D0DFF707FF02467B681A60FFF7D8FEC7
:100810007B6918461837BD4680BD00BFB04A03202B
:10082000E0450320684A03206C4A0320844A0320E1
:100830009C4A032080B586B000AF00237B614B4B00
:100840001B68002B40F08880494B1B6801333B61DB
:10085000474A3B6913603B69002B19D1454B1B6824
:100860001B68002B03D001F02FFD00BFFDE7414BBB
:100870001B68FB60404B1B683E4A13603E4AFB68A6
:1008800013603E4B1B6801333C4A136000F0D8FBF9
:100890003B4B1B683A699A4249D3364B1B681B682D
:1008A000002B04D1364B4FF0FF321A603FE0314B42
:1008B0001B68DB68DB68BB60BB685B687B603A69B0
:1008C0007B689A4203D22E4A7B6813602FE0BB6894
:1008D00004331846FEF7D2F9BB689B6A002B04D09C
:1008E000BB6818331846FEF7C9F9BB68DA6A254BAE
:1008F0001B689A4203D9BB68DB6A224A1360BB6853
:10090000DA6A13469B0013449B001F4A1A44BB68D3
:10091000043319461046FEF754F9BB68DA6A1B4BDC
:100920001B68DB6A9A42B8D301237B61B5E7174B9A
:100930001B68DA6A144913469B0013449B000B445E
:100940001B68012B01D901237B61114B1B68002B14
:1009500007D001237B6104E00E4B1B6801330D4A75
:1009600013607B6918461837BD4680BDD84A0320FE
:10097000B44A0320684A03206C4A0320C84A032073
:10098000D04A0320B84A0320E0450320DC45032079
:10099000C44A0320C04A032080B584B000AF464B50
:1009A0001B68002B03D0454B01221A607FE0434BAC
:1009B00000221A60DFF72EFE0346414A1360404BC7
:1009C0001A68404B1B689A4209D93D4B1A683D4B47
:1009D0001B68D11A3C4B1B685A6D0A445A65384B48
:1009E0001B68384A1360384B1B681B6BBB604FF0A9
:1009F000A5337B60BB681B687A689A4211D1BB68DB
:100A000004331B687A689A420BD1BB6808331B68B1
:100A10007A689A4205D1BB680C331B687A689A429F
:100A200008D0294B1A68284B1B68343319461046E6
:100A3000DFF7D6FD254B1B68FB6009E0FB68002B48
:100A400003D101F041FC00BFFDE7FB68013BFB6007
:100A50001F49FA6813469B0013449B000B441B6814
:100A6000002BEBD0FA6813469B0013449B00184AF6
:100A700013443B603B685B685A683B685A603B685C
:100A80005A683B6808339A4204D13B685B685A68ED
:100A90003B685A603B685B68DB680B4A13600B4A33
:100AA000FB681360084B1B6858330A4A136000BF89
:100AB0001037BD4680BD00BFD84A0320C44A03207A
:100AC000E04A0320DC4A0320DC450320B84A032027
:100AD000E04503200006032080B582B000AF7860B7
:100AE00039607B68002B03D101F0EEFB00BFFDE70E
:100AF000074B1B68183319467868FEF786F8012102
:100B0000386800F0D1FE00BF0837BD4680BD00BF89
:100B1000DC45032080B584B000AFF860B9607A602E
:100B2000FB68002B03D101F0CFFB00BFFDE70A4BB0
:100B30001B6818331946F868FEF743F87B68002BEA
:100B400002D04FF0FF33BB607968B86800F0ACFEAC
:100B500000BF1037BD4680BDDC45032080B584B0A2
:100B600000AF78607B68DB68DB68BB60BB68002B2C
:100B700003D101F0A9FB00BFFDE7BB68183318469D
:100B8000FEF77CF81D4B1B68002B1DD1BB6804339E
:100B90001846FEF773F8BB68DA6A194B1B689A426D
:100BA00003D9BB68DB6A164A1360BB68DA6A13466E
:100BB0009B0013449B00134A1A44BB680433194634
:100BC0001046FDF7FEFF05E0BB68183319460E48D6
:100BD000FDF7F7FFBB68DA6A0C4B1B68DB6A9A42C9
:100BE00005D90123FB600A4B01221A6001E00023B2
:100BF000FB60FB6818461037BD4680BDD84A03200D
:100C0000B84A0320E0450320704A0320DC45032056
:100C1000C44A032080B582B000AF78607B68002BA7
:100C200003D101F051FB00BFFDE701F015FA074BBE
:100C30001A687B681A60064B1A687B685A6001F074
:100C40001DFA00BF0837BD4680BD00BFC84A03205B
:100C5000B44A032080B483B000AF7860064B1A68B2
:100C60007B681A60054B1A687B685A6000BF0C37B6
:100C7000BD465DF8047B7047C84A0320B44A032090
:100C800080B586B000AF786039607B68002B03D1F7
:100C900001F01AFB00BFFDE73B68002B03D101F018
:100CA00013FB00BFFDE701F0D7F91D4B1B683B614B
:100CB0007B685B683A69D31AFB603B681B68B3F1D9
:100CC000FF3F02D100237B6123E07B681A68154B4C
:100CD0001B689A4207D07B685B683A699A4202D3E4
:100CE00001237B6115E03B681B68FA689A420BD2CE
:100CF0003B681A68FB68D21A3B681A607868FFF78D
:100D0000A9FF00237B6104E03B6800221A600123F5
:100D10007B6101F0B3F97B6918461837BD4680BD89
:100D2000B44A0320C84A032080B400AF034B012219
:100D30001A6000BFBD465DF8047B7047C44A0320BB
:100D400080B582B000AF786000F04AF8034B1B68B2
:100D5000012BF9D901F06EF9F6E700BFE045032059
:100D600080B582B000AF00237B600CE07A68134648
:100D70009B0013449B00124A13441846FDF7F4FEEF
:100D80007B6801337B607B68372BEFD90D48FDF71B
:100D9000EBFE0D48FDF7E8FE0C48FDF7E5FE0C48BC
:100DA000FDF7E2FE0B48FDF7DFFE0B4B054A1A602C
:100DB0000A4B054A1A6000BF0837BD4680BD00BF18
:100DC000E0450320404A0320544A0320704A032090
:100DD000844A03209C4A0320684A03206C4A03206B
:100DE00080B582B000AF19E001F036F9104BDB6836
:100DF000DB687B607B6804331846FDF73FFF0D4BD3
:100E00001B68013B0B4A13600B4B1B68013B0A4AF2
:100E1000136001F033F9786800F0E4F8064B1B68C2
:100E2000002BE1D100BF00BF0837BD4680BD00BF29
:100E3000844A0320B04A0320984A032080B586B034
:100E400000AFF860B9607A60FB70FB68002B02D1DC
:100E50002C4B1B6800E0FB687B61BB687A691A60F9
:100E60007B6903F13402BB685A607B69DA6ABB684C
:100E70001A617B691A6BBB68DA617B695A6CBB6863
:100E80009A607B69DA6CBB685A617B695A6DBB6892
:100E90009A61FB78052B1AD01A4B1B687A699A4223
:100EA00003D1BB6800221A7318E0BB68FA781A7382
:100EB000FB78032B12D1FFF775FB7B699B6A002B34
:100EC00002D0BB6802221A73FFF77AFB06E078694A
:100ED000FFF7A6FA03461A46BB681A737B68002B15
:100EE00009D07B691B6B184600F060F803461A4670
:100EF000BB681A8402E0BB6800221A8400BF18375E
:100F0000BD4680BDDC45032080B58AB000AFF860E7
:100F1000B9601346FB7100237B62BB681B68002B22
:100F20003FD0BB683B623B6A5B685A683B6A5A6069
:100F30003B6A5A683B6A08339A4204D13B6A5B6851
:100F40005A683B6A5A603B6A5B68DB68FB61BB6856
:100F5000BB61BB695B685A68BB695A60BB695A6808
:100F6000BB6908339A4204D1BB695B685A68BB69A4
:100F70005A60BB695B68DB687B617A6A1346DB0099
:100F800013449B001A46FB689918FB790122786983
:100F9000FFF754FF7B6A01337B627A69FB699A42EF
:100FA000D5D17B6A18462837BD4680BD80B485B050
:100FB00000AF78600023FB6005E07B6801337B6055
:100FC000FB680133FB607B681B78A52BF5D0FB68C1
:100FD0009B08FB60FB689BB218461437BD465DF862
:100FE000047B704780B582B000AF78607B6858336F
:100FF000184602F00FFC7B6893F8A930002B08D14B
:101000007B681B6B184601F07DFA786801F07AFA6C
:1010100011E07B6893F8A930012B03D1786801F0C7
:1010200071FA08E07B6893F8A930022B03D001F035
:101030004BF900BFFDE700BF0837BD4680BD00008B
:1010400080B483B000AF0C4B1B681B68002B04D12D
:101050000A4B4FF0FF321A6008E0074B1B68DB6851
:10106000DB687B607B685B68044A136000BF0C37F9
:10107000BD465DF8047B7047684A0320D04A0320D0
:1010800080B483B000AF054B1B687B607B6818465B
:101090000C37BD465DF8047B704700BFDC4503207C
:1010A00080B483B000AF0B4B1B68002B02D101232F
:1010B0007B6008E0084B1B68002B02D102237B6099
:1010C00001E000237B607B6818460C37BD465DF865
:1010D000047B7047BC4A0320D84A032080B584B003
:1010E00000AF78607B68BB600023FB607B68002BEF
:1010F00051D0BB68DA6A2A4B1B68DB6A9A4241D23C
:10110000BB689B69002B06DB254B1B68DB6AC3F1C0
:101110003802BB689A61BB685969BB68DA6A1346D2
:101120009B0013449B001F4A1344994222D1BB6881
:1011300004331846FDF7A2FD194B1B68DA6ABB6839
:10114000DA62BB68DA6A184B1B689A4203D9BB683B
:10115000DB6A154A1360BB68DA6A13469B001344C6
:101160009B00104A1A44BB68043319461046FDF729
:1011700028FD04E00A4B1B68DA6ABB68DA620123C7
:10118000FB6008E0BB68DA6C054B1B68DB6A9A42BF
:1011900001D20123FB60FB6818461037BD4680BDB5
:1011A000DC450320E0450320B84A032080B584B025
:1011B00000AF78607B68BB600023FB607B68002B1E
:1011C00048D0274B1B68BA689A4203D001F07CF8DC
:1011D00000BFFDE7BB681B6D002B03D101F074F865
:1011E00000BFFDE7BB681B6D5A1EBB681A65BB6874
:1011F000DA6ABB68DB6C9A422CD0BB681B6D002B93
:1012000028D1BB6804331846FDF738FDBB68DA6C9B
:10121000BB68DA62BB68DB6AC3F13802BB689A61FB
:10122000BB68DA6A0F4B1B689A4203D9BB68DB6A5A
:101230000C4A1360BB68DA6A13469B0013449B0098
:10124000094A1A44BB68043319461046FDF7B9FC35
:101250000123FB60FB6818461037BD4680BD00BF08
:10126000DC450320B84A0320E045032080B586B062
:1012700000AF786039607B683B610123FB607B686D
:10128000002B5CD03B691B6D002B03D101F01CF8D7
:1012900000BFFDE73B69DB6C3A689A4202D93B68C4
:1012A0007B6102E03B69DB6C7B613B69DB6A7A69ED
:1012B0009A4244D03B691B6DFA689A423FD1224B57
:1012C0001B683A699A4203D100F0FEFF00BFFDE7B8
:1012D0003B69DB6ABB603B697A69DA623B699B699F
:1012E000002B04DB7B69C3F138023B699A613B69DF
:1012F0005969BA6813469B0013449B00134A134470
:1013000099421CD13B6904331846FDF7B7FC3B6991
:10131000DA6A0F4B1B689A4203D93B69DB6A0C4AB5
:1013200013603B69DA6A13469B0013449B00074A2B
:101330001A443B69043319461046FDF742FC00BFCE
:101340001837BD4680BD00BFDC450320E0450320C3
:10135000B84A032080B400AF074B1B68002B04D0B1
:10136000054B1B681A6D01321A65034B1B68184642
:10137000BD465DF8047B7047DC45032080B584B032
:1013800000AF7860396000F067FE1D4B1B68D3F832
:10139000A430002B0DD11A4B1B68012283F8A82022
:1013A0003B68002B05D00121386800F07DFA00F081
:1013B00041FE00F063FE00F04FFE114B1B68D3F8B6
:1013C000A430FB60FB68002B0ED07B68002B05D09F
:1013D0000B4B1B680022C3F8A42005E0084B1B68D8
:1013E000FA68013AC3F8A420054B1B68002283F871
:1013F000A82000F043FEFB6818461037BD4680BDAC
:10140000DC45032080B586B000AFF860B9607A6033
:101410003B6000F021FE264B1B6893F8A830DBB23E
:10142000022B16D0224B1B68D3F8A410FA68D243C3
:101430000A40C3F8A4201E4B1B68012283F8A82091
:101440003B68002B05D00121386800F02DFA00F030
:10145000F1FD00F013FE00F0FFFD7B68002B05D0CE
:10146000134B1B68D3F8A4207B681A60104B1B68D1
:1014700093F8A830DBB2022B02D000237B610AE094
:101480000B4B1B68D3F8A410BA68D2430A40C3F8C8
:10149000A42001237B61064B1B68002283F8A8204F
:1014A00000F0ECFD7B6918461837BD4680BD00BFD3
:1014B000DC45032080B588B000AFF860B9603B60C0
:1014C0001346FB710123FB61FB68002B03D100F085
:1014D000FBFE00BFFDE7FB68BB6100F0BDFD3B68A4
:1014E000002B04D0BB69D3F8A4203B681A60BB6909
:1014F00093F8A830FB75BB69022283F8A820FB791A
:10150000042B2ED801A252F823F000BF7715020851
:101510002115020833150208431502084D1502086B
:10152000BB69D3F8A420BB681A43BB69C3F8A420E5
:1015300024E0BB69D3F8A4305A1CBB69C3F8A420CB
:101540001CE0BB69BA68C3F8A42017E0FB7D022B3E
:1015500004D0BB69BA68C3F8A4200FE00023FB6184
:101560000CE0BB69D3F8A430B3F1FF3F05D000F025
:10157000ABFE00BFFDE700BF00E000BFFB7D012B1D
:101580002DD1BB6904331846FDF778FBBB69DA6AD5
:10159000164B1B689A4203D9BB69DB6A134A136076
:1015A000BB69DA6A13469B0013449B00104A1A4435
:1015B000BB69043319461046FDF703FBBB699B6A00
:1015C000002B03D000F080FE00BFFDE7BB69DA6AA4
:1015D000084B1B68DB6A9A4201D900F02BFD00F032
:1015E0004DFDFB6918462037BD4680BDB84A032033
:1015F000E0450320DC45032080B588B000AFF860EB
:10160000B9603B601346FB710123FB61FB68002B53
:1016100003D100F059FE00BFFDE7FB68BB6100F09D
:1016200053FE78613B68002B04D0BB69D3F8A4203B
:101630003B681A60BB6993F8A830FB74BB6902224F
:1016400083F8A820FB79042B2DD801A252F823F0AF
:10165000BB160208651602087716020887160208EC
:1016600091160208BB69D3F8A420BB681A43BB6972
:10167000C3F8A42024E0BB69D3F8A4305A1CBB698A
:10168000C3F8A4201CE0BB69BA68C3F8A42017E023
:10169000FB7C022B04D0BB69BA68C3F8A4200FE01E
:1016A0000023FB610CE0BB69D3F8A430B3F1FF3F2A
:1016B00005D000F009FE00BFFDE700BF00E000BF5D
:1016C000FB7C012B3FD1BB699B6A002B03D000F050
:1016D000FBFD00BFFDE7204B1B68002B1DD1BB6944
:1016E00004331846FDF7CAFABB69DA6A1B4B1B685C
:1016F0009A4203D9BB69DB6A184A1360BB69DA6A8C
:1017000013469B0013449B00154A1A44BB690433DB
:1017100019461046FDF755FA05E0BB69183319461E
:101720001048FDF74EFABB69DA6A0F4B1B68DB6A9B
:101730009A4208D9BB6A002B02D0BB6A01221A6008
:101740000A4B01221A60786900F0CBFDFB6918464C
:101750002037BD4680BD00BFD84A0320B84A0320C9
:10176000E0450320704A0320DC450320C44A0320DF
:1017700080B586B000AF786039607B68002B03D1FC
:1017800000F0A2FD00BFFDE77B687B6100F09CFDDF
:1017900038617B6993F8A830FB737B69022283F878
:1017A000A8207B69D3F8A4305A1C7B69C3F8A42015
:1017B000FB7B012B3FD17B699B6A002B03D000F0A0
:1017C00083FD00BFFDE71F4B1B68002B1DD17B690C
:1017D00004331846FDF752FA7B69DA6A1A4B1B6824
:1017E0009A4203D97B69DB6A174A13607B69DA6A1C
:1017F00013469B0013449B00144A1A447B6904332C
:1018000019461046FDF7DDF905E07B6918331946E6
:101810000F48FDF7D6F97B69DA6A0E4B1B68DB6A65
:101820009A4208D93B68002B02D03B6801221A601B
:10183000094B01221A60386900F053FD00BF1837C8
:10184000BD4680BDD84A0320B84A0320E0450320A6
:10185000704A0320DC450320C44A032080B584B0CD
:1018600000AF78607B68002B02D10E4B1B6800E054
:101870007B68BB6000F0F0FBBB6893F8A830DBB27C
:10188000022B06D1BB68002283F8A8200123FB604D
:1018900001E00023FB6000F0F1FBFB681846103705
:1018A000BD4680BDDC45032080B584B000AF7860C4
:1018B0003960214B1B68FB60204B1B6804331846C2
:1018C000FDF7DCF97B68B3F1FF3F0AD13B68002BE1
:1018D00007D01A4B1B68043319461948FDF771F9F4
:1018E00026E0FA687B681344BB60144B1B68BA6837
:1018F0005A60BA68FB689A4209D2124B1A680F4BB9
:101900001B68043319461046FDF77FF910E00E4BB3
:101910001A680A4B1B68043319461046FDF775F91F
:101920000A4B1B68BA689A4202D2084ABB68136025
:1019300000BF1037BD4680BDB44A0320DC450320FC
:101940009C4A03206C4A0320684A0320D04A0320A3
:1019500080B588B004AF0023FB6000F0D3FA184BC9
:101960001B68002B20D00023BB6000237B603A461D
:10197000391D07F108031846FDF7DCF839687B6864
:10198000BA68029201930223009300230A460D498C
:101990000D48FEF7C2FA03460C4A13600B4B1B6856
:1019A000002B01D00123FB60FB68002B03D100F06A
:1019B0008BFC00BFFDE7FB6818461037BD4680BDB5
:1019C000144B0320A85D0208E91A0208184B0320F3
:1019D00080B58AB000AFF860B9607A603B600023E0
:1019E0007B62FB68002B03D100F06EFC00BFFDE7BB
:1019F000194B1B68002B2AD0BB687B617B68BB61DD
:101A0000FB68FB61BB68052B18DCFFF749FB03464D
:101A1000022B09D1104B186807F1140100233A6B0F
:101A2000FDF75CFA786212E00B4B186807F11401BD
:101A300000230022FDF752FA786208E0064B18688E
:101A400007F1140100233A68FDF715FB78627B6A01
:101A500018462837BD4680BD144B032080B586B09C
:101A600002AF786039601F4B1B68DB68DB68FB6086
:101A7000FB6804331846FDF701F9FB6893F828303A
:101A800003F00403002B1BD0FB689A697B68D11814
:101A90007B683A68F86800F0C5F80346002B18D058
:101AA0000023009300237A680021F868FFF790FF75
:101AB000B860BB68002B0CD100F006FC00BFFDE74E
:101AC000FB6893F8283023F00103DAB2FB6883F84F
:101AD0002820FB681B6AF868984700BF1037BD468E
:101AE00080BD00BF0C4B032080B584B000AF786090
:101AF00007F10803184600F051F8F860BB68194672
:101B0000F86800F005F800F0CFF800BFF0E700003B
:101B100080B584B000AF78603960FEF743FD07F10F
:101B20000803184600F05EF8F860BB68002B2AD165
:101B30003B68002B0AD17A68FB689A4206D8FEF708
:101B40003FFDF9687868FFF789FF1EE03B68002BCE
:101B500008D0104B1B681B68002B01D1012300E04B
:101B600000233B600C4B18687A68FB68D31A3A680C
:101B70001946FDF7E3FDFEF723FD0346002B04D1D4
:101B800000F058FA01E0FEF71BFD00BF1037BD461C
:101B900080BD00BF104B0320144B032080B485B0E0
:101BA00000AF78600E4B1B681B68002B01D101222F
:101BB00000E000227B681A607B681B68002B05D15F
:101BC000074B1B68DB681B68FB6001E00023FB60C0
:101BD000FB6818461437BD465DF8047B704700BFAC
:101BE0000C4B032080B584B000AF7860FEF776FD23
:101BF000F8600B4B1B68FA689A4205D200F024F992
:101C00007B6801221A6002E07B6800221A60044AA5
:101C1000FB681360FB6818461037BD4680BD00BFE7
:101C20001C4B032080B586B000AFF860B9607A60C5
:101C30003B6000237B61FB68BA685A60FB68FA6806
:101C40001A61BA687B689A4212D87A683B68D21ADD
:101C5000FB689B699A4202D301237B611BE0104B16
:101C60001A68FB68043319461046FCF7CEFF12E0F1
:101C70007A683B689A4206D2BA683B689A4202D3B5
:101C800001237B6107E0074B1A68FB6804331946A0
:101C90001046FCF7BAFF7B6918461837BD4680BD71
:101CA000104B03200C4B032080B58CB002AFB8E082
:101CB000BB68002B12DA07F1080304337B627B6AEE
:101CC000002B03D100F000FB00BFFDE77B6A1B681F
:101CD0007A6A50687A6A926811469847BB68002B06
:101CE000C0F29F803B693B623B6A5B69002B04D07A
:101CF0003B6A04331846FCF7C1FF3B1D1846FFF74B
:101D000071FFF861BB68092B00F2888001A252F8CC
:101D100023F000BF3D1D02083D1D02083D1D0208C5
:101D2000A31D0208B71D0208F31D02083D1D02088D
:101D30003D1D0208A31D0208B71D02083B6A93F867
:101D4000283043F00103DAB23B6A83F82820FA68AE
:101D50003B6A9B69D118FB68FA69386AFFF762FF32
:101D60000346002B5CD03B6A1B6A386A98473B6A83
:101D700093F8283003F00403002B51D0FA683B6A33
:101D80009B691A440023009300230021386AFFF75F
:101D90001FFEB861BB69002B42D100F095FA00BF6D
:101DA000FDE73B6A93F8283023F00103DAB23B6A7F
:101DB00083F8282035E03B6A93F8283043F001038C
:101DC000DAB23B6A83F82820FA683B6A9A613B6A78
:101DD0009B69002B03D100F077FA00BFFDE73B6A57
:101DE0009A69FB69D118FB69FA69386AFFF71AFF2B
:101DF00017E03B6A93F8283003F00203002B03D16D
:101E0000386A00F07FFB0CE03B6A93F8283023F03F
:101E10000103DAB23B6A83F8282002E000BF00E049
:101E200000BF084B1B6807F1080100221846FDF7A8
:101E300096F90346002B7FF43BAF00BF00BF283765
:101E4000BD4680BD144B032080B588B002AF41E091
:101E50002A4B1B68DB681B683B61284B1B68DB68EF
:101E6000DB68FB60FB6804331846FCF707FFFB6880
:101E70001B6AF8689847FB6893F8283003F004035E
:101E8000002B27D0FB689B693A691344BB60BA6892
:101E90003B699A420ED9FB68BA685A60FB68FA68D7
:101EA0001A61164B1A68FB68043319461046FCF792
:101EB000ACFE0FE00023009300233A690021F8688C
:101EC000FFF786FD78607B68002B03D100F0FCF9FA
:101ED00000BFFDE7094B1B681B68002BB8D1074BFF
:101EE0001B687B61064B1B68044A1360044A7B69CC
:101EF000136000BF1837BD4680BD00BF0C4B0320E8
:101F0000104B032080B582B002AF00F0A5F8154B4E
:101F10001B68002B20D11448FCF726FE1348FCF761
:101F200023FE134B104A1A60124B104A1A6000230A
:101F30000093114B114A10210A20FCF722FF03469F
:101F4000084A1360074B1B68002B05D0054B1B6824
:101F50000B491846FDF7C8FB00F090F800BFBD46DE
:101F600080BD00BF144B0320E44A0320F84A03203D
:101F70000C4B0320104B0320C04B0320204B0320AD
:101F8000B05D020880B400AF0B4B00221A600B4B0F
:101F900000221A600A4B1B680A4AA2FB03239B0912
:101FA000094A013B1360044B07221A6000BFBD467B
:101FB0005DF8047B704700BF10E000E018E000E02F
:101FC000B8040320D34D621014E000E080B582B065
:101FD00000AF00237B600A4B1B68B3F1FF3F03D0C7
:101FE00000F072F900BFFDE700F06EF900BF7B68FA
:101FF000002BFCD000BF00BF0837BD4680BD00BF2E
:102000008C05032080B400AF084B1B68074A43F4DB
:1020100070031360064B1B68054A43F0404313608E
:1020200000BFBD465DF8047B704700BF88ED00E04F
:1020300034EF00E080B400AF064B4FF080521A60DE
:10204000BFF34F8FBFF36F8F00BFBD465DF8047BBA
:10205000704700BF04ED00E080B500AF00F034F938
:10206000054B1B680133044A1360BFF34F8FBFF366
:102070006F8F00BF80BD00BF8C05032080B500AF0F
:102080000A4B1B68002B03D100F01EF900BFFDE7CF
:10209000064B1B68013B054A1360044B1B68002B71
:1020A00002D1002000F01DF900BF80BD8C05032087
:1020B00080B582B000AF00F007F97860FEF7BAFB98
:1020C0000346002B03D0054B4FF080521A6078680E
:1020D00000F007F900BF0837BD4680BD04ED00E001
:1020E00080B584B000AF78607B689B69FB60FB685B
:1020F000023B1B78FB72FB7A022B04D1FFF782FFB5
:1021000000F0B6F803E000F0DFF800BFFDE700BF25
:102110001037BD4680BD000080B485B000AFF860C8
:10212000B9607A603B60FB68043BFB60FB684FF082
:1021300080721A60FB68043BFB607A68FB681A6077
:10214000FB68043BFB60384AFB681A60FB68043B91
:10215000FB60FB684FF012321A60FB68043BFB60C7
:10216000FB684FF003321A60FB68043BFB60FB68BE
:102170004FF002321A60FB68043BFB60FB684FF0D3
:1021800001321A60FB68043BFB603A68FB681A6026
:10219000FB68043BFB60FB684FF011321A60FB6880
:1021A000043BFB60FB684FF010321A60FB68043B95
:1021B000FB60FB684FF009321A60FB68043BFB6070
:1021C000FB684FF008321A60FB68043BFB60FB6859
:1021D0004FF007321A60FB68043BFB60FB684FF06E
:1021E00006321A60FB68043BFB60FB684FF0053267
:1021F0001A60FB68043BFB60FB684FF004321A6016
:10220000FB68043BFB60FB686FF043021A60FB68ED
:10221000043BFB60BA68FB681A60FB681846143719
:10222000BD465DF8047B7047CD1F020880B500AF46
:102230000C4B1B680B4A43F47F031360094B1B686C
:10224000084A43F07F431360FFF79CFE064B0022D1
:102250001A6000F025F8FEF79FFBFFF7B7FE00239A
:10226000184680BD20ED00E08C0503200000000032
:10227000074A1168086806C881F30B88022181F3B8
:102280001488203080F30988BFF36F8F104700BF98
:10229000DC45032000BF00BF00000000000000007C
:1022A00007480068006880F3088862B661B6BFF32B
:1022B0004F8FBFF36F8F02DF00BF00BFAFF300800F
:1022C00008ED00E000BF00BFEFF311804FF0A00168
:1022D00081F31188BFF34F8FBFF36F8F704700BF3B
:1022E000184680F31188BFF34F8FBFF36F8F70478D
:1022F00000BF00000000000000000000000000001F
:10230000EFF309801EF0100F08BF20ED108AEFF3E5
:102310000B82734620E9FC0F114A116808604FF0E8
:10232000A00080F31188BFF34F8FBFF36F8FFEF7CC
:1023300033FB4FF0000080F31188094A11680868E8
:10234000B0E8FC0F13F0100F08BFB0EC108A82F356
:102350000B8880F309881847AFF30080AFF3008043
:10236000DC45032000BF00BF0000000000000000AB
:102370001EF0040F0CBFEFF30880EFF3098004494F
:10238000084700BFAFF30080AFF30080AFF30080D9
:10239000E120020800BF00BF80B586B000AF7860C2
:1023A0000023FB60FEF7FEF8504B1B68002B01D1A9
:1023B00000F0FCF84E4B1A687B681340002B40F08D
:1023C00085807B68002B16D008227B6813447B60D5
:1023D0007B6803F00703002B0DD07B6823F0070315
:1023E00008337B607B6803F00703002B03D0FFF703
:1023F0006BFF00BFFDE77B68002B67D03D4B1B6880
:102400007A689A4262D83C4B3B613B4B1B687B61CC
:1024100004E07B693B617B691B687B617B695B686E
:102420007A689A4203D97B691B68002BF1D12F4B44
:102430001B687A699A4249D03B691B680822134499
:10244000FB607B691A683B691A607B695A687B6824
:10245000D21A08235B009A4218D97A697B68134420
:10246000BB60BB6803F00703002B03D0FFF72CFF12
:1024700000BFFDE77B695A687B68D21ABB685A6067
:102480007B697A685A60B86800F0F2F8194B1A68EC
:102490007B695B68D31A174A1360164B1A68174B8F
:1024A0001B689A4203D2134B1B68144A13607B6962
:1024B0005A680F4B1B681A437B695A607B6900227C
:1024C0001A600F4B1B6801330D4A1360FEF778F852
:1024D000FB6803F00703002B03D0FFF7F5FE00BFF6
:1024E000FDE7FB6818461837BD4680BD1864032019
:1024F0002C6403201C640320106403202064032048
:102500002464032080B584B000AF78607B68FB60F2
:102510007B68002B3FD008235B42FA681344FB60C2
:10252000FB68BB60BB685A681D4B1B681340002BDF
:1025300003D1FFF7C9FE00BFFDE7BB681B68002B96
:1025400003D0FFF7C1FE00BFFDE7BB685A68144B1C
:102550001B681340002B1ED0BB681B68002B1AD1D0
:10256000BB685A680E4B1B68DB431A40BB685A6055
:10257000FEF718F8BB685A680A4B1B681344094AEF
:102580001360B86800F074F8074B1B680133064A03
:102590001360FEF715F800BF1037BD4680BD00BFC1
:1025A0002C6403201C6403202864032080B485B0BD
:1025B00000AF4FF4C053BB60274BFB60FB6803F0D8
:1025C0000703002B0CD0FB680733FB60FB6823F08C
:1025D0000703FB60BA68FB68D31A1F4A1344BB6049
:1025E000FB687B601D4A7B6813601C4B00225A60AD
:1025F0007B68BA681344FB600822FB689B1AFB6087
:10260000FB6823F00703FB60FB68154A1360144B5B
:102610001B6800225A60124B1B6800221A607B68FC
:102620003B603B68FA68D21A3B685A600C4B1A68E8
:102630003B681A603B685B680A4A13603B685B68EA
:10264000094A1360094B4FF000421A6000BF14376B
:10265000BD465DF8047B7047104C032010640320D6
:1026600018640320206403201C6403202C640320CE
:1026700080B485B000AF7860284BFB6002E0FB6857
:102680001B68FB60FB681B687A689A42F7D8FB6896
:10269000BB60FB685B68BA6813447A689A4208D1E9
:1026A000FB685A687B685B681A44FB685A60FB6881
:1026B0007B607B68BB607B685B68BA681A44FB68B8
:1026C0001B689A4218D1FB681A68154B1B689A421E
:1026D0000DD07B685A68FB681B685B681A447B688E
:1026E0005A60FB681B681A687B681A6008E00C4B2C
:1026F0001A687B681A6003E0FB681A687B681A60D6
:10270000FA687B689A4202D0FB687A681A6000BF58
:102710001437BD465DF8047B704700BF106403208A
:102720001864032080B500AF012213491348FAF75B
:1027300087FF0346002B01D0DFF71CF910490F4833
:10274000FAF7B6FF0346002B01D0DFF713F900229A
:102750000C490A48FAF786FE0346002B01D0DFF742
:1027600009F90648FAF7CBFF0346002B01D0DFF743
:1027700001F900BF80BD00BFA40503203064032021
:10278000500503209005032080B485B000AFF860A9
:10279000B9607A60074AFB681360074ABB68136038
:1027A000064A7B68136000BF1437BD465DF8047BA2
:1027B000704700BF086703200C67032010670320E1
:1027C00080B483B000AF0A4BD3F8BC327B607B6827
:1027D000002B04D07B68D3F83432002B01D00123C6
:1027E00000E0002318460C37BD465DF8047B7047B7
:1027F0003064032080B500AF00234FF40062064927
:102800000648FAF747FE002205490448FAF765FE34
:102810000023184680BD00BFB45502203064032059
:10282000B44D022080B400AF00231846BD465DF8C9
:10283000047B704780B582B000AF03463960FB71FE
:102840001346BB80FB79232B00F2B28001A252F821
:1028500023F000BFB1290208B1290208B1290208FA
:10286000B1290208B1290208B1290208B1290208D8
:10287000B1290208B1290208B1290208B1290208C8
:10288000B1290208B1290208B1290208B1290208B8
:10289000B1290208B1290208B1290208B1290208A8
:1028A000B1290208B1290208B1290208B129020898
:1028B000B1290208B1290208B1290208B129020888
:1028C000B1290208B1290208B1290208B129020878
:1028D000B1290208E5280208292902087D290208F1
:1028E000B12902083B681B781A463B6801331B7804
:1028F0001B021A433B6802331B781B041A433B68D4
:1029000003331B781B0613431A462D4B1A603B6892
:102910001A792B4B1A713B685A79294B5A713B68CB
:102920009A79274B9A7146E0254B1B68DAB23B68CF
:102930001A70234B1B681A0A3B680133D2B21A7013
:102940001F4B1B681A0C3B680233D2B21A701C4B27
:102950001B681A0E3B680333D2B21A703B6804330B
:10296000174A12791A703B680533154A52791A7062
:102970003B680633124A92791A701CE03B685B8808
:1029800003F00103002B09D00E4B1B68002B11D064
:102990000C4B1B6800210C4898470BE00B4B1B6845
:1029A000002B07D0094B1B6800210748984701E01E
:1029B00000BF00E000BF002318460837BD4680BDB9
:1029C000186703203438032030640320383803208C
:1029D00080B584B000AF786039600023BB6000230D
:1029E000FB607CE0454B1B8842F2020293420BD90C
:1029F000424B00221A80424B1B68002B6CD0404B8C
:102A00001B684048984767E07A68FB6813441B7866
:102A10000A2B61D07A68FB6813441B78002B5BD0CB
:102A20007A68FB6813441B780D2B0ED07A68FB681C
:102A30001344324A12881978334B99542F4B1B8810
:102A400001339AB22D4B1A8046E02C4B1B88002B89
:102A50003FD02A4B1B8842F20302934239D82B4BBA
:102A60001B68002B35D0294B1B68186800230222F5
:102A70002249FDF700F80346022B05D0244B9B6842
:102A80000133234A936024E0204B1B6818681B4BDA
:102A90001B881A4600231C49FCF7EDFF0346174A22
:102AA0001288934205D01A4B9B680133184A9360F1
:102AB0000FE0184B1B681B6807F108021146184607
:102AC000FEF756FEBB68002B03D0134B4FF080522D
:102AD0001A600A4B00221A80FB680133FB603B68D6
:102AE0001B68FA689A42FFF47DAF04210548FAF7A3
:102AF00075FD002318461037BD4680BD14670320BE
:102B00003038032030640320B45D022008670320BE
:102B1000980103200C67032004ED00E080B584B029
:102B200000AF78600B467B800023FB73FFF748FE05
:102B30000346002B01D001230CE07A88002379683A
:102B40000648FAF7A7FC00210448FAF7E4FC03461C
:102B5000FB73FB7B18461037BD4680BD30640320F5
:102B600080B586B000AFF860B9601346FB710023F2
:102B7000FB750E4B1B68002B11D000233B610B4BE8
:102B80001B681B6807F1100211461846FEF7F0FD9E
:102B90003B69002B03D0064B4FF080521A6097F927
:102BA000173018461837BD4680BD00BF1067032098
:102BB00004ED00E080B483B000AF03463960FB71E0
:102BC0003B6812221A80034B18460C37BD465DF84D
:102BD000047B7047C005032080B483B000AF034678
:102BE0003960FB713B6804221A80034B18460C378E
:102BF000BD465DF8047B7047D405032080B582B0E4
:102C000000AF03463960FB71FB79002B05D13A68B0
:102C100007490848FBF757FD04E03A6804490548AE
:102C2000FBF751FD024B18460837BD4680BD00BF7B
:102C300020670320B85D020880B582B000AF03466C
:102C40003960FB713A6804490448FBF73CFD024BCC
:102C500018460837BD4680BD20670320D45D0208B2
:102C600080B582B000AF03463960FB713B681A2221
:102C70001A8000F043F8024B18460837BD4680BD65
:102C8000D805032080B582B000AF03463960FB71E0
:102C9000FB79002B05D13A6807490848FBF713FD7B
:102CA00004E03A6804490548FBF70DFD024B18465D
:102CB0000837BD4680BD00BF20670320F05D0208D5
:102CC00080B582B000AF03463960FB71FB79002B01
:102CD00005D13A6807490848FBF7F5FC04E03A6873
:102CE00004490548FBF7EFFC024B18460837BD4680
:102CF00080BD00BF20670320FC5D020880B584B062
:102D000000AF0F4B1B68FB600E4B1B68BB600E4B8C
:102D10001B687B60FA687B681344FB60FB68002BD0
:102D200009D008220949F86800F014F8042208497B
:102D3000B86800F00FF800BF1037BD4680BD00BF77
:102D40009005FA0B9405FA0B9805FA0BDA050320A7
:102D5000EA05032080B487B000AFF860B96013467D
:102D6000FB710023FB750023FB7527E0FB681B0F3D
:102D7000092B0BD8FB681B0FDAB2FB7D5B001946F1
:102D8000BB680B443032D2B21A700AE0FB681B0FEA
:102D9000DAB2FB7D5B001946BB680B443732D2B216
:102DA0001A70FB681B01FB60FB7D5B000133BA6896
:102DB000134400221A70FB7D0133FB75FA7DFB7909
:102DC0009A42D3D300BF00BF1C37BD465DF8047BD9
:102DD000704780B584B000AF78607B68D3F8D83294
:102DE000FB60FB6803F2AA227B6803F52673194691
:102DF0001046FBF71DFC7B68D3F8D8227B6803F5EF
:102E0000267319461046FAF7C5FC00BF1037BD46B9
:102E100080BD80B582B000AF78600B46FB707B68E8
:102E2000D3F8D802FA78796813469B001344DB0084
:102E30000B4403F5B2731A68FB781946FAF711FDD3
:102E400000BF0837BD4680BD80B582B000AF786056
:102E50000B46FB707B68D3F8D802FA787968134682
:102E60009B001344DB000B4424331A68FB7819469B
:102E7000FAF75AFD00BF0837BD4680BD80B582B065
:102E800000AF78607B68D3F8D8321846FAF76EFE48
:102E900000BF0837BD4680BD80B584B000AF786004
:102EA0000123FB737B685B79022B01D0DEF762FDA7
:102EB0007B68D3F8D832FA7B11461846FAF718FE29
:102EC0007B68D3F8D8321846FAF7C4FD00BF103734
:102ED000BD4680BD80B582B000AF78607B68D3F816
:102EE000D8321846FAF714FE7B685B7A002B05D0BF
:102EF000044B1B69034A43F00603136100BF083704
:102F0000BD4680BD00ED00E080B582B000AF7860C6
:102F10007B685B7A002B07D0084B1B69074A23F0BC
:102F20000603136100F0EAF97B68D3F8D83218463B
:102F3000FAF704FE00BF0837BD4680BD00ED00E093
:102F400080B584B000AF78603F4A7B68C2F8D83261
:102F50007B683D4AC3F8CC22F1F796FA3A4B3B4ADC
:102F60001A60394B05221A71374B02225A71364BBF
:102F70000222DA71344B00221A72334B00225A7249
:102F8000314B00229A72304B0022DA722E48EFF752
:102F9000D1FC0346002B01D0DEF7ECFC2A4B1B7959
:102FA000DB00FB607B68D3F8CC02FB6800220021C9
:102FB000F1F786F9FB682033FB607B68D3F8CC021D
:102FC000FB6800228021F1F77BF9FB682033FB606E
:102FD0007B68D3F8CC02FB6800228421F1F770F9FA
:102FE000FB682033FB607B68D3F8CC02FB680022CF
:102FF0000421F1F765F9FB682033FB607B68D3F8A7
:10300000CC02FB6800228321F1F75AF9FB680433F4
:10301000FB607B68D3F8CC02FB6800228121F1F7CA
:103020004FF9FB682033FB607B68D3F8CC02FB6868
:1030300000220221F1F744F9FB684033FB600023D2
:1030400018461037BD4680BDB80B032000D40040A1
:1030500080B584B000AF78600023FB730023BB739E
:103060007B68D3F8CC321846EFF732FD0346FB738A
:10307000FB7B184600F048F90346BB73BB7B184640
:103080001037BD4680BD80B584B000AF786008467B
:1030900011461A460346FB700B46BB7013463B8035
:1030A0000023FB730023BB737B68D3F8CC02BB788F
:1030B0003A88F978EFF779FE0346FB73FB7B1846F5
:1030C00000F022F90346BB73BB7B18461037BD46A0
:1030D00080BD80B584B000AF78600B46FB700023E4
:1030E000FB730023BB737B68D3F8CC32FA781146AC
:1030F0001846EFF7B7FE0346FB73FB7B184600F05C
:1031000003F90346BB73BB7B18461037BD4680BD31
:1031100080B584B000AF78600B46FB700023FB7372
:103120000023BB737B68D3F8CC32FA78114618467B
:10313000EFF760FF0346FB73FB7B184600F0E4F8F3
:103140000346BB73BB7B18461037BD4680BD80B5B8
:1031500084B000AF78600B46FB700023FB73002344
:10316000BB737B68D3F8CC32FA7811461846EFF778
:1031700093FF0346FB73FB7B184600F0C5F803463C
:10318000BB73BB7B18461037BD4680BD80B485B08D
:1031900000AF78600B46FB707B68D3F8CC32FB60E5
:1031A00097F90330002B0BDAFB7803F07F02F96804
:1031B00013469B001344DB000B4412331B780BE0D7
:1031C000FB7803F07F02F96813469B001344DB0091
:1031D0000B4403F5A9731B7818461437BD465DF8F8
:1031E000047B704780B584B000AF78600B46FB70FD
:1031F0000023FB730023BB737B68D3F8CC32FA78CF
:1032000011461846EFF7ADFD0346FB73FB7B1846EE
:1032100000F07AF80346BB73BB7B18461037BD46F7
:1032200080BD80B586B000AFF8607A603B600B4629
:10323000FB720023FB750023BB75FB68D3F8CC023F
:10324000F97A3B687A68EFF79EFE0346FB75FB7DD3
:10325000184600F059F80346BB75BB7D1846183771
:10326000BD4680BD80B586B000AFF8607A603B6037
:103270000B46FB720023FB750023BB75FB68D3F87C
:10328000CC02F97A3B687A68EFF734FE0346FB75A7
:10329000FB7D184600F038F80346BB75BB7D184629
:1032A0001837BD4680BD80B582B000AF78600B4650
:1032B000FB707B68D3F8CC32FA7811461846EFF7EA
:1032C0004AFE034618460837BD4680BD80B483B029
:1032D00000AF7860034B18460C37BD465DF8047BA1
:1032E000704700BF2069032080B483B000AF7860CE
:1032F00000BF0C37BD465DF8047B704780B500AF5A
:10330000DDF70EFB00BF80BD80B485B000AF034683
:10331000FB710023FB73FB79032B17D801A252F832
:1033200023F000BF353302083B3302084133020863
:10333000473302080023FB730BE00323FB7308E011
:103340000123FB7305E00323FB7302E00323FB73FC
:1033500000BFFB7B18461437BD465DF8047B704701
:10336000024B0146186800F02DB800BF000603208C
:10337000024B0146186800F051BB00BF0006032055
:1033800070B50F4E0C460546316811B900F0C4FA0D
:1033900030602146284600F0BFFA431C03D14FF0AD
:1033A000FF34204670BDC41C24F00304A042F8D0B2
:1033B000211A284600F0B0FA0130F2D1EFE700BF41
:1033C000746B03202DE9F843CD1C064625F0030558
:1033D00008350C2D38BF0C25002D01DBA94204D97E
:1033E0000C2333600020BDE8F883DFF8D48000F0C0
:1033F00069F8D8F800301C4644BB29463046FFF730
:10340000BFFF431C044658D1D8F800402746002F80
:1034100043D1002C4BD023683946304604EB0309D6
:1034200000F07AFA814542D1216830466D1A29466A
:10343000FFF7A6FF01303AD023682B442360D8F869
:1034400000305A6862BBC8F800700FE02268521B57
:1034500020D40B2A17D96119A342256018BF5960DF
:10346000636808BFC8F8001062514B60304600F036
:103470002FF804F10B00231D20F00700C21A1CBF17
:103480001B1AA350AFE76268A3420CBFC8F8002024
:103490005A60EBE723466468AEE73C467F68B6E7D0
:1034A0001A465B68A342FBD100235360DEE70C237E
:1034B0003046336000F00CF894E70560D6E700BFB3
:1034C000786B0320014800F074BA00BFBC6C032085
:1034D000014800F06FBA00BFBC6C0320002310B598
:1034E00004468360818119464366C2810822836154
:1034F000C0E90033C0E904335C3000F004F90D4B3F
:10350000246263620C4BA3620C4BE3620C4B23639B
:103510000C4B9C4206D003F16802944202D0D03397
:103520009C4205D104F15800BDE8104000F040BABB
:1035300010BD00BF6136020883360208BB360208A0
:10354000DF3602087C6B0320024A0349034800F07F
:1035500069B800BFF4050320D93E02080406032021
:1035600041680C4B994210B5044601D000F0B4FC00
:10357000A168094B994202D0204600F0ADFCE168F9
:10358000064B994204D02046BDE8104000F0A4BC90
:1035900010BD00BF7C6B0320E46B03204C6C032048
:1035A00010B50B4B04210B4C0B4A20461A6000222D
:1035B000FFF794FF04F1680001220921FFF78EFF55
:1035C00004F1D00002221221BDE81040FFF786BFAF
:1035D000B46C03207C6B032049350208014800F0DD
:1035E000E8B900BFBD6C0320014800F0E3B900BF9B
:1035F000BD6C032010B50446FFF7F0FF236A1BB132
:10360000BDE81040FFF7F0BF044B2362044B1B687A
:10361000002BF5D1FFF7C4FFF2E700BF61350208C8
:10362000B46C03202DE9F84307468846144600266B
:10363000D4E90195B9F1010905D52468002CF7D129
:103640003046BDE8F883AB89012B07D9B5F90E30B8
:10365000013303D029463846C04706436835E9E7B9
:1036600010B50C46B1F90E1000F044F90028ABBFBC
:10367000636DA3891B1823F48053ACBF6365A381DA
:1036800010BD2DE9F0411F468B8905460C46DB0530
:10369000164605D502230022B1F90E1000F018F9E4
:1036A000A3893246B4F90E10284623F48053A3812F
:1036B0003B46BDE8F04100F03FB910B50C46B1F90A
:1036C0000E1000F005F9431CA38915BF606523F4B3
:1036D000805343F48053A38118BFA38110BDB1F977
:1036E0000E1000F087B80139024410B5904201D1A4
:1036F000002005E0037811F8014FA34201D0181B08
:1037000010BD0130F2E702440346934200D17047F6
:1037100003F8011BF9E710B56AB10139841810F8F4
:10372000012B11F8013F9A4203D1A04201D0002A97
:10373000F5D1D01A10BD1046FCE70000164B2DE95C
:10374000F0411F6805460E467C6CECB95020FFF72F
:1037500007FE0246786420B9104B5B21104800F048
:103760003FF9C0E90044C0E90244C0E9044484616F
:1037700004774462C0E90A44C0E90C44C0E90E443D
:10378000C0E91044C0E912447A6C3146284601234E
:10379000BDE8F04100F006B800060320EC910208F5
:1037A00003920208F0B5044608B9146844B12046F3
:1037B0000F4614F8015B17F8016B1EB965B9156067
:1037C000002005E0B542F6D1002BF0D11460037063
:1037D000F0BD1C460CE01DB927460E4614F8013B0F
:1037E00016F8015BAB42F6D1002BF2D000233B7000
:1037F0001460EDE738B50023054D044608462B60FC
:10380000EBF722FB431C02D12B6803B1236038BDC8
:10381000B86C03202D4B1B68834270B5044653D00F
:10382000C3691BB3DB6863B10025E369DB685959E1
:10383000B1B90435802DF8D1E3692046D96800F08C
:10384000EDF8E369196811B1204600F0E7F8E36983
:103850009D685DB1294620462D6800F0DFF8F8E745
:103860000E68204600F0DAF83146E1E7616911B1EF
:10387000204600F0D3F8E16911B1204600F0CEF8FF
:10388000216B11B1204600F0C9F8616B11B12046DF
:1038900000F0C4F8A16B11B1204600F0BFF8A16C94
:1038A00011B1204600F0BAF8616C11B1204600F069
:1038B000B5F8E16A11B1204600F0B0F8236A1BB1F7
:1038C0002046BDE87040184770BD00BF00060320C9
:1038D00038B50446064D0846114600222A601A46AD
:1038E000EBF7D9FA431C02D12B6803B1236038BD32
:1038F000B86C032038B50446064D08461146002230
:103900002A601A46EBF767FA431C02D12B6803B111
:10391000236038BDB86C032038B50023054D04463C
:1039200008462B60EBF7C4FA431C02D12B6803B1A5
:10393000236038BDB86C032038B50446064D0846F0
:10394000114600222A601A46EBF762FA431C02D1A4
:103950002B6803B1236038BDB86C0320014B186895
:10396000704700BF0006032070B50D4D00260D4CBA
:10397000641BA410A64209D10B4D00260B4C00F08D
:1039800097FD641BA410A64205D170BD55F8043BF9
:1039900001369847EEE755F8043B01369847F2E7C1
:1039A000D4920208D4920208D4920208D892020853
:1039B000704770477047034611F8012B03F8012B3D
:1039C000002AF9D170470A44431E914200D1704742
:1039D00010B511F8014B914203F8014FF9D110BD18
:1039E0001FB514461A46094B05461B68D8684CB1EA
:1039F000074B00910749CDE901342B4600F094FABA
:103A000000F0B2FA044B1C46F3E700BF00060320A7
:103A10005D9202086A9202089892020838B505463B
:103A2000002941D051F8043C0C1F002BB8BFE4180A
:103A3000FFF748FD1D4A136833B9636014602846D8
:103A4000BDE83840FFF744BDA34208D920682118DB
:103A50008B4201BF19685B6809182160EDE71A46BF
:103A60005B680BB1A342FAD911685018A0420BD180
:103A700020680144501811608342E0D118685B68E7
:103A8000084453601060DAE702D90C232B60D6E7B4
:103A9000206821188B4202BF19685B6809186360AF
:103AA00008BF21605460CAE738BD00BF786B0320AF
:103AB0002DE9F047164698468A6807460B690C467A
:103AC000DDF820909342B8BF1346336091F843204D
:103AD0000AB1013333602368990642BF3368023369
:103AE0003360256815F0060506D104F1190AE3686C
:103AF00032689B1AAB422BDC94F843302268003BBF
:103B000018BF0123920630D404F1430241463846DF
:103B1000C847013023D023681A3454F80A2C03F024
:103B20000603042B0ABF54F80E5C002533684FF0DF
:103B3000000608BFED1A54F8123C08BF25EAE575E7
:103B40009342C4BF9B1AED18B5421AD1002008E079
:103B50000123524641463846C847013003D14FF051
:103B6000FF30BDE8F0870135C1E7E1185A1C30206D
:103B70000233224481F8430094F8451082F8431040
:103B8000C2E70123224641463846C8470130E6D005
:103B90000136D9E72DE9FF470F7E914680460C4656
:103BA000782F9A460C9E01F1430207D8622F0AD85B
:103BB000002F00F0D180582F00F0B88004F14206A9
:103BC00084F842703AE0A7F16303152BF6D801A1FF
:103BD00051F823F02D3C0208413C0208BD3B02088D
:103BE000BD3B0208BD3B0208BD3B0208413C020848
:103BF000BD3B0208BD3B0208BD3B0208BD3B0208BD
:103C00003F3D02086B3C0208F93C0208BD3B02083C
:103C1000BD3B0208613D0208BD3B02086B3C020847
:103C2000BD3B0208BD3B0208013D020833681A1D76
:103C30001B68326004F1420684F8423001239CE0A4
:103C400033682068191D3160060601D51D6803E040
:103C50004506FBD5B3F90050002D03DA2D236D4244
:103C600084F8433058480A2311E021683368080675
:103C700053F8045B02D4490648BFADB26F2F3360DE
:103C8000514814BF0A230823002184F843106668B2
:103C9000002EA66005DB21682E4321F0040121607F
:103CA0004BD01646B5FBF3F103FB1157C75D06F881
:103CB000017D2F460D46BB42F4D9082B0BD123685A
:103CC000DF0708D5236961689942DEBF302306F813
:103CD000013C06F1FF36921B22614B4603AA2146A6
:103CE0004046CDF800A0FFF7E3FE01304AD14FF087
:103CF000FF3004B0BDE8F087236843F02003236061
:103D000078273248236884F845701F06316851F8D7
:103D1000045B02D45F0648BFADB23160D90744BF2F
:103D200043F0200323601DB11023ADE72648E9E7E7
:103D3000236823F020032360F6E71646BDE73368C7
:103D40002568181D616930602E061B6801D5196051
:103D500002E06806FBD51980002316462361BCE704
:103D6000336800211A1D32601E686268304600F018
:103D7000EDF808B1801B606063682361002384F85C
:103D80004330AAE72369324649464046D0470130CE
:103D9000ADD023689B0713D4E068039B9842B8BF5B
:103DA0001846A6E70123324649464046D04701302F
:103DB0009DD00135E36803995B1AAB42F2DCEBE777
:103DC000002504F11906F5E799920208AA92020863
:103DD000B1F90C202DE9F041160705460C4654D4E4
:103DE0004B68002B02DC0B6C002B48DDE66A002ED2
:103DF00045D0002312F480522F68216A2B6030D006
:103E0000626DA389590705D56368D21A636B0BB13C
:103E1000236CD21A0023E66A216A2846B047431C65
:103E2000A38906D129681D292BD82A4ACA40D6075A
:103E300027D50022D90462602269226004D5421C81
:103E400001D12B6803B96065616B2F60B9B104F1D2
:103E50004403994202D02846FFF7E0FD0023636344
:103E60000DE001232846B0470246501CC9D12B68FB
:103E7000002BC6D01D2B01D0162B1DD12F6000208A
:103E800021E043F040031BB21AE00F69002FF6D087
:103E900093070E680F600CBF4B690023A6EB070861
:103EA0008B60B8F1000FEADD43463A46216A2846A6
:103EB000A66AB047002808DCB4F90C3043F0400390
:103EC0004FF0FF30A381BDE8F0810744A8EB000864
:103ED000E7E700BF0100402038B50B6905460C46F6
:103EE00013B90025284638BD18B1036A0BB9FFF78E
:103EF00081FBB4F90C30002BF3D0626ED00704D4F0
:103F0000990502D4A06DFFF754FD28462146FFF71E
:103F10005FFF636E0546DA07E4D4A3899B05E1D40D
:103F2000A06DFFF747FDDDE70EB403B503AB014617
:103F3000054853F8042B0068019300F045F802B0DF
:103F40005DF804EB03B0704700060320C9B20346D6
:103F5000024410B59342184601D1002003E00478D2
:103F600001338C42F6D110BD062008B500F000FAEE
:103F70000120EAF725FF9368013B002B10B4936002
:103F800008DA9469A34201DB0A2903D15DF8044BE6
:103F900000F032B91368581C1060084619705DF8BB
:103FA000044B7047F8B506460F461446D518AC4288
:103FB00001D1002007E03A4614F8011B3046FFF714
:103FC000DAFF431CF3D1F8BD2DE9F04F0D469DB04B
:103FD00014469846064618B1036A0BB9FFF70AFB68
:103FE0006B6ED90705D4AB899A0502D4A86DFFF78B
:103FF000E0FCAB891B0701D52B699BB929463046EC
:1040000000F038F970B16B6EDC0704D54FF0FF306B
:104010001DB0BDE8F08FAB899805F7D4A86DFFF708
:10402000C9FCF3E70023CDF80C804FF00109DFF85D
:10403000B481099320238DF8293030238DF82A305C
:1040400023469A4613F8012B0AB1252AF9D1BAEB77
:10405000040B0BD05B46224629463046FFF7A2FFF1
:10406000013000F0A780099A5A4409929AF800306A
:10407000002B00F09F8000234FF0FF320AF1010A6D
:10408000049307938DF853301A93CDE905235446D2
:104090000522544814F8011BFFF758FF049AD8B9B9
:1040A000D10644BF20238DF85330130744BF2B2380
:1040B0008DF853309AF800302A2B15D0079A5446C1
:1040C00000204FF00A0C214611F8013B303B092B30
:1040D0004BD9B0B1079214E0A0EB0803A24609FA4D
:1040E00003F313430493D2E7039B191D1B68002BB2
:1040F0000391BBBF5B4242F0020207930793B8BF34
:10410000049223782E2B0AD163782A2B32D1039B79
:1041100002341A1D1B6843EAE37303920593DFF828
:10412000D4A0032221785046FFF710FF38B1A0EB4E
:104130000A004022049B013482401343049314F884
:10414000011B062228488DF82810FFF7FFFE0028E3
:104150003FD0264B1BBB039B073323F007030833D9
:104160000393099B3B4409936AE70CFB02320C461C
:104170000120A8E7002301344FF00A0C19460593EB
:10418000204610F8012B303A092A03D9002BC6D05B
:104190000591C4E70CFB012104460123F0E703ABC2
:1041A0002A4604A930460093114BAFF3008007461E
:1041B000781CD6D16B6ED90705D4AB899A0502D489
:1041C000A86DFFF7F7FBAB895B063FF51FAF0998BA
:1041D0001EE703AB2A4604A930460093044BFFF7C1
:1041E000D9FCE4E7BB920208C59202080000000077
:1041F000A53F0208C1920208F8B50E4614460546CE
:1042000018B1036A0BB9FFF7F5F9A369A360A38995
:104210001A0701D5236943B92146284600F02AF838
:1042200018B14FF0FF373846F8BD2368F6B222695F
:104230003746981A6369834205DC21462846FFF712
:104240004BFE0028EDD1A368013BA36023685A1CF4
:1042500022601E70431C62699A4204D0A389DB0766
:10426000E1D50A2EDFD121462846FFF735FE00288A
:10427000D9D0D6E738B5294B05460C46186818B191
:10428000036A0BB9FFF7B6F9B4F90C30190722D459
:10429000DA0607D409222A6043F040034FF0FF30CA
:1042A000A38133E0580712D5616B41B104F1440397
:1042B000994202D02846FFF7B1FB00236363A3892C
:1042C00023F02403A3810023636023692360A3896F
:1042D00043F00803A38123694BB9A38903F4207336
:1042E000B3F5007F03D02146284600F082F8B4F9E8
:1042F0000C3013F001020AD00022A260626952421F
:10430000A261226942B913F08000C5D138BD990776
:1043100058BF6269A260F4E70020F7E700060320B7
:104320001F2938B505460C4604D9162303604FF003
:10433000FF3038BDC26B12B152F821304BB928465C
:1043400000F030F8224601462846BDE8384000F02B
:1043500017B8012B0AD0591C03D116230360012082
:10436000E7E70021204642F8241098470020E0E7C4
:10437000024B01461868FFF7D3BF00BF00060320B9
:1043800038B50023064D0446084611462B60EAF76F
:1043900007FD431C02D12B6803B1236038BD00BF69
:1043A000B86C0320EAF7F4BC70B50C46B1F90E10F6
:1043B00096B0154600291E460CDAA389002113F099
:1043C000800F14BF40234FF48063002031602B60C6
:1043D00016B070BD6A4600F049F80028EDDB01997F
:1043E00001F47041A1F50053594259414FF48063E3
:1043F000EBE78B89F7B59D0706460C4607D504F118
:104400004703236023610123636103B0F0BD01AB67
:104410006A46FFF7C9FF009F054630463946FEF75A
:10442000D1FF48B9B4F90C309A05EED423F0030358
:1044300043F00203A381E2E7A389206043F08003F5
:10444000A381019BC4E904075BB1B4F90E103046A7
:1044500000F01EF828B1A38923F0030343F0010301
:10446000A381A3891D43A581CFE7000038B50023B0
:10447000064D0446084611462B60EAF7F1FC431C42
:1044800002D12B6803B1236038BD00BFB86C032094
:1044900038B50023054D044608462B60EAF7F0FCCA
:1044A000431C02D12B6803B1236038BDB86C0320D4
:1044B000F8B500BFF8BC08BC9E467047F8B500BF11
:1044C000F8BC08BC9E4670475FF800F05106032018
:1044D00052414D4E5F5265636569766555534200A2
:1044E00052414D4E5F5265636569766543414E00AA
:1044F00052414D4E5F53656E6443414E00000000D3
:1045000052414D4E5F506572696F646963000000EF
:1045100052414D4E5F4572726F725461736B000071
:1045200052414D4E5F4469616752580052414D4EB1
:104530005F4469616754580052414D4E5F53656E48
:10454000645553420000000052414D4E5F52785472
:1045500061736B320000000052414D4E5F5478543D
:1045600061736B32000000004572726F72207072CE
:104570006F63657373696E67205553422042756699
:104580006665722E0D00000007000000436F6D6D20
:10459000616E6420746F6F206C6F6E672E0D00006B
:1045A0000D3E0D00200000004E6F20636F6D6D61A9
:1045B0006E6420666F756E642E20547970652022BB
:1045C00068656C702220666F722068656C702E0DB5
:1045D0000000000068656C700000000048656C70A9
:1045E0000000000048454C50000000006D616E0066
:1045F0007468656D650000002D2D2D2D2D2D2D2D40
:104600002D2D2D2D2D2D2D2D2D2D2D2D2D2D2D2DDA
:104610002D2D2D2D2D2D2D2D2D2D2D2D2D2D2D2DCA
:104620002D2D2D2D2D2D2D2D2D2D2D2D2D2D2D2DBA
:104630002D2D2D2D2D0D000020202020202020208C
:104640002020202020202020202020202020524117
:104650004D4E20436F6D6D616E642048656C700D2A
:10466000000000000D000000436F6D6D616E643A44
:10467000207468656D650D004465736372697074BC
:10468000696F6E3A0D0000002020202053657420D1
:1046900074686520636F6C6F72207468656D652047
:1046A000666F722074686520646576696365204C66
:1046B00043442073637265656E2E0D005573616708
:1046C000653A0D00202020207468656D65203C74DB
:1046D00068656D655F6E756D6265723E0D00000008
:1046E0004F7074696F6E733A0D0000002020202017
:1046F0003C7468656D655F6E756D6265723E202005
:1047000020546865207468656D65206E756D6265FE
:104710007220746F206265207365742C2072616E44
:1047200067696E672066726F6D203120746F203765
:104730002E0D00004578616D706C65733A0D0000B8
:10474000202020202D20546F20736574207468650C
:1047500020646576696365204C4344207363726509
:10476000656E207468656D6520746F207468656D72
:1047700065206E756D62657220332C20656E7465E0
:10478000723A0D002020202020207468656D65207D
:10479000330D0000656E61626C650000436F6D6DE6
:1047A000616E643A20656E61626C650D0000000008
:1047B00020202020456E61626C6520746865207041
:1047C0006F77657220737570706C79206F662061E9
:1047D0006E6F74686572204543552028422C204333
:1047E0002C206F722044292E0D0000002020202054
:1047F000656E61626C65203C4543553E0D000000CE
:10480000202020203C4543553E2020205468652030
:1048100045435520746F20626520656E61626C654A
:10482000642C206964656E746966696564206279C8
:104830002061206C65747465722028422C20432C02
:10484000206F722044292E0D00000000202020201F
:104850002D20546F20656E61626C652045435520A4
:10486000422C207573653A0D0000000020202020A6
:104870002020656E61626C6520420D0020202020A2
:104880002D20546F20656E61626C65204543552074
:10489000432C207573653A0D000000002020202075
:1048A0002020656E61626C6520430D002020202071
:1048B0002D20546F20656E61626C65204543552044
:1048C000442C207573653A0D000000002020202044
:1048D0002020656E61626C6520440D00646973611F
:1048E000626C6500436F6D6D616E643A206469733C
:1048F00061626C650D000000202020204469736116
:10490000626C652074686520706F776572207375BE
:1049100070706C79206F6620616E6F7468657220AC
:104920004543552028422C20432C206F72204429D7
:104930002E0D00002020202064697361626C6520C8
:104940003C4543553E0D0000202020203C4543556A
:104950003E2020205468652045435520746F206216
:10496000652064697361626C65642C206964656E9E
:104970007469666965642062792061206C6574746D
:1049800065722028422C20432C206F722044292E4F
:104990000D000000202020202D20546F206469731A
:1049A00061626C652045435520422C207573653A41
:1049B0000D00000020202020202064697361626CBB
:1049C0006520420D00000000202020202D20546F83
:1049D0002064697361626C652045435520432C2037
:1049E0007573653A0D0000002020202020206469A6
:1049F0007361626C6520430D0000000020202020C0
:104A00002D20546F2064697361626C6520454355A5
:104A100020442C207573653A0D00000020202020D2
:104A2000202064697361626C6520440D0000000001
:104A30004E6F2068656C70207061676520666F75C9
:104A40006E6420666F72207468697320636F6D6D89
:104A5000616E642E0D000000456E64206F66206359
:104A60006F6D6D616E642068656C70207061676544
:104A70002E2054797065202268656C702220776939
:104A800074686F757420617267756D656E742066E9
:104A90006F72207468652067656E6572616C20684E
:104AA000656C7020706167652E0D00005468697335
:104AB00020696E7465726661636520616C6C6F77E6
:104AC0007320796F7520746F20696E7465726163ED
:104AD00074207769746820766172696F75732052EB
:104AE000414D4E2066756E6374696F6E7320616E02
:104AF0006420636F6E74726F6C20746865206465E7
:104B0000766963652773206F7065726174696F6E73
:104B100073207468726F75676820612073657420F4
:104B20006F6620636F6D6D616E64732E0D547970C6
:104B3000652027622720746F20676F206261636B96
:104B400020746F20736C63616E206D6F64652E003E
:104B5000436F6D6D616E64733A0D0000202020205C
:104B60002D20636C6561723A20436C65617273201D
:104B7000796F75722073657269616C207465726DEE
:104B8000696E616C2E0D0000202020202D206469AC
:104B90007361626C653A2044697361626C6520746C
:104BA000686520706F77657220737570706C7920FE
:104BB000666F7220616E6F74686572204543552E72
:104BC0002055736167653A2064697361626C652082
:104BD0003C4543553E2E0D00202020202D20656EA3
:104BE00061626C653A20456E61626C65207468652F
:104BF00020706F77657220737570706C7920666FA6
:104C00007220616E6F74686572204543552E205581
:104C1000736167653A20656E61626C65203C45434F
:104C2000553E2E0D00000000202020202D2065780C
:104C300069743A20457869742074686973206465E2
:104C400062756720696E7465726661636520616E66
:104C5000642072657665727420746F20736C636172
:104C60006E206D6F64652E2055736167653A20650F
:104C70007869742E0D000000202020202D2068650A
:104C80006C703A20446973706C61792067656E6559
:104C900072616C2068656C702C206F722068656C86
:104CA0007020666F72206120737065636966696346
:104CB00020636F6D6D616E64207768656E2061762C
:104CC00061696C61626C652E2055736167653A207D
:104CD00068656C70203C636F6D6D616E643E2E0D77
:104CE00000000000202020202D20623A20416C6925
:104CF000617320666F72207468652022657869741C
:104D00002220636F6D6D616E642E0D0020202020C7
:104D10002D20717569743A20416C69617320666F4A
:104D200072207468652022657869742220636F6D33
:104D30006D616E642E0D0000202020202D207265F4
:104D40007365743A205265736574207468652064D5
:104D500065766963652E2055736167653A207265D3
:104D60007365742E0D000000202020202D20736C10
:104D700063616E3A20416C69617320666F722074C2
:104D800068652022657869742220636F6D6D616E9D
:104D9000642E0D00202020202D207468656D653A5A
:104DA000205365742074686520636F6C6F72207483
:104DB00068656D6520666F722045435520412773F5
:104DC000204C43442073637265656E2E20557361D9
:104DD00067653A207468656D65203C7468656D652B
:104DE000206E756D6265723E2E0D00002020202021
:104DF0002D20706C61793A20506C617920612067B8
:104E0000616D65206F6E2045435520412773204C0E
:104E100043442073637265656E2E20557361676528
:104E20003A20706C6179203C67616D65206E756D0C
:104E30006265723E2E0D0000202020202D2073740C
:104E40006F703A2053746F7020616E79206F6E67B7
:104E50006F696E672067616D652E205573616765A8
:104E60003A2073746F702E0D00000000436F6D6D5B
:104E7000616E647320617265206361736520736580
:104E80006E7369746976652E0D000000496E766157
:104E90006C6964206E756D626572206F6620617248
:104EA00067756D656E74732E205479706520226865
:104EB000656C702064697361626C652220666F7234
:104EC0002068656C70207573696E672074686973FB
:104ED00020636F6D6D616E642E0D00004100000057
:104EE00043616E6E6F742064697361626C65204506
:104EF000435520412E2054797065202272657365D8
:104F000074222069662072657365742069742E0DA1
:104F1000000000004200000053657474696E672051
:104F2000454355204220706F77657220737570700D
:104F30006C7920746F204F46462E0D004300000010
:104F400053657474696E6720454355204320706F24
:104F500077657220737570706C7920746F204F467E
:104F6000462E0D004400000053657474696E67207E
:104F7000454355204420706F7765722073757070BB
:104F80006C7920746F204F46462E0D00496E766175
:104F90006C6964204543552E204D757374206265FD
:104FA00020422C20432C206F7220442E0D00000044
:104FB000496E76616C6964206E756D626572206FF2
:104FC0006620617267756D656E74732E20547970FA
:104FD00065202268656C7020656E61626C652220B8
:104FE000666F722068656C70207573696E672074D7
:104FF00068697320636F6D6D616E642E0D00000033
:10500000454355204120697320616C776179732095
:10501000656E61626C65642E0D00000053657474EA
:10502000696E6720454355204220706F7765722076
:10503000737570706C7920746F204F4E2E0D0000C8
:1050400053657474696E6720454355204320706F23
:1050500077657220737570706C7920746F204F4E75
:105060002E0D000053657474696E6720454355200A
:105070004420706F77657220737570706C7920743E
:105080006F204F4E2E0D0000496E76616C696420D2
:105090006E756D626572206F6620617267756D65F1
:1050A0006E74732E2054797065202268656C7020B0
:1050B0007468656D652220666F722068656C70206B
:1050C0007573696E67207468697320636F6D6D61B5
:1050D0006E642E0D00000000310000005570646108
:1050E0007465642E0D0000003200000033000000E3
:1050F00034000000350000003600000037000000DA
:105100005468656D65206E756D626572206E6F7492
:1051100020666F756E642E205472792062657477F4
:1051200065656E203120616E6420372E0D00000011
:105130006200000065786974000000007175697490
:1051400000000000736C63616E000000726573659F
:1051500074000000526573657474696E672E205286
:10516000656D656D62657220746F20666972737417
:105170002073656E64207468652022232220636F8B
:105180006D6D616E6420746F207265656E746572FA
:10519000207468697320696E746572666163652E38
:1051A0000D000000636C6561720000000D0D0D0DB7
:1051B0000D0D0D0D0D0D0D0D0D0D0D0D0D0D0D0D1F
:1051C0000D0D0D0D0D0D0D0D0D0D0D0D0D0D0D0D0F
:1051D0000D0D0D0D0D0D0D0D0D0D0D0D0D0D0D0DFF
:1051E0000D0D0D0D0D0D0D0D0D0D0D0D0D0D0D0DEF
:1051F0000D0D0D0D0D0D0D0D0D0D0D0D0D0D0D0DDF
:105200000D0D0D0D0D0D0D0D0D0D0D0D0D0D0D0DCE
:105210000D0D0D0D0D0D0D0D0D0D0D0D0D0D0D0DBE
:105220000D0D0D0D0D0D0000706C6179000000007A
:10523000496E76616C6964206E756D626572206F6F
:105240006620617267756D656E74732E0D000000C7
:105250005374617274696E672067616D6520312EC9
:105260000D0000005374617274696E672067616D90
:105270006520322E0D0000005374617274696E67F0
:105280002067616D6520332E0D00000047616D655C
:10529000206E756D626572206E6F7420666F756E1C
:1052A000642E20547279206265747765656E2031B2
:1052B00020616E6420332E0D0000000073746F7047
:1052C0000000000053746F7070696E672067616D35
:1052D000652E0D004E6F206F6E676F696E672067D9
:1052E000616D652E0D000000556E6B6E6F776E2040
:1052F000636F6D6D616E643A200000000D5479702B
:1053000065202268656C702220666F722068656C6B
:10531000702E2052656D656D62657220746865201F
:10532000696E746572666163652069732063617379
:10533000652073656E7369746976652E0D000000D3
:105340000D3E000007000000563120534C43414EF3
:105350002052414D4E2028004465632031322032D6
:105360003032350032313A30383A303900000000FE
:10537000290D000057656C636F6D6520746F2052B6
:10538000414D4E20434C492E2054797065202768AA
:10539000656C702720666F722068656C702E0D3EFC
:1053A0000000000068747470733A2F2F72616D6E84
:1053B0002E727466642E696F2F0D0000710000005C
:1053C0007A5A00006420526573657474696E670DC3
:1053D00000000000546F6F206D616E79207461735E
:1053E0006B730D00537461747320636F6D7075740B
:1053F00065642066726F6D20626F6F7420737461D4
:1054000074652E205573652072696768746D6F73BB
:10541000742076616C75657320746F20636F6D7096
:105420007574652064656C7461732E0D0000000056
:105430004E6F095461736B204E616D650953746141
:10544000746509557361676509537461636B09007D
:105450002028756C546F74616C52756E54696D655B
:10546000290D00003A0900000909000009000000A8
:105470003F3F3F3F3F00000052756E6E696E670010
:105480005265616479000000426C6F636B0000003C
:1054900053757370656E640044656C657465640073
:1054A000496E76616C69640025000000666C616776
:1054B0007B5553425F434F4D4D414E447D000000AC
:1054C0003237373632000000666C61677B555342D5
:1054D0005F4252555445464F5243457D00000000FF
:1054E00057726F6E672050617373776F72640D002F
:1054F000490000000D0000004500000064202D2D33
:105500002D2D2D2D2D2D2D2D2D2D2D2D2D2D2D2DCB
:105510002D2D2D2D2D2D2D2D2D2D2D2D2D2D2D2DBB
:105520002D2D2D2D2D2D2D2D2D2D2D2D2D2D200DD8
:105530000000000064204552524F52202120526545
:10554000676973746572732064756D706564206239
:10555000656C6F770D0000006420000048414C5FCF
:10556000464443414E5F4552524F525F54494D4568
:105570004F5554200000000048414C5F46444341D1
:105580004E5F4552524F525F4E4F545F494E495401
:1055900049414C495A4544200000000048414C5FB5
:1055A000464443414E5F4552524F525F4E4F545F07
:1055B000524541445920000048414C5F4644434114
:1055C0004E5F4552524F525F4E4F545F53544152BB
:1055D000544544200000000048414C5F464443418C
:1055E0004E5F4552524F525F4E4F545F535550508D
:1055F0004F5254454420000048414C5F46444341CB
:105600004E5F4552524F525F504152414D20000073
:1056100048414C5F464443414E5F4552524F525FB2
:1056200050454E44494E47200000000048414C5F21
:10563000464443414E5F4552524F525F52414D5F87
:10564000414343455353200048414C5F4644434146
:105650004E5F4552524F525F4649464F5F454D504F
:105660005459200048414C5F464443414E5F4552E7
:10567000524F525F4649464F5F46554C4C20000002
:1056800048414C5F464443414E5F4552524F525F42
:105690004C4F475F4F564552464C4F572000000035
:1056A00048414C5F464443414E5F4552524F525F22
:1056B00052414D5F5744472000000000642048419C
:1056C0004C5F464443414E5F4552524F525F5052E9
:1056D0004F544F434F4C5F41524254202D3E2000C7
:1056E000464443414E5F50524F544F434F4C5F45E9
:1056F00052524F525F535455464620004644434150
:105700004E5F50524F544F434F4C5F4552524F5291
:105710005F464F524D200000464443414E5F505279
:105720004F544F434F4C5F4552524F525F41434B92
:1057300020000000464443414E5F50524F544F43B7
:105740004F4C5F4552524F525F4249543120000046
:10575000464443414E5F50524F544F434F4C5F4578
:1057600052524F525F424954302000004644434158
:105770004E5F50524F544F434F4C5F4552524F5221
:105780005F43524320000000464443414E5F505265
:105790004F544F434F4C5F4552524F525F4E4F5FF5
:1057A0004348414E47452000642048414C5F4644F1
:1057B00043414E5F4552524F525F50524F544F43F8
:1057C0004F4C5F44415441202D3E2000642048410D
:1057D0004C5F464443414E5F4552524F525F5241E7
:1057E0004D5F574447200D006420545820455252C5
:1057F0004F52533A203078002028307800000000C3
:10580000206672616D657329205258204552524FAF
:1058100052533A203078000020455252204C4F47D6
:105820003A2030780000000020434F4D503A20309D
:1058300078000000642021205258204572726F7257
:1058400020686173207265616368656420657272A7
:105850006F722070617373697665206C6576656C14
:10586000206F662031323820210D000064204375FE
:105870007272656E742053746174653A2000000082
:105880004E6F64652069732073796E6368726F6E02
:10589000697A696E67206F6E2043414E20636F6D99
:1058A0006D756E69636174696F6E00004E6F64653B
:1058B000206973206E65697468657220726563651E
:1058C00069766572206E6F72207472616E736D6995
:1058D00074746572000000004E6F64652069732067
:1058E0006F7065726174696E6720617320726563A1
:1058F00065697665720000004E6F646520697320EB
:105900006F7065726174696E672061732074726173
:105910006E736D697474657200000000496E766183
:105920006C696420636F6D6D756E69636174696F16
:105930006E20737461746500642054686520464469
:1059400043414E20697320696E204572726F725F09
:10595000506173736976652073746174650D00001E
:1059600064204174206C65617374206F6E65206FD4
:105970006620746865206572726F7220636F756E41
:105980007465727320686173207265616368656411
:1059900020746865204572726F725F5761726E691C
:1059A0006E67206C696D6974206F662039360D0052
:1059B000642054686520464443414E206973206941
:1059C0006E204275735F4F66662073746174650D57
:1059D0000000000064204C61737420726563656987
:1059E0007665642043414E204644206D65737361A3
:1059F0006765206861642069747320455349206697
:105A00006C6167207365740D0000000064204C61B8
:105A100073742072656365697665642043414E2026
:105A20004644206D65737361676520686164206911
:105A300074732042525320666C6167207365740D45
:105A40000000000064204E6577206D657373616708
:105A5000652072656365697665642073696E636548
:105A6000206C6173742070726F746F636F6C20733D
:105A700074617475730D0000642050726F746F63ED
:105A80006F6C20657863657074696F6E20657665EC
:105A90006E74206F636375727265640D00000000A0
:105AA000642043414E20425553204F4B0D000000CF
:105AB0006420427566666572206F76657272756ED7
:105AC000207265706F72746564206F6E2043414E62
:105AD00020526563657074696F6E0D0064204572B5
:105AE000726F72207265706F7274656420627920C3
:105AF000555342206D6F64756C6520286F76657212
:105B0000666C6F773F29200D0000000064202D2D6A
:105B10002D2D2D2D2D2D2D2D2D2D2D2D2D2D2D2DB5
:105B20002D2D2D2D2D2D2D2D2D2D2D2D2D2D2D2DA5
:105B30002D2D2D2D2D2D2D2D2D2D2D2D2D2D200DC2
:105B40000D00000043414C4942524154494F4E2000
:105B500049443000454355412D496E666F74616973
:105B60006E6D656E7400000052582044554D500013
:105B700020204F4E0000000053544F500000000002
:105B80004F766572666C6F772020202020202020C1
:105B9000202020200000000043414E205258204D7C
:105BA0004F4E49544F5200004F56460044616E6DAF
:105BB000616B750043617665204578706C6F726526
:105BC000720000004F63746F706567005475726EE9
:105BD000204B657920746F20717569742E00000068
:105BE000557365204252414B4520746F20636F6EA0
:105BF00074726F6C0D67616D652073706565642EDE
:105C000000000000434849502D38000020557365BE
:105C1000204543552043205368696674200D746FF6
:105C200020636F6E74726F6C2073637265656E00B3
:105C3000535441545300000043414E2052582020F9
:105C40003A2030780000000043414E205458202074
:105C50003A2030780000000043414E204552522047
:105C60003A2030780000000043414E204F56462035
:105C70003A00000043414E20425553203A000000B4
:105C800055534220455252203A20307800000000FF
:105C9000434443204F5646203A203078000000000D
:105CA0005359535449434B203A20307800000000A8
:105CB000594553004E4F20004F4646004F4E20009E
:105CC000554453204452415700000000557365204D
:105CD000554453205365727669636520746F0A6476
:105CE00072617720616E20696D61676520686572F9
:105CF000652E000072616D6E2E7265616474686558
:105D0000646F63732E696F005354454552204252AD
:105D1000414B204143434C00555000004457000084
:105D2000525400004C5400004D440000202000005C
:105D300053420000434C00004C4200004842000027
:105D400044656320313220323032350032313A300E
:105D5000383A31300000000052414D4E0000000042
:105D600052414D4E2067735F75736220696E746592
:105D7000726661636500000049444C450000000004
:105D80000925630925750925750925750D0A000082
:105D90000925750909257525250D0A0009257509A7
:105DA000093C3125250D0A00546D7220537663009D
:105DB000546D72510000000052414D4E2055534227
:105DC00020436F6D706F73697465204465766963F5
:105DD00065000000546F796F7461204D6F746F72AD
:105DE00020436F72706F726174696F6E0000000003
:105DF0004D444320436F6E66696700004D44432065
:105E0000496E746572666163650000000000000001
:105E10000000000000000000000000000000000082
:105E200000000000000000000000000000000C0066
:105E30000C000C000C000C000C000C000C0000000E
:105E40000C00000000000000000000000000000046
:105E50001DC01DC0088008800880000000000000F0
:105E600000000000000000000000000000000D80A5
:105E70000D800D800D803FC01B003FC01B001B002C
:105E80001B001B00000000000000000004001F8039
:105E90003180318038001E000F0003803180318056
:105EA0003F00040004000000000000000000180093
:105EB0002400240018C007801E00318002400240E8
:105EC0000180000000000000000000000000000051
:105ED0000F001800180018000C001D803700330058
:105EE0001D80000000000000000000000000000015
:105EF000070007000200020002000000000000008E
:105F0000000000000000000000000000000003008E
:105F1000030006000E000C000C000C000C000E002C
:105F2000060003000300000000000000000018004D
:105F300018000C0006000600060006000600060019
:105F40000C001C001800000000000000000006000B
:105F500006003FC03FC00F001F80198000000000F6
:105F60000000000000000000000000000000000031
:105F700000000400040004003F800400040004004A
:105F80000000000000000000000000000000000011
:105F900000000000000000000000000000000600FB
:105FA00004000C00080008000000000000000000D1
:105FB00000000000000000003F8000000000000022
:105FC00000000000000000000000000000000000D1
:105FD00000000000000000000000000000000C00B5
:105FE0000C000000000000000000000000C000C025
:105FF000018001800300030006000C000C00180063
:1060000018003000300000000000000000000E000A
:106010001B003180318031803180318031801B0024
:106020000E0000000000000000000000000006005C
:106030003E000600060006000600060006000600F8
:106040003FC00000000000000000000000000F0042
:10605000198031803180030006000C0018003000E8
:106060003F800000000000000000000000003F0032
:106070006180018003001F00038001800180618036
:106080003F000000000000000000000000000700CA
:1060900007000F000B001B00130033003F800300BC
:1060A0000F800000000000000000000000001F80C2
:1060B0001800180018001F00118001800180218045
:1060C0001F0000000000000000000000000007802A
:1060D0001C00180030003700398031803180198071
:1060E0000F000000000000000000000000007F0022
:1060F0004300030006000600060006000C000C002A
:106100000C000000000000000000000000001F0064
:106110003180318031801F00318031803180318089
:106120001F000000000000000000000000001E0032
:1061300033003180318033801D80018003000700EF
:106140003C00000000000000000000000000000013
:10615000000000000C000C000000000000000C001B
:106160000C00000000000000000000000000000023
:106170000000000003000300000000000000060013
:1061800004000800080000000000000000000000FB
:1061900000C00300040018006000180004000300A1
:1061A00000C000000000000000000000000000002F
:1061B0000000000000007FC000007FC00000000061
:1061C00000000000000000000000000000000000CF
:1061D000600018000400030000C003000400180061
:1061E000600000000000000000000000000000004F
:1061F0001F0031803180018007000C000C0000007E
:106200000C000000000000000000000000000E0074
:10621000110021002100270029002900270020006B
:1062200011000E000000000000000000000000004F
:106230003F000F000900198019801F8030C030C056
:1062400079E00000000000000000000000000000F5
:106250007F003180318031803F003180318031805A
:106260007F000000000000000000000000000000AF
:106270001F4030C0604060006000600060403080BF
:106280001F000000000000000000000000000000EF
:106290007F00318030C030C030C030C030C031806D
:1062A0007F0000000000000000000000000000006F
:1062B0007F803080308032003E003200308030807D
:1062C0007F800000000000000000000000000000CF
:1062D0007FC03040304032003E003200300030009D
:1062E0007C00000000000000000000000000000032
:1062F0001E80318060806000600067C061803180F6
:106300001F0000000000000000000000000000006E
:106310007BC03180318031803F803180318031805D
:106320007BC0000000000000000000000000000032
:106330003FC0060006000600060006000600060034
:106340003FC000000000000000000000000000004E
:106350001FC0030003000300030063006300630029
:106360003E000000000000000000000000000000EF
:106370007BC03180330036003C003E00330031806A
:1063800079C00000000000000000000000000000D4
:106390007E00180018001800180018401840184017
:1063A0007FC00000000000000000000000000000AE
:1063B000E0E060C071C07BC06AC06EC064C060C0F5
:1063C000FBE00000000000000000000000000000F2
:1063D00073C0318039803D80358037803380318093
:1063E00079800000000000000000000000000000B4
:1063F0001F00318060C060C060C060C060C031807C
:106400001F0000000000000000000000000000006D
:106410007F0031803180318031803F00300030009A
:106420007E000000000000000000000000000000EE
:106430001F00318060C060C060C060C060C031803B
:106440001F000CC01F8000000000000000000000C2
:106450007F003180318031803E00330031803180D7
:106460007CE00000000000000000000000000000D0
:106470001F803180318038001F00038031803180DF
:106480003F000000000000000000000000000000CD
:106490007F804C804C804C800C000C000C000C0069
:1064A0003F000000000000000000000000000000AD
:1064B0007BC03180318031803180318031803180CA
:1064C0001F000000000000000000000000000000AD
:1064D0007BC0318031801B001B001B000A000E00B6
:1064E0000E0000000000000000000000000000009E
:1064F000FBE060C064C06EC06EC02A803B803B8001
:1065000031800000000000000000000000000000DA
:106510007BC031801B000E000E000E001B0031807E
:106520007BC0000000000000000000000000000030
:1065300079E030C019800F00060006000600060052
:106540001F800000000000000000000000000000AC
:106550003F8021802300060004000C00188030805A
:106560003F800000000000000000000000000780E5
:1065700006000600060006000600060006000600EB
:106580000600060007800000000000003000300018
:10659000180018000C000C00060003000300018026
:1065A000018000C000C000000000000000001E00CC
:1065B00006000600060006000600060006000600AB
:1065C000060006001E0000000000000004000A0093
:1065D0000A00110020802080000000000000000060
:1065E00000000000000000000000000000000000AB
:1065F000000000000000000000000000000000009B
:1066000000000000000000000000FFE0080004009F
:106610000200000000000000000000000000000078
:10662000000000000000000000000000000000006A
:10663000000000001F00018001801F803180338036
:106640001DC00000000000000000000000007000FD
:10665000300030003700398030C030C030C0398061
:1066600077000000000000000000000000000000B3
:10667000000000001E8031806080600060803180FA
:106680001F00000000000000000000000000038068
:10669000018001801D803380618061806180338052
:1066A0001DC000000000000000000000000000000D
:1066B000000000001F00318060C07FC0600030C05B
:1066C0001F8000000000000000000000000007E044
:1066D0000C000C003F800C000C000C000C000C00A7
:1066E0003F800000000000000000000000000000EB
:1066F000000000001DC033806180618061803380B4
:106700001D80018001801F0000000000000070005B
:106710003000300037003980318031803180318065
:106720007BC0000000000000000000000000060028
:10673000060000001E000600060006000600060017
:106740003FC0000000000000000000000000060044
:10675000060000003F0003000300030003000300E5
:106760000300030003003E00000000000000700072
:1067700030003000378036003C003C0036003300EB
:1067800077C00000000000000000000000001E00B4
:1067900006000600060006000600060006000600C9
:1067A0003FC00000000000000000000000000000EA
:1067B000000000007F8036C036C036C036C036C00C
:1067C00076E0000000000000000000000000000073
:1067D00000000000770039803180318031803180C5
:1067E0007BC000000000000000000000000000006E
:1067F000000000001F00318060C060C060C03180B8
:106800001F00000000000000000000000000000069
:10681000000000007700398030C030C030C03980BF
:106820003700300030007C00000000000000000055
:10683000000000001DC03380618061806180338072
:106840001D800180018007C00000000000000000E2
:10685000000000007B801CC0180018001800180001
:106860007F000000000000000000000000000000A9
:10687000000000001F8031803C001F000380318039
:106880003F000000000000000000000000001800B1
:10689000180018007F001800180018001800188051
:1068A0000F000000000000000000000000000000D9
:1068B000000000007380318031803180318033806E
:1068C0001DC00000000000000000000000000000EB
:1068D000000000007BC0318031801B001B000E00D7
:1068E0000E0000000000000000000000000000009A
:1068F00000000000F1E060C064C06EC03B803B80DF
:1069000031800000000000000000000000000000D6
:10691000000000007BC01B000E000E000E001B00DC
:106920007BC000000000000000000000000000002C
:106930000000000079E030C0198019800B000F00C2
:10694000060006000C003E000000000000000000F1
:10695000000000003F80218003000E0018003080FE
:106960003F80000000000000000000000000060062
:106970000C000C000C000C000C0018000C000C00AB
:106980000C000C00060000000000000000000600E3
:1069900006000600060006000600060006000600C7
:1069A00006000600060000000000000000000C00C9
:1069B00006000600060006000600030006000600AA
:1069C000060006000C0000000000000000000000AF
:1069D00000000000000018002480030000000000F8
:1069E0000000000000000000000000000C5E020833
:1069F0000B001000D044020800000000000000005E
:106A0000000000000000000000040000180000006A
:106A10000000000000000000E04402080000000048
:106A20009C120320AC0000009C0E03200004000018
:106A3000180000000000000000000000F044020800
:106A4000000000004C170320AC0000004C13032092
:106A5000000400002800000000000000000000000A
:106A60000045020800000000FC1B0320AC000000F1
:106A7000FC170320000400002000000000000000BC
:106A8000000000001045020800000000AC200320B8
:106A9000AC000000AC1C032000040000310000002A
:106AA0000000000000000000204502080000000077
:106AB0005C250320AC0000005C21032000040000E2
:106AC0001000000000000000000000002C4502083B
:106AD000000000000C2A0320AC0000000C2603205C
:106AE000000400000F000000000000000000000093
:106AF000384502080000000000000000000000000F
:106B00000000000000040000300000000000000051
:106B100000000000484502080000000000000000DE
:106B20000000000000000000000800002900000034
:106B300000000000000000005845020800000000AE
:106B40000000000000000000000000000004000041
:106B50002A0000000000000000000000F09090906B
:106B6000F02060202070F010F080F0F010F010F0B5
:106B70009090F01010F080F010F0F080F090F0F0B5
:106B800010204040F090F090F0F090F010F0F09075
:106B9000F09090E090E090E0F0808080F0E09090C5
:106BA00090E0F080F080F0F080F080803C7EE7C3E1
:106BB000C3C3C3E77E3C1838581818181818183C77
:106BC0003E7FC3060C183060FFFF3C7EC3030E0EF1
:106BD00003C37E3C060E1E3666C6FFFF0606FFFF99
:106BE000C0C0FCFE03C37E3C3E7CC0C0FCFEC3C3F1
:106BF0007E3CFFFF03060C18306060603C7EC3C320
:106C00007E7EC3C37E3C3C7EC3C37F3F03033E7C8A
:106C10000000000000000000000000000000000074
:106C20000000000000000000000000000000000064
:106C30000000000000000000000000000000000054
:106C40000000000000000000000000001EA5202041
:106C5000200020F010700040E090E0909090E090D4
:106C6000E090E08080D0B0B0909090906060909084
:106C7000906090D0B09090905020400000000000B4
:106C80006090F09090F09090F080E080808080F0B4
:106C900080E080F0404040F0204080F0202020C084
:106CA00060908090609090B07080B0907080601024
:106CB000E090A0C0A09090B0B0D0F0404040409094
:106CC000907010E0000000000000000000000000D4
:106CD00000000000000000000000000000000000B4
:106CE00000000000000000000000000000000000A4
:106CF0000000000000000000000000000000000094
:106D00000000000000000000000000000000000083
:106D10000000000000000000000000000000000073
:106D200000000000000000000000000007E000007C
:106D3000000000000818000000000000100400001F
:106D400000000000200200000000000020020000FF
:106D500000000000282100000000000040010000A9
:106D600000000000400100000000000040010000A1
:106D700000000FC04F8100000000103046010000ED
:106D80000000200820020000000030E8200200007F
:106D900000004F04100C0000000050841FF600009B
:106DA000000040047709000000004F849790C00065
:106DB0000000504C0EE020000000201E0C001000CF
:106DC00000007FFF0A41320C712D3A1F0A2D2D2D34
:106DD0005E52351F1F3D052D2D2D2D2D2D2D2D2DB9
:106DE000241F00351F672D32101F1A6C2D2D2D2DDD
:106DF0000000000000000000000000000070000023
:106E0000003E00703C8C7F0001C18188428480E09C
:106E100002004204428480100400440221048010D5
:106E20000800440121050010100388011005071017
:106E30001407080090450FD0100C086090090670E8
:106E400020180870900901A0201810B05419008073
:106E5000281010904C1A07002010D0F0A83246607D
:106E6000200F580028B203902920D10024330010AD
:106E70003009D47217734010144398F8B6630210A7
:106E80001AA71B9A3361D0300D1E1F8D63C1FAD033
:106E90000FFC0D07E181FF7004600002C0008C2030
:106EA0000000000080000000000000000000000062
:106EB00000FB379873CFBC0000FBF7D8FBEFBE0098
:106EC00000C1E6D8DB6C360000F0C7D8DBEF3E002F
:106ED00000C1E798DBCC3C0000FBF61EFB6FB60060
:106EE00000FB361E736FB6000000000000000000BB
:106EF0000004003D97FFFFFFFFFDFF9D4BFF8B4709
:106F00002004005DCBFFD84F2604001D05FFDB5F8A
:106F10002104001D85FFDB4720847C1C05FFFFFF4B
:106F20002084DA5DC5FF8B472094BCDDE5FF995BCB
:106F300020B4E61DE61FBA5B2094C2DDCFE78B4785
:106F400020857DDC3FF9FFFF2FF5839FFFFEFFFFCC
:106F50002005FF1FFFFF7FFFFFFCFE1FFFF3BF07A2
:106F6000FFFCFE1FFFEDDEFBA22DF80C07DDEDFDA3
:106F70002AA807F7F9D9E37EAAABFFEC1ED6F3FEE9
:106F8000A225F80006E71BFEFFFA07F80377C07E8C
:106F9000000BBFFE037BF8FCFFFB9FFF817CEDF83D
:106FA000000BBFFF817F0E00FFFBAFF0617FEE6043
:106FB000FFFBBA3FF97FDC98FFFDBDFFFE3FDCF829
:106FC000FFFDBCFFFFCFDCFC0001BD7FFFF1BCFC7F
:106FD000FFFDBDBF000E3CDC00011DC8FFFF8FDEC2
:106FE00000001DF3FFFFF3BE000004FBFFFFFC7C6D
:106FF000F8711F1A2D3541320A2D2D2D2D322D0AF3
:107000001A17103D412D45242D6C35412D0C455E40
:107010006C322452414D1A5E6C2D322D101A2452BE
:10702000351F3A2D5A1F3D0C052D351F671A5E413D
:107030003D415E5E00523D45171045245A2D1F1AF2
:107040006C711F1A2D4117410A5A412D2D6C1F2DAD
:107050000C3249493D45245A2D5E1A243D455A3586
:107060006C322D27455E451F242D1F3A2D322D12DF
:10707000710A3217450C052D325E41520A416C2DC2
:1070800067323D3D055E1F17411F24412D3D413AAA
:107090006C6C3541450A2D5E631A3D3D2D35410A24
:1070A00041052D5A0A1F5E5E00711F1A2D171A5EC8
:1070B0006C2D2D2D2D0A416C1A0A242D6C1F2D2D9F
:1070C0002D6735410A412D6C35455E2D2D323D3DF4
:1070D0002D10415A3224322D0C41320C2D41240CFA
:1070E000052D241A6C5E005E2467416700E0600095
:1070F000610062006301D011F31E7201700840400C
:10710000710140406000312016AA00EE6102620168
:107110006300A000F31EF065A202F01ED1257105E8
:10712000413E7206413E61027301534016C600EEB5
:107130006080F015F007300016E800EEA5A46004AA
:107140006116D0116034611DD01100EE60A361782A
:10715000A6C6F155641326C000EE60A3618BA6C6D7
:10716000F155640C26C000EE60A36197A6C6F155E8
:10717000640D26C000EE0000000000000000FFFFCC
:10718000FFFFFFFFFFFF00FE552288000000000008
:107190000011918B8FDFC3BDBDBDB9B9BDBD817E6F
:1071A0005A7E7E5A7E81E7E7C3818242DB93E7E71E
:1071B000C3814142DBC90401010301010300020153
:1071C00001010101010300020101010101010000AF
:1071D000020202020106040103010301010102018E
:1071E0000101010101050001010601010202000186
:1071F0000202010500000301010101010104010176
:107200000102020202020501010101010101020560
:10721000010106010105010101010301010304014E
:107220000601010101050201020101010202000142
:107230000005010100000501030003010104010133
:10724000010301010102010101010101010002022A
:107250000106010502000401010101010101020111
:107260000106010501050001010201010101000102
:1072700001000105010500030105010101040301ED
:1072800001010101010201010105020101000505E1
:1072900001060001010003030104010503030505C4
:1072A00001010101050501010101010101010201C5
:1072B000010601010105A76A00EEA78A00EEA7AA50
:1072C00000EEA7CA00EEA7EA00EEA80A00EEA82A80
:1072D00000EEA84A00EE80EE800EB86A6800288AA8
:1072E000F81EF765A3A4F81EF75578083820189201
:1072F00000EE800E800E800EA72AF01E00EE6A00BF
:1073000069008D108DD68DD68DD68C208CC68CC6FE
:107310008CC600EE289000E0610062006300A3A428
:10732000F31EF065400628B228A6D1287301710823
:107330004140720841406100322018D200EE802E98
:10734000800E800E8014A3A4F01E00EE28F2F065DB
:1073500028A6811E811E811E822E822E822ED12879
:1073600000EE8130824000EE29162900291628F20D
:107370008050F0552916290000EE81D082C000EE21
:1073800083D084C000EE292E816400EE292E72FF86
:1073900000EE292E720100EE292E290000EE294070
:1073A00028F2F06500EE60004C0000EE2952300536
:1073B00060004005600100EE6700680788153F0126
:1073C00000EE680388253F0100EE28F2F0654001D9
:1073D00067014004670100EE2934836429167201B5
:1073E000296C3701199E7401199000EE291628F2B4
:1073F000F06540046901294C292E28F26001F055FE
:10740000294C8D308C40650685A4291C00EE650151
:10741000293474FF291C00EE650519C429348364DE
:1074200074FF29A000EE29408164296C370100EE29
:107430002940816472FF296C370100EE29C229D0EE
:1074400029CC00EE2940296C370100EE29408164E7
:10745000296C370100EE29D000EE292E8164296CB9
:10746000370119DA292E816472FF296C370100EE89
:1074700029C2298C29A029CC00EE295A30001A0EE5
:10748000292E8164296C370119F8298C29A000EE76
:1074900066FF4A001A2E29346506291C6A0000EE90
:1074A00066014A011A2E29346507291C6A0100EE7B
:1074B000293A296C370100EE293474FF6501291C33
:1074C000298C6505291C00EE66014A0066FF295AD1
:1074D00030001A64293A28F2F065300500EE29528E
:1074E000300100EE293483646501291C293474FFBE
:1074F0006505291C00EE00A378FD5528C8FB0A4B42
:107500000428C84B072A444B092A544B062A7C49B5
:10751000001AB16020F01800E0AAAAF0657001AA74
:10752000AAF055A378FD6500EE0040000000204061
:1075300000004020000000000060F0F0600060608B
:10754000007040F05001020408102040800306073C
:10755000040E06070403030C0407050704070609C5
:10756000040A040B030503050305030503000201D8
:10757000050A0607070809030C0C0C0C0E0304028D
:1075800001090806070A090A0B0D0E0F0D0002017A
:107590000A0D0305060809040B0B0B0B0B00030275
:1075A00000010506070504080B0D0D030F28EB0A63
:1075B0007A02EF282A6A4A5A427A0A6E2808084A4A
:1075C00008FF405E52427E40CF084A0808007050D3
:1075D00050D7545454545454D514147C002828289B
:1075E000EB0A6A0A3A223A2A2E2038082808081C90
:1075F0007F5CC9081C601C08081C601C0810000384
:10760000F3101010DFD01616101010101000024AE0
:107610006670787CFF7C7870664A020000007652C3
:107620005A040039FB3900045A52760000107E08D3
:107630007E107E087E107E087E107E10100808D80E
:1076400052D010382B3A1202C24E78101810541033
:10765000FF047C407C041C1000286C743800F2EAA3
:107660000202C30AFA02FAA28A22F29A3808080829
:107670003E22FB223E0808080808080808080808F7
:107680003E22FB223E0808080808080A08080808E5
:107690003E22FB223E080808080A080A08080808D3
:1076A0003E22FB223E08080A080A080A083D060096
:1076B000EE340700EE65FC00EE00E061006400833C
:1076C000DE833E833E833EAB61F31EF41EF0658590
:1076D0000062002C61AADDC00CF01E85563F00AA96
:1076E000EDD124720432201C897104740134101C01
:1076F0007B6AFF69FFA278FD1EF065300000EE8016
:10770000DEAB01F01EF1658A008910800E800E81CB
:107710001E811EAAEDD014AAF5D01400EE80CE80F2
:107720000E81BE811EAAF1D01400EE88C087B00081
:10773000EE5CA000EE5B9000EE660100EEAB6180B7
:10774000DE800E800E800EF01E630F82C08232F249
:107750001EF0658100AAF9630782B08232F21EF042
:107760006580126F0130002CE5300000EE8C808BBC
:10777000706F0000EEFD1EF06590D000EE8D002CC5
:107780006D00EE7CFF2CF14F0000EE3CFF00EEABF5
:10779000516C0F1D297C012CF14F0000EE3C1000B4
:1077A000EE6C00AB311D297BFF2CF14F0000EE3B4E
:1077B000FF00EE6B07AB211D297B012CF14F000070
:1077C000EE3B0800EE6B00AB411D2942071D37421E
:1077D000091D4942051D5B42081D6D00EE600CF05D
:1077E0005500E060A561A5A6C6F155642426C0F049
:1077F0000A00EEABA92D9100EEABAE2D9100EE008C
:10780000E060A561C9A6C6F155642026C0F00A0053
:10781000EE00E060A66115A6C6F155642426C0F00E
:107820000A00EE00E060A66139A6C6F15564242680
:10783000C0F00A00EE00E060A6618AA6C6F15564B9
:107840001126C0F00A00EE00E060A6619BA6C6F11A
:1078500055640526C0F00A00EE00EE6E002AAB006B
:10786000EE6E012AAB00EE6E022AAB00EE6E032A2A
:10787000AB00EE6E042AAB00EE6E052AAB00EE6E96
:10788000062AAB00EE6E072AAB00E060A561E9A610
:10789000C6F155642C26C0F00AA4A426A01E511ED1
:1078A000391DB31E151E0F1DAD1DD71E1B1DA71E96
:1078B000211E331DE900EE1DC51E271DFB1E2DAA2E
:1078C000AAF065300700EE7001AAAAF05500E0604A
:1078D000A6615DA6C6F155642D26C0F00AAB3160E5
:1078E00000F05500EEA278FD1E6001F05580DEBE6E
:1078F00053A27826A0270026E4270026F0270E268C
:10790000E4270E26F0271C26E4271CA3A426A0F0BB
:107910000A6C0A6B042C6D2CD1F20A2CD12CDF6678
:10792000002D7F36002E992E7336002C6D1ECB0055
:10793000E30C000014E2E000807900600C0C3E0CC7
:107940009BFD20631C0C3E0CFBCD70E71C1E230C22
:10795000F3FDF8CF1E1F210CC3FDD8CD1E9B211CAB
:10796000E3CDDDDD9EBF2198F38DCDD99F3F23F878
:10797000F99DCDD9DB713FF098F9CDD9D9603C00A4
:1079800000F800000000001E1010101E101010EA79
:10799000AAAAAAEEEA8A8E8AEAAEA84C484EE484E5
:1079A000E420E4FF00000000000000A0A000005060
:1079B00050000060600060006000C0A060003050B7
:1079C000600000050F00006000600060A0C0006063
:1079D00050300060600000C0C00000303000C06067
:1079E000C00060600000C0C0000030300000A04057
:1079F000A000000060600000C0C00000303000E067
:107A00006A386B0BA203DAB1F0657AF84AF87B01A9
:107A10004AF86A383B1512D26405E4A100EE640707
:107A2000E4A100EE6408E4A100EE6409E4A100EE24
:107A3000A2026000C11F71F66F0B8F174F0012E496
:107A4000710A623C402012E4D012D2123F0112E4CB
:107A5000700472FC131000E0631F653FA265601A9A
:107A6000610ED0157008A26AD015A00060036101F4
:107A700062206620642082048605841587208B108E
:107A80002366876023668B40236687202366700108
:107A90007101402070018052133C8B3287526C0080
:107AA0006F158F774F007C016F298F754F007C0118
:107AB0006F0A8FB74F007C016F138FB54F007C01A9
:107AC0006F008FC54F00D7B400EE00E0A25B6019D5
:107AD000610DD015A2607008D015F00AF00A00EE12
:107AE00060FF2420A29E833E833EF31ED45400EE0A
:107AF0008C00800E8AF0860480C08AF288F088A507
:107B000088A584848C10811E8AF0871481C08AF233
:107B10008DF08DA58DA585D46FFA8F073F0013F2E8
:107B200080243F00802583806F018F854F00630292
:107B30006F018FD54F006D028DDE8DDE83D16F3EDC
:107B40008F453F00141623AC141E6F1D8F554F0038
:107B500023AC00EEABB8FB1EF75500EE6B00ABB8E4
:107B6000FB1EF76540FF143EA272833E833EF31E68
:107B7000D4547B083B00142A00EE6B00ABB8FB1E0C
:107B8000F76530FF23BC30FF24207B083B001448FE
:107B900000EEAB54F755A28EF065ABB8F01EF7655A
:107BA000680030FF1480A28EF0658A007008A28EF3
:107BB000F0556801AB54F7656300ABB8FA1E00EEF0
:107BC000FF073F00148C6F01FF1500EEA28FF165D7
:107BD00083168206A2AAD2336205E29E14B071FF18
:107BE000410161026207E29E14BC70FF4001600225
:107BF0006209E29E14C87001402360226208E29E7E
:107C000014D47101413A6139A28FF155831682066D
:107C1000A2AAD23300EE22CA69006000A2ADF055DC
:107C20006B00A26FF765ABB8F7557B013B2014F4EE
:107C300000E0A25360396100D01871086F208F17DF
:107C40004F001504A28FF16583168206A2AAD233D3
:107C5000242824984F01153424468D90255C4DFF2F
:107C600025387901248C151C239614E2A2ADF06509
:107C70007001A2ADF055623D610180063F00155ACA
:107C800040011556710470FF154CA2BAD21300EED4
:107C9000A2ADF0656F0180F23001156E4D8C69FE6A
:107CA0001574A2ADF065B71500EEF755A27ED45459
:107CB00000EE600780D230071596CC1F245E62026A
:107CC000C03F70AA643785C025761574600380D2E2
:107CD000300315CCCC1F245E380115B6C07F707FF1
:107CE000643985C0612362002576CC1F245E38018B
:107CF00015CCC07F707F643985C0619B620025769A
:107D00001574000000CE32D22ED62ADA26DE22E208
:107D10001EE61AEA16EE12F20EF60AFA06FE02FA4B
:107D200082F686F28AEE8EEA92E696E29ADE9EDA93
:107D3000A2D6A6D2AACEAEA5CEFD33A5CEF265328E
:107D40000016254001710A40027114811EF11EF1D6
:107D500065245E643C651025761574600F80D23012
:107D60000F1655CC1F643C85C060966100245E628E
:107D7000082576245E62042576642D604B245E61BE
:107D8000872576245E610A25761574CC1F245E64EF
:107D90003285C060E661002576245E64362576244F
:107DA0005E643A257600EE601F80D2301F1691CCBB
:107DB0001F245E642385C06042610C620225762424
:107DC0005E618225764D4026574D8026574DC02650
:107DD000571574600780D2300716C3602080D240E8
:107DE0000016B5651C61A016B96500611EC41F743C
:107DF0001F60BE245E25761574600780D23007169A
:107E0000E7601080D2651C61A0300016DD6500615E
:107E10001E60006200C41F245E25761574600F800A
:107E2000D2300F170F85D6855685566432605F6154
:107E3000006205245E25766114245E257661942413
:107E40005E25761574232214E2157E159816031606
:107E5000271673169F16C516E9171100270500008F
:107E60001C16220A6280222800EE60AD6191A28C6D
:107E7000F155A2B4F155601261D0A2C8F15560125B
:107E800061D2A2CCF15500EE6500640134011244C8
:107E900022A0F06530FF1242450000EE6000640051
:107EA00012448504228CF065830022C880308054FF
:107EB0006E098E054F01126A70F68300650122B4C7
:107EC000F055229022B8803012728300650022B4EF
:107ED000F05522CC3401128235001280229022B853
:107EE00022A4805080443000122C00EE000000EEEE
:107EF000A28CF1656F0181F480F4A28CF15500EE43
:107F0000000000EEA2A0F1656F0181F480F4A2A050
:107F1000F15500EE000000EEA2B4F1656F0181F4AE
:107F200080F4A2B4F15500EE000000EE000000EE77
:107F300072FBF0296F01D2F500EE610062806E00E5
:107F4000AD91F11E7101F06522D07E013E0612E076
:107F500000EEF11E7101F06540FF6000F029D3458D
:107F60007E0100EE635D64046E006100AD8873FB0A
:107F700022F23E06130C6F0061246204AF9A2EE9D0
:107F80003FFF131C00EE635D64046E006100AD9959
:107F900073FB22F23E03132E6F0061246204AF9341
:107FA0002EE93FFF133E00EE635D64046E00610046
:107FB000000073FB22F23E0513506F00612462043F
:107FC000AF9F2EE93FFF136000EEADA0F0656101A9
:107FD0006201AD086E00D1227E0171033E0A138456
:107FE000610172035E00137600EEADA0F065239888
:107FF00070FFADA0F05500EE61016201AD084001D7
:1080000013B46E0171033E0A13AE610172037E0167
:108010005E0013A4D12200EEADA0F065301413C2AF
:1080200013C47001ADA0F055239800EE75047504DB
:10803000350013E6ADA3F06523EC70044028600022
:1080400023ECADA3F05500EEADA3F065AD77623F34
:1080500024A2D12100EEAD0B60086108D018602089
:108060006100D0186058AD13D01871086070D01836
:108070006058AD3BD0186020AD33D0186008AD1B00
:108080007008D0183018142060587008D018306864
:10809000142A602061007008D01830501436AD2BBF
:1080A000607061087108D01831381444AD2360083D
:1080B00061087108D01831381452248E00EEAD4B8F
:1080C00060006138D0186078D018AD5B6108D018B6
:1080D0006000D018AD537108D018313014766108A3
:1080E00060787108D0183130148224CC00EEAD4392
:1080F0006117623A6E00D1267E0171133E05149617
:1081000000EEB4A4610D00EE612000EE613300EEDC
:10811000614600EE615900EE616C00EE615900EEBF
:10812000614600EE613300EE612000EEADA4F06523
:10813000400014E46100623EAD6370FF72FED12224
:10814000300014DA00EEADA4F0657001ADA4F05576
:108150006100820E6F3E82F7AD63301B15208020D8
:108160006E0082007202252A7E0126F03E09150269
:108170006001ADA4F0557202AD63D12223B800EEC8
:10818000D12200EEAD636178620AD1287208D1284D
:108190007208D1287208D1287208D1287208D12813
:1081A0007208D12400EEADA5F0653034157C810055
:1081B000ADA7F065300015766E006F00612F620488
:1081C000AF8C2EE93FFF15607E0126E43E10155A64
:1081D000ADA76001F0558010701400EE7001ADA5E0
:1081E000F055617882006F3E82F7AD63D12100EED9
:1081F0006E006F0061256204AF822EE93FFF159883
:108200007E0126E43E10159200EED34100EE650893
:10821000800E4F0125AA730275FF350015B000EEE0
:10822000000000EEA5C0F1658F2081F480F4A5C0A8
:10823000F15500EE000000000000800E800E800E60
:108240002EA7A5C0F155660067006800690063109D
:10825000641025C0F0656AE06B1F8A028B023A2029
:108260001636F0658200AD0A8020360616166600C6
:10827000770173A0740A37041620670074DA780156
:108280004000162825AE162A731076017BFF3B00AE
:108290001608620225C43A40164E89B0899E6201D2
:1082A00025C4A5D4F155620225C4A5D6F1553A607E
:1082B000165CF16583048414620325C43A80167049
:1082C000660067006800690063106410620125C4DD
:1082D0003AA0167E8CB0620125C4A5D8F1553AC0EB
:1082E00016967CFF4C001692A5D8F165A5C0F155F5
:1082F0001696620125C4490016B06F018F923F00A7
:1083000016A6A5D416A8A5D6F165A5C0F15579FF86
:1083100025C0F065300015F600EE6F3CFF15FF0735
:108320006004E0A16F006007E0A16F006009E0A1B8
:108330006F006005E0A16F006008E0A16F003F00E2
:1083400016BE00EE6F02FF15FF073F0016E800EEB5
:108350006F01FF15FF073F0016F400EE6E3D8E77AC
:108360004F011726AD78F5552766279027A2802064
:1083700028362872AD78F56577FF6D016904888627
:108380004C0178801728299200EE24E673012546D7
:108390006FF08F323F00254670026FF880F2700850
:1083A00084043F011752749CADA6F0657001ADA620
:1083B000F055AD78F555276627A22826283628726D
:1083C000AD78F56500EEAD0A806081706200D01175
:1083D0003F00178AD01172014201700142027101FF
:1083E000420370FFD0114F0017748E2682E300EE17
:1083F000D011AD9CF16586008710F1658A008B1065
:1084000000EE3C0017D6380078FF3D0017B2809090
:1084100017B66000809561008E008E873F01710164
:1084200083068E308E873F01710483868E008E37DF
:108430003F0171021824380078013D0018026000E5
:10844000808561008E008E953F01710183968E308C
:108450008E073F01710483068E908E373F017102B3
:10846000182461008E908E853F0161018396738090
:108470008E308E853F017104838673808E908E3599
:108480003F01710200EE60008EAE4F0170018EBEA2
:108490004F01700200EE6E006F038F0392006E01B9
:1084A00092F06E013E0018686E028E223E00185C4B
:1084B0006E028E0260024E00600418666E028E022A
:1084C00060044E006002186A60018102310061019F
:1084D00000EE2C146F0032001888310018844C0014
:1084E0006F0218884D006F013201189A31001896FA
:1084F0004C016F02189A4D006F01320218AC310026
:1085000018A84C006F0218AC4D016F01320318BE61
:10851000310018BA4C016F0218BE4D016F014F00B7
:1085200018CC4F0129924F02298800EE8E268EF337
:10853000300118EA3E0018DC298829928F80889043
:1085400089F08FC08CD08DF018EC28F02C1400EE40
:108550008300808680068196811680064C0170E03B
:1085600081164D0171E082164D0172803E0119168F
:1085700088108824191C680088158825330419245C
:1085800088051926880482064C0172803E0119363E
:1085900089008924193C6900890589253304194417
:1085A000891419468915888E3F01195A888E4F0003
:1085B0006804480068046F011962888E4F0168FCE6
:1085C0006F008CF0899E3F01197A899E48006804EB
:1085D0003F00197869046F011984899E3F0119844D
:1085E00069FC6F008DF000EE6F0089F76F018DF36D
:1085F00000EE6F0088F76F018CF300EE80808190B1
:10860000703D7103D01500EEADA1F16588008910B1
:10861000AD70603C6103D017AD6B299C63006FF0B7
:1086200085F223CC4500AD6B299C6007E0A178FF63
:108630006009E0A178016005E0A179FF6008E0A190
:1086400079016006E0A1630148637801489E78FFE4
:10865000497F7901499F79FF299C26E4430019C28B
:10866000299C238AAD70603C6103D017ADA1808046
:108670008190F1556300649CADA66000F05500EE5A
:1086800029A8663F67056A806B80AD08D672608056
:10869000610188048CF08C1389048DF08D13888E11
:1086A000888E888E899E899E899E23CEAD9C80600F
:1086B0008170F15580A081B0F1556E0389E43F01CE
:1086C0001A6C3D011A6A6D001A6C69FC3C011A7C37
:1086D0006E008E858AE54F0076FF1A808A8486F4C4
:1086E0003D011A906E008E958BE54F0077FF1A942E
:1086F0008B9487F46E0C8E774F011AD03D011AC00F
:108700006E238E674F011AAC670B29886E5B8E65EE
:108710004F011AB8670B298837031AC067032988E5
:1087200036231AC84C012992365B1AD04C00299284
:108730003C011ADE360B1ADC660B29921AE63673F8
:108740001AE666732992ADA7F06540001AFE610231
:108750008013ADA7F055AF07617A620AD125AD9CB1
:10876000F165AD08D0126004E09E1B10673E660004
:10877000373E1B161B36D6723F011B362C14D672A1
:10878000807070046E3A8E054F011B3026FC1B3240
:10879000272AAD08D67226F0373E1A4AADA3F065F7
:1087A00024A271FC81676E0E8E174F011B5223B8F5
:1087B0002590AD99F333F2658F20820080F0AD995A
:1087C000F2557464AD89F433F2658F20820080F035
:1087D000AD89F155ADA6F065AD8B40001B8CF03333
:1087E000F2658F20820080F0AD8BF25560FFF0556E
:1087F00060AD6188A2A0F15522022C14ADA7F065EE
:108800008A004A001BE84A011BB2AF07617A620A7C
:10881000D125ADA76000F05546001BDE600024A204
:108820008E607E048E1560F8611370088E154F01FE
:108830001BCA2DA8A2A0F155A350F1551BE06A0058
:10884000ADA56000F0552524232626BA232623044F
:1088500026BA23044A001C0A6A002202234826F092
:10886000234826F07A013A1E1BFCADA0F0653000CB
:108870001A2000EE00EE66016F00610B620AAFA5E0
:108880002EE93FFF1C1EA202641060006100620816
:108890006E0074FF34001C40C40F7403A20AF41E5F
:1088A000D018F21E70087E013E081C4036011C6480
:1088B00060006111620F6E00D01FF21E70087E0111
:1088C0003E081C5861006007E0A161016009E0A159
:1088D00061016005E0A161016008E0A1610160063D
:1088E000E0A1610126E441001C2A00FF220A00E009
:1088F0006107ADEAF0658006820680178025ADA08D
:10890000F05523F6245EADEAF06525DA22DA236A13
:10891000ADA56000F05523E82A20ADEAF0657001AE
:10892000ADEAF05530081C8E2CCC1C1800E000FE7F
:108930006F0061026212AFAD2EE93FFF1CD66332B9
:1089400064196E006100AD9173FB22F23E071CE6D4
:108950006000610062006300AD91F355F355ADEA2C
:10896000F055ADA4F05500EEC0C080FF80BFA0A0C0
:10897000A0A0A0FF01FD0505050505FF00FF000003
:10898000000000A0A0A0A0A0A0A0A00505050505CE
:10899000050505A020E00000000000050407000018
:1089A000000000307878FCFCFCFCFC5A4242424259
:1089B000427E005A42424242424242007E4242428B
:1089C0004242423C3C3C3C3C3C3C3C2020F8202089
:1089D000BDC3DBDBC37E3CFE0000000000000000E6
:1089E000000000000000000000FFFFFFFFFFFFFF8E
:1089F000FF00000000000000000000000000000078
:108A00000080880000000000BDAA60AD61E500EEB6
:108A1000010260AD61E000EE030360AD61DA00EEDB
:108A2000040560AD61DA00EE060760AD61E000EEBE
:108A3000080960AD61E500EE0A0B0806070203FFB6
:108A400000000806FF00000801FF0026442611264A
:108A50004426AA00385560000338AA00A221FF244A
:108A60000021FFC02C00A221FF240021FFC06001D3
:108A700000A2220022552200C038AA00A53844C016
:108A8000002C556001002C662C002C9900A538881C
:108A9000600100C00038E0600300380760FD003866
:108AA0003860030038C10060010043210721C04342
:108AB000217F21FC4321DB21B64321322198432130
:108AC0001F21F043217F21FC43217F21FC432126EC
:108AD00021C843213F21F843217F21FC43211F214D
:108AE000F0432104214043213F21F843213F21F855
:108AF00043217F21FC260043217F21FC43211F21AC
:108B0000F04321D2219600BEA960AD61EB00EE01D9
:108B10000260AD61F400EE030360AD61FC00EE04A1
:108B20000560AE611C00EE060760AE612100EE0834
:108B30000960AE612D00EE080960AE613500EE0AF5
:108B40000B60AE614700EE00EEFF1EF06530FF1EC9
:108B5000F76FFF00EE1F05AF0CF01E80F0D1258FE0
:108B60000071067F0100EEF080F0808090A0C0A030
:108B70009078807008F0F8202020208850204080D5
:108B8000F088F088F080808850205088F888F8803D
:108B9000F080808080F88888F88888888870F088DD
:108BA0008888F088F09088D8A888885050207880ED
:108BB000808078809888708888887088889878F80D
:108BC00080F080F8202020F8102040F8202020C0DD
:108BD00088C8A8988888A8A8505050005000000065
:108BE00000002236535371141D2525FF22533D5397
:108BF000366CFF050A36531D00FF1B0A361DFF1495
:108C00004A642D05FF4A420A4A165346FF2257641A
:108C10001D2505424A3653FFB80D00000000000034
:108C2000963007772C610EEEBA51099919C46D0779
:108C30008FF46A7035A563E9A395649E3288DB0ED4
:108C4000A4B8DC791EE9D5E088D9D2972B4CB609B7
:108C5000BD7CB17E072DB8E7911DBF906410B71D94
:108C6000F220B06A4871B9F3DE41BE847DD4DA1ACD
:108C7000EBE4DD6D51B5D4F4C785D38356986C13FE
:108C8000C0A86B647AF962FDECC9658A4F5C011477
:108C9000D96C0663633D0FFAF50D088DC8206E3B55
:108CA0005E10694CE44160D5727167A2D1E4033C67
:108CB00047D4044BFD850DD26BB50AA5FAA8B5358E
:108CC0006C98B242D6C9BBDB40F9BCACE36CD8327D
:108CD000755CDF45CF0DD6DC593DD1ABAC30D92624
:108CE0003A00DE518051D7C81661D0BFB5F4B42127
:108CF00023C4B3569995BACF0FA5BDB89EB8022824
:108D00000888055FB2D90CC624E90BB1877C6F2FA8
:108D1000114C6858AB1D61C13D2D66B69041DC76A3
:108D20000671DB01BC20D2982A10D5EF8985B1717C
:108D30001FB5B606A5E4BF9F33D4B8E8A2C907782B
:108D400034F9000F8EA8099618980EE1BB0D6A7FC2
:108D50002D3D6D08976C6491015C63E6F4516B6B7B
:108D600062616C1CD83065854E0062F2ED95066C30
:108D70007BA5011BC1F4088257C40FF5C6D9B065A5
:108D800050E9B712EAB8BE8B7C88B9FCDF1DDD6202
:108D9000492DDA15F37CD38C654CD4FB5861B24D68
:108DA000CE51B53A7400BCA3E230BBD441A5DF4A32
:108DB000D795D83D6DC4D1A4FBF4D6D36AE96943F5
:108DC000FCD96E34468867ADD0B860DA732D0444A0
:108DD000E51D03335F4C0AAAC97C0DDD3C710550CB
:108DE000AA41022710100BBE86200CC925B5685772
:108DF000B3856F2009D466B99FE461CE0EF9DE5EBB
:108E000098C9D9292298D0B0B4A8D7C7173DB3596B
:108E1000810DB42E3B5CBDB7AD6CBAC02083B8EDFC
:108E2000B6B3BF9A0CE2B6039AD2B1743947D5EA09
:108E3000AF77D29D1526DB048316DC73120B63E338
:108E4000843B64943E6A6D0DA85A6A7A0BCF0EE497
:108E50009DFF099327AE000AB19E077D44930FF052
:108E6000D2A3088768F2011EFEC206695D5762F749
:108E7000CB67658071366C19E7066B6E761BD4FE86
:108E8000E02BD3895A7ADA10CC4ADD676FDFB9F963
:108E9000F9EFBE8E43BEB717D58EB060E8A3D6D625
:108EA0007E93D1A1C4C2D83852F2DF4FF167BBD153
:108EB0006757BCA6DD06B53F4B36B248DA2B0DD856
:108EC0004C1B0AAFF64A0336607A0441C3EF60DFF9
:108ED00055DF67A8EF8E6E3179BE69468CB361CBE2
:108EE0001A8366BCA0D26F2536E2685295770CCC07
:108EF00003470BBBB91602222F260555BE3BBAC548
:108F0000280BBDB2925AB42B046AB35CA7FFD7C238
:108F100031CFD0B58B9ED92C1DAEDE5BB0C2649B29
:108F200026F263EC9CA36A750A936D02A906099C5C
:108F30003F360EEB8567077213570005824ABF95CF
:108F4000147AB8E2AE2BB17B381BB60C9B8ED29252
:108F50000DBED5E5B7EFDC7C21DFDB0BD4D2D386A9
:108F600042E2D4F1F8B3DD686E83DA1FCD16BE811C
:108F70005B26B9F6E177B06F7747B718E65A0888ED
:108F8000706A0FFFCA3B06665C0B0111FF9E658F7E
:108F900069AE62F8D3FF6B6145CF6C1678E20AA028
:108FA000EED20DD75483044EC2B30339612667A7AE
:108FB000F71660D04D476949DB776E3E4A6AD1AEFD
:108FC000DC5AD6D9660BDF40F03BD83753AEBCA98C
:108FD000C59EBBDE7FCFB247E9FFB5301CF2BDBDF9
:108FE0008AC2BACA3093B353A6A3B4240536D0BA02
:108FF0009306D7CD2957DE54BF67D9232E7A66B39F
:10900000B84A61C4021B685D942B6F2A37BE0BB44B
:10901000A18E0CC31BDF055A8DEF022D24003900F1
:109020006200770098005001A701B801BB01D3018D
:109030005005E00700000000FF07FF07FF07FF07DC
:10904000FF07FF07FF07FF07FF07FF07F007F0070E
:109050000000000056554C4E45524142494C49547F
:1090600059000000000000000000000000000000A7
:1090700000000000000000000000000000000000F0
:1090800000000000000000000000000000000000E0
:1090900000000000000102030405060708090000A3
:1090A00000000000000A0B0C0D0E0F000000000075
:1090B00000000000000000000000000000000000B0
:1090C00000000000000A0B0C0D0E0F000000000055
:1090D0000000000000000000000000000000000090
:1090E0000000000000000000000000000000000080
:1090F0000000000000000000000000000000000070
:10910000000000000000000000000000000000005F
:10911000000000000000000000000000000000004F
:10912000000000000000000000000000000000003F
:10913000000000000000000000000000000000002F
:10914000000000000000000000000000000000001F
:10915000000000000000000000000000000000000F
:10916000000000003031323334353637383941426F
:10917000434445460001020304050607080C101489
:10918000182030400000000000000000010203042D
:10919000060708090000000001020304A086010080
:1091A000400D0300801A060000350C0040420F00FD
:1091B00080841E0000093D0000127A000024F400A3
:1091C00000366E010048E801006CDC02000000007F
:1091D0000000000000000000000000000001020389
:1091E00004050607080C1014182030405245454E5F
:1091F00054206D616C6C6F63207375636365656487
:109200006564002F6275696C642F676E752D746FCD
:109210006F6C732D666F722D73746D33325F3133E3
:109220002E332E72656C312E323032343039323674
:109230002D313731352F7372632F6E65776C69620C
:109240002F6E65776C69622F6C6962632F7374721D
:10925000696E672F737472746F6B2E63002C2066B7
:10926000756E6374696F6E3A200061737365727412
:10927000696F6E2022257322206661696C65643AED
:109280002066696C6520222573222C206C696E652E
:10929000202564257325730A003031323334353686
:1092A0003738394142434445460030313233343552
:1092B0003637383961626364656600232D302B20B0
:0C92C00000686C4C00656667454647007E
:0892CC00746FFD7F010000003A
:0492D4002502000867
:0492D8000102000887
:1092DC000000000000000000000000000000000082
:1092EC000000000000000000000000000000000072
:1092FC000000000000000000000000000200000060
:10930C000100000000000000000000000000004010
:10931C00000000000200000001000000000000003E
:10932C000000000018002E0003402000FFFF00008A
:10933C00642D0320643103200100000000000000B4
:10934C00000000000000FF07010001000000000009
:10935C000000000000000000000000000000000001
:10936C00A80103201802032088020320F80203201E
:10937C0068030320D80303204804032001010000E4
:10938C00D18900081D8A0008C98D0008D98D0008F4
:10939C00BD870008ED91000845920008559500081E
:1093AC000000000089900008AC5B0208B45B020866
:1093BC00C45B0208ED950008DD9600080000000073
:1093CC00059800080000000010010320C4000320D1
:1093DC00B000032024010320E40003203801032003
:1093EC00659B0008719B000800000000E59C0008CC
:1093FC0000000000059D0008159E000800000000FC
:10940C00000000000000000069A00008D1A00008C6
:10941C00000000000000000000000000010020001F
:10942C00E807000000000000000000000000000041
:10943C000000000000000000000000000000000020
:10944C0000000000E8070000000000000000000021
:10945C000000000000000000000000000000000000
:10946C0000000000000000000001000000000000EF
:10947C0000000000000000001A00000000000000C6
:10948C0000000000080000000000000000000000C8
:10949C0000000000000000000000000000000000C0
:1094AC0000000000000000000000000000000000B0
:1094BC0000000000000000000000000000000000A0
:1094CC000000000000000000000000000000000090
:1094DC000000000000000000000000000A00000076
:1094EC0000000000000000002F0000000000000041
:1094FC000000000008000000000000000000000058
:10950C00000000000000000000000000000000004F
:10951C00000000000000000000000000000000003F
:10952C00000000000000000000000000000000002F
:10953C00000000000000000000000000000000001F
:10954C000000000000000000000000000A00000005
:10955C0000000000000000004300000000000000BC
:10956C0000000000080000000000000000000000E7
:10957C0000000000000000000000000000000000DF
:10958C0000000000000000000000000000000000CF
:10959C0000000000000000000000000000000000BF
:1095AC0000000000000000000000000000000000AF
:1095BC000000000000000000000000000A00000095
:1095CC000000000000000000580000000000000037
:1095DC000000000008000000000000000000000077
:1095EC00000000000000000000000000000000006F
:1095FC00000000000000000000000000000000005F
:10960C00000000000000000000000000000000004E
:10961C00000000000000000000000000000000003E
:10962C000000000000000000000000000A00000024
:10963C0000000000000000006D00000000000000B1
:10964C000000000008000000000000000000000006
:10965C0000000000000000000000000000000000FE
:10966C0000000000000000000000000000000000EE
:10967C0000000000000000000000000000000000DE
:10968C0000000000000000000000000000000000CE
:10969C00000000000000000000000000640000005A
:1096AC000000000000000000A2000000000000000C
:1096BC000000000008000000000000000000000096
:1096CC00000000000000000000000000000000008E
:1096DC00000000000000000000000000000000007E
:1096EC00000000000000000000000000000000006E
:1096FC00000000000000000000000000000000005E
:10970C0000000000000000000000000064000000E9
:10971C000000000000000000C90100000000000073
:10972C000000000008000000000000000000000025
:10973C00000000000000000000000000000000001D
:10974C00000000000000000000000000000000000D
:10975C0000000000000000000000000000000000FD
:10976C0000000000000000000000000000000000ED
:10977C000000000000000000000000006400000079
:10978C00000000000000000000093D00080000007F
:10979C0001000000000000000000000000000000BC
:1097AC0000000000010000000000000000000000AC
:1097BC00200000000A06000200000040010000002A
:1097CC0009024B0002010080FA080B0002020201A0
:1097DC000209040000010202010005240010010529
:1097EC00240100010424020205240600010705835C
:1097FC000308000809040100020A00000007050420
:10980C0002400000070584024000000012034D00D6
:10981C00530046005400310030003000200000009E
:10982C00C5D0010813D1010889D10108000000003E
:10983C0075D30108C9D10108B1D20108000000009C
:10984C000000000000000000CDD30108CDD30108BA
:10985C00CDD30108EDD301080DD40108AAAAAAAAF8
:10986C00F52702082528020835280208D129020804
:10987C00612B0208B52B0208D92B0208392C0208DF
:10988C00FD2B0208612C0208852C0208C12C020851
:10989C0012010002EF020140830440570001010253
:1098AC0003010000040309041A0300000000000077
:1098BC00000000000000000000000000000000009C
:1098CC000000000000000000030000007C6B03207F
:1098DC0004060320000000007C6B0320E46B0320D3
:1098EC004C6C032000000000000000000000000091
:1098FC00000000000000000000000000000000005C
:10990C00000000000000000000000000000000004B
:10991C00000000000000000000000000000000003B
:10992C0080B58CB000AF72B600BF3B46184600F055
:10993C0093F806233B604FF400537B61BB6943F003
:10994C008063BB61AA233B613C4B9B6A002B05DA0D
:10995C003A4B3B4A9A60394B3A4A9A60374B9B6A6E
:10996C0003F08043002B05D0344B374A1A61334B3C
:10997C00364A1A61364B1B78012B01D1022359E070
:10998C00334B01221A70324B00225A604FF47A701A
:10999C0000F066F8034687F82F3097F82F30002B2D
:1099AC002BD10023BB6200237B62244B1B6C23F066
:1099BC00FF023B69214913430B64BB6903F08063CD
:1099CC00BA6A1343BB627B6A43F080637B621B4BB6
:1099DC001A6C7B6ADB431A401849BB6A13430B644D
:1099EC00164B9B6A154A43F4003393624FF47A701A
:1099FC0000F036F8034687F82F30154B00221A700A
:109A0C0097F82F30002B06D10C4B9B6A0B4A43F076
:109A1C00006393620BE0094B9B6A084A43F0804356
:109A2C009362064B9B6A054A43F00043936262B60D
:109A3C0000BF012318463037BD4680BD00200240D0
:109A4C0023016745AB89EFCD3B2A19087F6E5D4C2E
:109A5C00C4040320000000005FF800F0711101083D
:089A6C005FF800F0C50E0108CF
:040000050800F09D62
:00000001FF
