:020000040800F2
:1000000000000420D98900089D860008A586000804
:10001000AD860008B5860008BD860008298A00085C
:10002000000000000000000000000000C1D801082E
:10003000C58600080000000051D80108D1A10108C0
:10004000298A0008298A0008298A0008298A0008C4
:10005000298A0008298A0008298A0008298A0008B4
:10006000298A0008298A0008298A0008298A0008A4
:10007000298A0008298A0008298A0008298A000894
:10008000298A0008298A0008298A0008298A000884
:10009000298A0008298A0008298A0008298A000874
:1000A000298A0008298A0008298A0008298A000864
:1000B000298A0008D5860008E9860008298A0008F0
:1000C000298A0008298A0008298A0008298A000844
:1000D000298A0008298A0008298A0008FD86000864
:1000E00011870008298A000825870008298A000846
:1000F000298A0008298A0008298A0008298A000814
:10010000298A0008398700084D870008298A0008D5
:10011000298A0008298A0008298A0008298A0008F3
:10012000298A00086187000875870008298A000865
:1001300089870008298A0008298A0008298A000876
:10014000298A0008298A00089D870008298A000852
:10015000298A0008298A0008298A0008298A0008B3
:10016000298A0008B1870008298A0008298A00081E
:10017000298A000800000000298A00080000000009
:10018000C5870008298A0008298A0008298A0008EA
:10019000298A0008298A0008298A0008298A000873
:1001A000298A0008298A0008298A0008298A000863
:1001B000298A000800000000D9870008298A000861
:1001C000298A000800000000298A0008298A0008FE
:1001D000298A0008298A0008298A0008298A000833
:1001E000298A0008298A0008298A0008298A000823
:0401F000000000000B
:1002000010B5054C237833B9044B13B10448AFF350
:1002100000800123237010BDA00303200000000014
:10022000A4EA010808B5034B1BB103490348AFF327
:10023000008008BD00000000A4030320A4EA010818
:1002400010F8012B11F8013B012A28BF9A42F7D080
:10025000D01A704753B94AB9002908BF00281CBFFB
:100260004FF0FF314FF0FF3000F0B0B9ADF1080CA6
:100270006DE904CE00F006F8DDF804E0DDE90223C4
:1002800004B070472DE9F04F099D884604468E461C
:10029000002B4AD18A4217465FD9B2FA82F64EB194
:1002A000C6F1200301FA06FEB740B44020FA03F37A
:1002B00043EA0E0E4FEA17481FFA87FC230CBEFBD9
:1002C000F8F108FB11EE01FB0CF243EA0E439A42EF
:1002D00007D9FB1801F1FF3002D29A4200F2548193
:1002E00001469B1AA2B2B3FBF8F008FB103300FBE7
:1002F0000CFC42EA034294450BD9BA1800F1FF33D3
:100300002CBF01240024944502D9002C00F03F8129
:10031000184640EA0140A2EB0C0200211DB1F24058
:100320000023C5E90023BDE8F08F8B4205D90DB14C
:10033000C5E9000100210846F5E7B3FA83F1002979
:100340004ED14345C0F01281824240F20F810846EF
:10035000002DE8D0C5E9004EE5E7002A00F0AC80AA
:10036000B2FA82F6002E40F0BB808B1A4FEA124E92
:10037000BCB20121020C80B2B3FBFEFC0EFB1C33AD
:1003800042EA034304FB0CF29A420ED9FB180CF12B
:10039000FF382CBF4FF001094FF000099A4203D9F2
:1003A000B9F1000F00F0EC80C4469B1AB3FBFEF8D5
:1003B0000EFB183304FB08F440EA034294420BD9C5
:1003C000BA1808F1FF332CBF01200020944202D953
:1003D000002800F0D1809846121B48EA0C409DE7A7
:1003E000C1F120068B4008FA01F400FA01F922FA63
:1003F00006F728FA06F88A401F4320FA06F3380C5D
:1004000023431FFA87FC1C0CB8FBF0FE00FB1E8880
:1004100044EA08440EFB0CF8A0450ED93C190EF135
:10042000FF3A2CBF4FF0010B4FF0000BA04503D952
:10043000BBF1000F00F0B880D646A4EB08041FFA09
:1004400083F8B4FBF0F300FB134403FB0CFC48EA15
:100450000444A4450ED93C1903F1FF302CBF4FF0E2
:1004600001084FF00008A44503D9B8F1000F00F0CF
:100470009F80034643EA0E40A4EB0C04A0FB02EC71
:1004800064457346E04602D307D1F14505D2BEEB81
:1004900002036CEB070C0138E0465DB1B9EB0302D7
:1004A00064EB080404FA06F622FA01F3CC401E437A
:1004B000C5E90064002136E7B1FBF2FC010C1446EB
:1004C00080B2964641EA08412026904640EA014320
:1004D0001046B1FBF2F1A3EB080341EA0C414BE7F4
:1004E000B740C6F1200301FA06F221FA03F84FEAF9
:1004F000174E20FA03F3BCB2B0401343020C190CA0
:1005000080B2B8FBFEF90EFB198841EA084109FBED
:1005100004F8884551D9791809F1FF3C2CBF4FF0F8
:10052000010A4FF0000A884502D9BAF1000F31D014
:10053000A1EB0801B1FBFEF909FB04F80EFB191150
:100540009BB243EA0143434535D2FB1809F1FF3121
:100550002CBF4FF0010A4FF0000A4345BBD2BAF15D
:10056000000FB8D1A9F102013B44B4E7841A68EB4B
:10057000030201209646EBE63A44A8F102082BE775
:10058000ACF1020C3B4410E702393B44A9E63A4483
:100590000238BEE6A7EB0808A9F1020C4144B1FB02
:1005A000FEF909FB04F8C9E7AEF1020E3C4444E74A
:1005B000023B3C445EE749468DE7A1EB0801CC468F
:1005C000B1FBFEF909FB04F8B8E700BF704700BFB4
:1005D00080B483B000AF7860396000BF0C37BD468F
:1005E0005DF8047B7047000080B500AF034B00222C
:1005F0001A60034811F0C8F800BF80BDA42803208A
:100600009007032080B400AF034B1B681846BD461B
:100610005DF8047B704700BFA428032080B584B038
:1006200002AF72B600BF8C4B4FF000629A60BFF30E
:100630004F8F00BF62B600BF08F0F7F900F086F9EF
:1006400000F0CAFC00F082FC00F009FB00F06EFB39
:1006500000F0B6FA00F080FB00F0F8F900F012FBB1
:1006600000F08CFA00F0F4FA00F014FB00F046FC05
:1006700000F0E8FB00F0AEFB00F01AFC774B002224
:100680001A70774B0093774B002201214FF40070D2
:100690001AF002FD0346744A1360744B0093744BC6
:1006A000002201214FF400701AF0F6FC0346714A53
:1006B0001360714B0093714B0022012146F206003A
:1006C0001AF0EAFC03466E4A13606E4B00936E4BC1
:1006D0000022012146F206001AF0DEFC03466B4AB6
:1006E00013606B4B00936B4B002201214FF47A6037
:1006F0001AF0D2FC0346684A1360684B0093684BBB
:10070000002201214FF47A601AF0C6FC0346654AC4
:100710001360654B0093654B002201214FF4A0400C
:100720001AF0BAFC0346624A1360624B0093624BB4
:10073000002201214FF4A0401AF0AEFC03465F4AAC
:1007400013605F495F4804F06FFA02F031FD1BF05F
:10075000DFFB514B00935C4B494A5C4902F0FAFBCA
:100760005B4804F0B3FA5B4801F022FE5A4A5B4949
:100770005B4801F085FB00233B603B46184602F0D6
:1007800003FD0346002B10D13B68002B0DD14FF029
:1007900000437B607B6843F411037B607B6843F01C
:1007A00004037B60786802F0B5FC19F02BFD4D4A1C
:1007B00000214D4819F070FD03464C4A13604C4A25
:1007C00000214C4819F068FD03464B4A13604B4A20
:1007D00000214B4819F060FD0346404A1360494A26
:1007E0000021494819F058FD0346354A1360474A2D
:1007F0000021474819F050FD0346374A1360454A27
:100800000021454819F048FD0346304A1360434A29
:100810000021434819F040FD0346424A1360424A12
:100820000021424819F038FD0346414A1360414A0D
:100830000021414819F030FD0346404A1360404A08
:100840000021404819F028FD03463F4A136019F083
:10085000FDFC00BFFDE700BF00ED00E0882703209E
:100860003427032000000020582703205C270320A2
:1008700000020020802703208C27032084250020ED
:1008800064280320B02703208C85002068280320DB
:10089000D427032094E5002070280320F8270320A4
:1008A00034F50020742803201C280320D4040120E0
:1008B000A029032040280320D4540120A429032088
:1008C00068140320100603206C280320C81D032091
:1008D000FC0503208C04032018190320B80F032003
:1008E000B004032030ED010821120008040B03209E
:1008F00054ED010879120008080B032078ED010877
:10090000811300089CED010859140008C0ED01088E
:1009100011150008E4ED01083915000808EE01087A
:10092000D9170008782203202CEE01085919000875
:100930002827032050EE0108AD1900082C270320BA
:1009400074EE0108C31900083027032080B59EB05B
:1009500000AF07F130034822002118461DF05AFC71
:1009600007F11C0300221A605A609A60DA601A616B
:100970003B1D00221A605A609A60DA601A615A615F
:100980004FF400700EF026FA0346002B01D001F060
:100990004FF829233B634FF480337B630123BB650E
:1009A0000023BB6401237B640223FB6503233B66B6
:1009B00001237B661023BB660723FB6604233B678A
:1009C00002237B6707F1300318460EF093FA0346C3
:1009D000002B01D001F02CF80F23FB6103233B62B5
:1009E00000237B620023BB620023FB6207F11C0330
:1009F000032118460EF054FF0346002B01D001F0EE
:100A000017F8114B9B6D104A43F0807393650E4BA2
:100A10009B6D03F080733B603B6800237B604FF06D
:100A20000053BB600023FB604BF67F333B61222306
:100A30007B612023BB613B1D18460FF0CBFD00BF3F
:100A40007837BD4680BD00BF0010024080B58AB037
:100A500000AF07F11C0300221A605A609A603B1D28
:100A600000221A605A609A60DA601A615A613E4B3D
:100A70003E4A1A603C4B4FF430125A603A4B002207
:100A80009A60394B0022DA60374B01221A61364BEB
:100A900004225A61344B00221A76334B01225A76D3
:100AA000314B0322DA61304B002283F820202E4B99
:100AB00000229A622C4B0022DA622B4B012283F82F
:100AC0003020294B4FF480525A63274B002283F881
:100AD0003820254808F0CCF90346002B01D000F05F
:100AE000A7FF0023FB6107F11C0319461E4809F00C
:100AF00007F90346002B01D000F09AFF1C4B7B60E6
:100B00000623BB600023FB607F233B6104237B61E2
:100B10000023BB613B1D1946134808F0C7FB034681
:100B2000002B01D000F084FF124B7B600C23BB60D4
:100B30003B1D19460C4808F0B9FB0346002B01D0B9
:100B400000F076FF0C4B7B601223BB603B1D194607
:100B5000054808F0ABFB0346002B01D000F068FF0E
:100B600000BF2837BD4680BDBC0303200080024281
:100B7000400020190002B0250004002A80B500AF13
:100B80000D4B0E4A1A600C4B00221A710A4B0022C0
:100B90005A71094B00225A61074B00229A61064B99
:100BA00001221A62044809F07DFA0346002B01D0A5
:100BB00000F03EFF00BF80BD8C04032000300240E7
:100BC00080B500AF204B214A1A601F4B00225A60AB
:100BD0001D4B4FF440729A601B4B0022DA601A4B97
:100BE00001221A74184B00225A74174B00229A746F
:100BF000154B01225A61144B10229A61124B3C2270
:100C0000DA61114B13221A620F4B01225A620E4B0A
:100C100010229A620C4B0F22DA620B4B04221A63E9
:100C2000094B01225A63084B01229A63064B0022AA
:100C3000DA63054809F0E4FE0346002B01D000F01A
:100C4000F7FE00BF80BD00BFB004032000A4004039
:100C500080B400AF00BFBD465DF8047B704780B52F
:100C600000AF00200CF0FEFB0346002B01D000F08B
:100C7000DFFE0CF017FC0346002B01D000F0D8FE7D
:100C800000BF80BD80B400AF00BFBD465DF8047BEF
:100C90007047000080B500AF224B234A1A60214BF9
:100CA0004FF4E1325A601F4B00229A601D4B002224
:100CB000DA601C4B00221A611A4B0C225A61194B44
:100CC00000229A61174B00221A62164B00225A62C8
:100CD000144B00229A62134B00225A66114811F0FD
:100CE0003FF80346002B01D000F0A2FE00210D4882
:100CF00013F039FA0346002B01D000F099FE0021D1
:100D0000084813F06EFA0346002B01D000F090FE65
:100D1000044813F0EFF90346002B01D000F088FEE1
:100D200000BF80BD680503200080004080B500AF93
:100D3000074B084A1A60064B00225A6004480FF01D
:100D40001DFE0346002B01D000F072FE00BF80BDE7
:100D5000FC05032000080C4280B500AF1B4B1C4A69
:100D60001A601A4B4FF482725A60184B00229A6034
:100D7000164B4FF4E062DA60144B00221A61134BF9
:100D800000225A61114B4FF400729A610F4B0822F6
:100D9000DA610E4B00221A620C4B00225A620B4B96
:100DA00000229A62094B0722DA62084B00221A637A
:100DB000064B08225A6305480FF0F1FF0346002B4B
:100DC00001D000F035FE00BF80BD00BF100603203B
:100DD0000038004080B584B000AF3B1D00221A608F
:100DE0005A609A60154B164A1A60144B42F20F7201
:100DF0005A60124B00229A60104B41F63F72DA6043
:100E00000E4B00229A610D4810F0FFFB0346002BA9
:100E100001D000F00DFE00237B600023FB603B1D32
:100E20001946064810F0F6FE0346002B01D000F0EC
:100E3000FFFD00BF1037BD4680BD00BF4407032043
:100E40000010004080B584B000AF3B1D00221A6046
:100E50005A609A60144B154A1A60134B00225A606C
:100E6000114B00229A60104B41F63F72DA600E4B34
:100E700000229A610C4810F0C8FB0346002B01D0F9
:100E800000F0D6FD00237B600023FB603B1D19466C
:100E9000054810F0BFFE0346002B01D000F0C8FD4E
:100EA00000BF1037BD4680BD9007032000140040EE
:100EB00080B500AF0F4B104A1A600E4B4F225A609C
:100EC0000C4B00229A600B4B4FF6FF72DA60094B15
:100ED00000221A61074B00225A61064B00229A61D8
:100EE000044810F092FB0346002B01D000F0A0FD57
:100EF00000BF80BDDC0703200044014080B500AF87
:100F0000104B114A1A600F4B08221A710D4B022226
:100F10005A710C4B0222DA710A4B00221A72094BE9
:100F200000225A72074B00229A72064B0022DA7294
:100F300004480CF0C7FA0346002B01D000F078FDFE
:100F400000BF80BD2808032000D4004080B584B0D5
:100F500000AF204B9B6C1F4A43F0040393641D4B6E
:100F60009B6C03F00403FB60FB681A4B9B6C194AF3
:100F700043F001039364174B9B6C03F00103BB60C8
:100F8000BB68144B9B6C134A43F002039364114BF0
:100F90009B6C03F002037B607B68002205211D200F
:100FA00009F045F81D2009F05CF8002205211E20FB
:100FB00009F03DF81E2009F054F8002205215020C8
:100FC00009F035F8502009F04CF800BF1037BD4645
:100FD00080BD00BF0010024080B58AB000AF07F1AD
:100FE000140300221A605A609A60DA601A613F4B5B
:100FF000DB6C3E4A43F00403D3643C4BDB6C03F0F0
:1010000004033B613B69394BDB6C384A43F0800396
:10101000D364364BDB6C03F08003FB60FB68334B1F
:10102000DB6C324A43F00103D364304BDB6C03F0DA
:101030000103BB60BB682D4BDB6C2C4A43F0020301
:10104000D3642A4BDB6C03F002037B607B680022D5
:101050004FF4604126480BF0D3FB002240F201110F
:1010600024480BF0CDFB002241F2E40122480BF0B2
:10107000C7FB4FF460437B610123BB610023FB612D
:1010800000233B6207F11403194619480BF04AF993
:1010900040F201137B610123BB610023FB6100234C
:1010A0003B6207F11403194612480BF03BF941F279
:1010B000E4037B610123BB610023FB6100233B62EE
:1010C00007F1140319460C480BF02CF908237B6137
:1010D0000023BB610023FB6107F114031946074895
:1010E0000BF020F900BF2837BD4680BD001002403C
:1010F000000802420000024200040242001C0242B8
:1011000080B584B000AF78600C4B1B68002B10D00A
:101110000023FB60094B1B6807F10C0211461846BF
:101120001BF0D0FDFB68002B03D0054B4FF0805225
:101130001A6000BF1037BD4680BD00BF28270320BE
:1011400004ED00E080B584B000AF78600023FB6060
:101150002C4B1B887F2B03D92A4B00221A8047E097
:10116000294B1B780D2B0DD0264B1B881A46264B7E
:101170001978264B9954234B1B8801339AB2214B83
:101180001A8035E01F4B1B88002B2ED01D4B1B886F
:10119000802B2AD81E4B1B68002B26D01C4B1868AE
:1011A0000023022217491AF0E0F80346022B1CD153
:1011B000174B1868134B1B881A46002313491AF063
:1011C000D4F803460F4A128893420ED1114B1B6884
:1011D00007F10C02114618461BF074FDFB68002B4A
:1011E00003D00D4B4FF080521A60064B00221A803C
:1011F00001220549094810F097FE00BF1037BD468F
:1012000080BD00BF86270320842703200004002020
:1012100058270320040B032004ED00E06805032099
:1012200080B584B000AF786001220F490F4810F0FC
:101230007BFE0F4B186807F10A014FF0FF330222C3
:101240001AF025F9F8600A4B18687B891A464FF0A6
:10125000FF3308491AF01BF9F8607B8919460548E5
:1012600001F020FCE5E700BF842703206805032088
:10127000582703200005002080B59EB000AF78609D
:101280003B4B186807F14C014FF0FF3328221AF04E
:10129000FEF80346282BF3D1BB6D184606F0B6FACC
:1012A000034687F8773097F87730002B09D0304B1A
:1012B000186897F8772007F10C014FF0FF331AF008
:1012C000E6F87B6D002B12D1FB6C97F8771007F1D5
:1012D0000C02184601F020FC1AF01AFE024607F133
:1012E0000C0107F14C03184601F078FE2AE07B6DF3
:1012F000B3F1005F26D1FB6C40F20372934221D11F
:101300001C4B00225A611B4B00229A61194B002290
:101310009A603B6D174A5360FB6C164A1360BB6DB5
:10132000144AD360134BDB68082B02D9114B0822F7
:10133000DA6008221049114806F0A4FA0F490D4856
:1013400000F086FE1AF0E4FD024607F10C0107F1F9
:101350004C03184601F022FA1AF0DAFD024607F1B2
:101360000C0107F14C03184601F0CEFA88E700BFE4
:10137000A0290320782803209005FA0B9C2803203D
:1013800080B59EB000AF786000233B6715E02F4B1F
:1013900018683A6F1346DB0013449B001A4607F1A6
:1013A0004C0399183B6FC3F124024FF0FF331AF03E
:1013B0006EF802463B6F13443B673B6F232BE6D925
:1013C000BB6D184606F022FA034687F877307B6D2E
:1013D000B3F1005F02D1002387F8773097F87730B8
:1013E000002B1FD000233B6711E0184B186807F152
:1013F0000C023B6FD11897F877203B6FD21A4FF051
:10140000FF331AF044F802463B6F13443B6797F8EA
:1014100077303A6F9A42E8D304E04FF0FF31012071
:101420001BF056FA0A4809F01FFF0346002BF4D0C0
:1014300007F10C0207F14C031946054809F078FD45
:10144000044BDB680133034AD3609DE7A4290320E2
:10145000B00403200000032080B584B000AF7860A2
:1014600001F04EFB00F030FD03222449244807F030
:101470004BFE03F0EDFA00F0E1FA03F009FB1AF07D
:1014800047FD0346184601F079F91AF041FD03467D
:10149000184601F029FA1B4810F076F91A4810F0A6
:1014A0000BF91AF035FD0346FB60FB68184603F0A4
:1014B000DBFAFB68184603F0F7FAFB68184600F001
:1014C000FBFA124B1B78DBB2002B07D1FB681846E6
:1014D00001F0FCFCFB68184601F0CEF9FB681846E9
:1014E00001F096FAFB68184601F05CFD07F10C0369
:1014F0000A2118461AF088FBD3E700BF282A0320E8
:10150000BC03032044070320DC070320540003200E
:1015100080B582B000AF78604FF0FF3101201BF042
:10152000D7F9044B18680023022200211BF06CFA43
:1015300000BFF1E7B80F032080B588B002AF786034
:1015400000237B739D4B1B68184619F05FFE034612
:10155000002B00F0D080994B186807F10D014FF077
:10156000FF33012219F093FF0346012B40F0C380A3
:10157000924B1B68184619F049FE0346012B40F2B6
:10158000BA808E4B186807F10E014FF0FF3302222C
:1015900019F07DFF0346022B40F0AD80FB89B3F5C7
:1015A000805F80F0A8800023FB82FB89002B17D08E
:1015B00012E0824B1868FB8A814A9918FB891A4607
:1015C000FB8AD31A1A464FF0FF3319F060FF034627
:1015D0009AB2FB8A1344FB82FB89FA8A9A42E8D1C9
:1015E0007B7B002B35D11AF093FCFA8907F10A03B3
:1015F0000093744B724905F051FE7B89002B1DD07E
:10160000714B186807F10A014FF0FF33022219F0FD
:1016100013FE38616C4B18687B891A464FF0FF3314
:10162000684919F009FE02463B6913443B61674B68
:1016300018680023022200211BF0E6F91AF068FC6A
:10164000FA8907F10A0300935E4B5D4906F0B0F892
:1016500051E01AF05DFCFA8907F10A030093594B37
:10166000574905F0F9FF7B89002B3AD000237B75A1
:10167000544B1B787F2B02D001237B7510E07B89B4
:10168000022B0DD94F4B9B78112B09D04D4B9B78DA
:10169000122B05D04B4B9B78312B01D001237B754E
:1016A0007B7D002B1DD0484B186807F10A014FF0D5
:1016B000FF33022219F0C0FD3861434B18687B8963
:1016C0001A464FF0FF333F4919F0B6FD02463B6919
:1016D00013443B613D4B18680023022200211BF09C
:1016E00093F91AF015FCFA8907F10A030093354BB8
:1016F000334906F05DF8364B1B68184619F086FD35
:101700000346012B54D9324B186807F10E014FF0F4
:10171000FF33022219F0BBFE0346022B48D1FB899E
:10172000B3F5805F44D20023FB8212E0284B186897
:10173000FB8A234A9918FB891A46FB8AD31A1A4650
:101740004FF0FF3319F0A3FE03469AB2FB8A13440D
:10175000FB82FB89FA8A9A42E8D11AF0D9FBFA890E
:1017600007F10A030093174B154906F023FB7B8909
:10177000002B1DD0174B186807F10A014FF0FF33FB
:10178000022219F059FD3861124B18687B891A46FC
:101790004FF0FF330B4919F04FFD02463B691344EC
:1017A0003B610A4B18680023022200211BF02CF930
:1017B0004FF0FF3100201BF08BF8C3E664280320B4
:1017C000800500208415002068280320782203204B
:1017D000702803207428032080B586B000AF78609D
:1017E0000023FB82564B1B68184619F00FFD034679
:1017F000012B5ED9524B18684FF0FF33022251493A
:1018000019F045FE0346022B53D14F4B03F580538D
:101810009B8AB3F5805F4CD20023FB8215E0484BD6
:101820001868FB8A494A9918474B03F580539B8AED
:101830001A46FB8AD31A1A464FF0FF3319F027FED7
:1018400003469AB2FB8A1344FB823F4B03F5805355
:101850009B8AFA8A9A42E2D11AF05AFB0346194649
:10186000394802F05DF90346002B22D116E0344BD3
:101870001B68184619F0CAFC0346012B18D8344BD4
:101880001B78DBB2002B05D02F4B03F5005393F8E8
:10189000233000E00A23184618F091FD1AF038FBB7
:1018A0000346184605F022FC0346012BDFD100E079
:1018B00000BF284B1B68184619F0A8FC0346012BF3
:1018C00038D9244B186807F114014FF0FF33022276
:1018D00019F0DDFD0346022B2CD1BB8A082B29D839
:1018E0000023FB8213E01B4B1868FB8A07F10C02F4
:1018F000D118BB8A1A46FB8AD31A1A464FF0FF3317
:1019000019F0C5FD03469AB2FB8A1344FB82BB8AD9
:10191000FA8A9A42E7D102E00A2018F050FD1AF044
:10192000F7FABA8A07F10C03194606F0E3F9034601
:10193000012BF1D14FF0FF3100201AF0C9FF51E720
:1019400068280320E8B40120D4A40120F0B40120C9
:10195000540003207428032080B584B000AF786061
:101960000E490F4803F0DEF90D4B18684FF0FF33B6
:1019700080220C4919F08BFDF860FB68002BF3D036
:10198000FB689BB21A460749074810F039FA4FF036
:10199000FF3101201AF09CFFE6E700BF2827032053
:1019A00080270320800400206805032080B582B0D2
:1019B00000AF7860786801F05FF800BF0837BD4677
:1019C00080BD80B582B000AF7860002001F05FF884
:1019D00000BF0837BD4680BD80B582B000AF7860DB
:1019E0007B681B680E4A934205D10E4B1B6801337E
:1019F0000C4A13600FE07B681B680B4A934202D1CC
:101A000007F02EF807E07B681B68084A934202D172
:101A1000786801F01FF800BF0837BD4680BD00BFE1
:101A200000140040A4280320002C014000100040B6
:101A300080B400AF72B600BF00BFFDE780B500AF55
:101A4000054BDB8B9BB2DAB2044B1A70034803F0F0
:101A50001FF900BF80BD00BF58000320A828032045
:101A600080B483B000AF03460A46FB711346BB71D6
:101A7000BB79002B09D00F4BDB8B9AB2FB799BB261
:101A800013439AB20B4BDA830DE00A4BDB8B9BB20C
:101A90001AB2FB799BB2DB439BB21BB213401BB261
:101AA0009AB2044BDA8300BF0C37BD465DF8047B65
:101AB000704700BF5800032080B582B000AF786047
:101AC000104B9B8B9AB2104B9A840E4BDB8B9AB2C5
:101AD0000E4B9A847B6840F6B732934207D80C4B82
:101AE0001B78002B03D1074BFF22DA8302E0084B5F
:101AF00001221A70074803F0CBF800BF0837BD4633
:101B000080BD00BF58000320D400032044010320FF
:101B1000A92803207600032080B400AF00BFBD4693
:101B20005DF8047B7047000080B584B000AF78603A
:101B30000B467B80194B00225A62184B0222DA6254
:101B4000164B01221A63154B40F2FF729A63002371
:101B5000FB7318E0FB7B114A9362FB7B5B007A68A6
:101B600013441B881A460D4B5A630D4B1B680D49D5
:101B7000184609F0BAF80346002B01D0FFF758FFCA
:101B8000FB7B0133FB73FB7B9BB27A889A42E1D8E3
:101B900000BF00BF1037BD4680BD00BF000003205E
:101BA000AC2803202400032080B584B000AF786007
:101BB0000B467B80194B4FF08042DA63174B0222B1
:101BC0005A64164B01229A64144B6FF000421A6556
:101BD0000023FB7317E0FB7B104A1364FB7B9B0025
:101BE0007A6813441B680D4AD3640D4B1B680D497A
:101BF000184609F07AF80346002B01D0FFF718FFCA
:101C0000FB7B0133FB73FB7B9BB27A889A42E2D861
:101C100000BF00BF1037BD4680BD00BF00000320DD
:101C2000AC2803203C00032080B48BB000AF786068
:101C30006FF000433B620123FB757B68404A93428F
:101C400003D940F2EE233B830AE07B683D4A93428E
:101C500003D94FF448733B8302E040F26B333B837C
:101C60003B8B394AA2FB03231B09BB82374B3B61E9
:101C70000123BB833A697B68B2FBF3F3FB770AE08D
:101C8000BB8B0133BB83BB8B3A69B2FBF3F27B683E
:101C9000B2FBF3F3FB77FB7F192BF1D845E0FB7F19
:101CA0005B08FB7631E0FA7FFB7ED31ADBB2013BA7
:101CB000FB733A8BFB7E4FF47A7103FB01F1FB7FE0
:101CC00091FBF3F3D31A7B627B6A002B02DA7B6A07
:101CD0005B427B627A6A3B6A9A4213DABB8A7A6A0F
:101CE0009A420FDC7B6A3B62194B1B68BA8B5A61C4
:101CF000174B1B68FA7EDA61154B1B68FA7B1A6278
:101D00000023FB75FB7E0133FB76FA7EFB7F023BF3
:101D10009A42C8DBBB8B0133BB83BB8B3A69B2FBF6
:101D2000F3F27B68B2FBF3F3FB77BB8BB3F5806F09
:101D3000B5D3FB7D18462C37BD465DF8047B704754
:101D400000350C0020A10700CDCCCCCC005A62029B
:101D5000AC28032080B582B002AF00224021434866
:101D60000AF04EFD424B1B68184608F09BFF404BA3
:101D70001B680D225A633E4B1B6801229A633C4B41
:101D80001B68184608F03CFE0346002B01D0FFF705
:101D90004FFE0D213748FFF7C7FE01213648FFF7F8
:101DA00003FF334B18680023009300230222022113
:101DB00008F0F5FF0346002B01D0FFF739FE2C4B4E
:101DC0001B68184609F01CF80346002B01D0FFF7EA
:101DD0002FFE274B1B6800220121184609F056FAF6
:101DE0000346002B01D0FFF723FE214B1B68002286
:101DF0000621184609F04AFA0346002B01D0FFF7E6
:101E000017FE1B4B1B6807224FF4F051184609F0D0
:101E10003DFA0346002B01D0FFF70AFE144B1B6866
:101E200007228021184609F031FA0346002B01D021
:101E3000FFF7FEFD0E4B1B6800221049184609F003
:101E400025FA0346002B01D0FFF7F2FD084B1B6873
:101E500000224FF46021184609F018FA0346002BBF
:101E600001D0FFF7E5FD00BFBD4680BD0004024282
:101E7000AC28032098EE0108B4EE01080040710080
:101E800080B584B000AFF860B9607A60094AFB6839
:101E90001360094ABB681360084A7B6813600849ED
:101EA000012018F07AFC0346064A136000BF103781
:101EB000BD4680BDAC280320B0280320B4280320F1
:101EC000502903204C29032080B500AF0A4B1B6822
:101ED000184608F0E7FE084B1B68184608F090FD0E
:101EE0000346002B01D0FFF7A3FD00F08FF8FFF7AA
:101EF00031FF00BF80BD00BFAC28032080B500AF1C
:101F0000034B1B68184608F0CDFE00BF80BD00BF24
:101F1000AC28032080B584B000AF78600023FB7349
:101F20007B68082B4DD801A252F823F0511F0008FE
:101F30005F1F00086D1F00087B1F0008871F000837
:101F4000931F00089F1F0008AB1F0008B71F000861
:101F500042F21070FFF768FE0346FB7344E044F65C
:101F60002060FFF761FE0346FB733DE04CF250300A
:101F7000FFF75AFE0346FB7336E01E48FFF754FE98
:101F80000346FB7330E01C48FFF74EFE0346FB732D
:101F90002AE01A48FFF748FE0346FB7324E018487E
:101FA000FFF742FE0346FB731EE01648FFF73CFEB8
:101FB0000346FB7318E01448FFF736FE0346FB7335
:101FC00012E07B6842F20F7293420AD97B680E4A94
:101FD000934206D87868FFF727FE0346FB7300BFDD
:101FE00001E00123FB7300BFFB7B18461037BD46A1
:101FF00080BD00BFA086010048E8010090D003002A
:1020000020A1070000350C0040420F0080B400AF53
:102010000E4B00221A710D4B0022DA600B4B00228E
:102020001A610A4B00225A61084B00229A61074B41
:1020300000229A60054B0022DA61044B002283F8EB
:10204000202000BFBD465DF8047B704700000320E0
:1020500080B586B000AF786039600023BB747B68C0
:10206000DB68184605F0D2FB0346FB747B689B686F
:10207000B3F1005F01D10023FB74FB7C2433FB60D0
:1020800000BF2C4B1B684FF0FF31184618F09DFD28
:102090000346012BF5D1284B1B68184619F08CF824
:1020A0000246FB6893420AD9244B1B79DBB243F00A
:1020B0000203DAB2214B1A710223BB7425E01E4BD6
:1020C00018684FF0FF332422796819F0B5F8786169
:1020D000FB7C002B0BD0184B1868FA7C4FF0FF33B9
:1020E000396819F0A9F802467B6913447B617A6963
:1020F000FB689A4209D0114B1B79DBB243F008030D
:10210000DAB20E4B1A710123BB740A4B1868002314
:102110000022002118F05CFB094B1B6818680023A3
:10212000022200211AF070FCBB7C18461837BD460D
:1021300080BD00BF4C290320A429032000000320F8
:10214000B028032080B586B000AF786039600023E6
:10215000BB603B6803F00103002B4FD0454B464A60
:102160004021786808F028FF0346002B01D0FFF7D4
:10217000D3FC424B5B690133404A53613E4BDB6801
:10218000184605F043FB0346FB74FB7C2833FB60D9
:102190003B4B1B68184619F00FF80246FB68934248
:1021A0000ED9364B9B690133344A9361354B1B681A
:1021B0001B6807F10802114618461AF083FD1DE05E
:1021C0002F4B186807F1080328222B4919F0CDF886
:1021D0007861FB7C002B0BD0294B1868FA7C07F147
:1021E0000803244919F0C1F802467B6913447B6156
:1021F0007A69FB689A4201D0FFF78EFC3B6803F0D6
:102200000203002B0BD01D4B1B79DBB243F0010303
:10221000DAB21A4B1A717B681B6802221A653B6896
:1022200003F00403002B19D0144B9B690133134AAC
:102230009361124B1B79DBB243F00803DAB20F4B08
:102240001A717B681B6804221A650E4B1B681B6899
:1022500007F10802114618461AF034FDBB68002B3E
:1022600003D0094B4FF080521A6000BF1837BD46AB
:1022700080BD00BFB8280320F828032000000320F9
:10228000A0290320B428032004ED00E080B584B029
:1022900000AF786039600023FB600C4B1B69013391
:1022A0000A4A13610A4B1B681B6807F10C021146AE
:1022B00018461AF007FDFB68002B03D0054B4FF0C2
:1022C00080521A6000BF1037BD4680BD0000032059
:1022D000B028032004ED00E080B584B000AF786042
:1022E0000023FB600C4BDB6901330B4AD3610B4BC2
:1022F0001B681B6807F10C02114618461AF0E2FC35
:10230000FB68002B03D0064B4FF080521A6000BFD1
:102310001037BD4680BD00BF00000320B428032055
:1023200004ED00E080B582B000AF786039601E49EE
:10233000786808F049FF3B6803F40033002B0BD0AA
:10234000194BDB68002B03D1184B00221A6003E005
:10235000164B4FF000421A603B6803F48023002BB9
:1023600014D0114B1B69012B08D1104B1B79DBB228
:1023700043F00403DAB20D4B1A7107E00B4B1B79E3
:10238000DBB223F00403DAB2084B1A713B6803F4A2
:102390000023002B03D0054B012283F8202000BF2F
:1023A0000837BD4680BD00BF202903200000032060
:1023B00080B483B000AF7860044A7B68136000BFCC
:1023C0000C37BD465DF8047B704700BFA829032089
:1023D00080B485B000AF786039607B68FB604FF0F7
:1023E000FF33BB600EE0FB685A1CFA601B781A468C
:1023F000BB685340DBB20A4A52F82320BB681B0A71
:102400005340BB603B685A1E3A60002BEBD1BB685F
:10241000DB4318461437BD465DF8047B704700BFA8
:10242000B8EE010880B584B000AF03463960FB8088
:10243000234B00225A61224B00229A61204B00223A
:102440009A601F4B00225A60FB881D4A136038684F
:1024500005F037FA03467B810023FB8127E0002348
:102460007B737A89FB89D31A082B02D908237B73E3
:1024700005E07B89DAB2FB89DBB2D31A7B737B7B05
:10248000184605F0D5F903460D4AD360FB893A6832
:1024900013447A7B19460B4805F0F4F909490848BA
:1024A000FFF7D6FD7B7B9AB2FB891344FB81FA8947
:1024B0007B899A42D3D300BF00BF1037BD4680BD91
:1024C000B0290320D429032080B483B000AF786002
:1024D00039607B689B68002B2DD17B681B68194A8B
:1024E000934228D13B681B78502B24D13B680133A1
:1024F0001B78342B1FD13B6802331B78242B1AD155
:102500003B6803331B78242B15D13B6804331B78BD
:10251000572B10D13B6805331B78302B0BD13B6810
:1025200006331B78522B06D13B6807331B78442BAC
:1025300001D1012300E0002318460C37BD465DF8A9
:10254000047B7047FECA770080B582B000AF80235D
:10255000FB80274B00225A61254B00229A61244BB5
:1025600000229A60224B00225A60214B4FF4DE6217
:102570001A60204B1B88002B09D1022005F058F966
:1025800003461B4AD3601C4B00225A7005E0012011
:1025900005F04EF90346164AD360164B1B88DB083C
:1025A0009BB21A46154B9B5C1A46124B1B88DB43A9
:1025B00003F0070342FA03F3DBB203F00103DAB2DC
:1025C0000D4B1A700B4B1B8801339AB2094B1A80C2
:1025D000084B1B88FA889A4202D2064B00221A80C6
:1025E00005490348FFF734FD00BF0837BD4680BDED
:1025F000DC2903200A2A0320002A032060EB0108BB
:1026000080B582B000AF9023FB802A4B00225A6134
:10261000284B00229A61274B00229A60254B00220A
:102620005A60244B40F2F1621A60234B1B88002B46
:1026300009D1012005F0FCF803461E4AD3601F4B68
:1026400000221A7005E0002005F0F2F80346194A4E
:10265000D360194B1B88DB089BB21A46184B9B5C56
:102660001A46154B1B88DB4303F0070342FA03F3BA
:1026700003F00103002B03D10E4B00229A6003E00C
:102680000C4B4FF000529A600B4B1B8801339AB2EF
:10269000094B1A80084B1B88FA889A4202D2064BD3
:1026A00000221A8005490348FFF7D2FC00BF083713
:1026B000BD4680BDDC2903200C2A0320002A03200C
:1026C00074EB010880B582B000AF9823FB80274BE4
:1026D00000225A61254B00229A61244B00229A6005
:1026E000224B00225A60214B40F2F2621A60204BCA
:1026F0001B88002B09D1012005F09AF803461B4ADC
:10270000D3601C4B00221A7005E0002005F090F801
:102710000346164AD36017491448FFF799FC144B37
:102720001B8801339AB2124B1A80114B1B88FA880E
:102730009A4202D20E4B00221A800D4B1B88DB08F6
:102740009BB21A460C4B9B5C1A46094B1B88DB4319
:1027500003F0070342FA03F303F00103002B00D058
:10276000C5E700BF00BF0837BD4680BDDC29032098
:102770000E2A0320002A032088EB010880B483B0CE
:1027800000AF7860044B00221A6000BF0C37BD46D2
:102790005DF8047B704700BFAC29032080B584B08E
:1027A00000AFF860B9607A60FB689B68002B0AD1C3
:1027B000FB681B6840F25642934204D127494FF40C
:1027C000EE60FFF72FFEFB689B68B3F1005F0AD154
:1027D000FB681B6840F27272934204D1204940F2B8
:1027E0007270FFF71FFEFB689B68002B12D1FB681D
:1027F0001B6840F2574293420CD108221949B8682D
:102800001BF0F8FC0346002B04D1174940F271700D
:10281000FFF708FEB968F868FFF756FE0346002B7D
:1028200004D0124940F27370FFF7FCFDFB689B680F
:10283000002B0ED1FB681B68B3F58B6F09D1FB68C9
:10284000DB68002B05D10A4B01221A70094B0022CC
:102850001A6000BF1037BD4680BD00BF9CEB010869
:10286000B4EB0108CCEB0108D8EB0108ECEB010854
:10287000082A0320AC29032080B582B000AF78601D
:10288000154B1B78002B23D0144B1968144BA3FB5A
:102890000123DA0813469B0013445B00CA1A002A7E
:1028A00003D1FFF751FEFFF7ABFE0C4B1A680D4B3F
:1028B000A3FB02135B09642101FB03F3D31A002B72
:1028C00001D1FFF7FFFE054B1B680133034A13607C
:1028D00000BF0837BD4680BD082A0320AC2903206D
:1028E000CDCCCCCC1F85EB5180B483B000AF7860E9
:1028F000044B00221A6000BF0C37BD465DF8047B14
:10290000704700BF102A032080B5A8B002AFF8605E
:10291000B9607A600023C7F89430FB68DB6818461A
:1029200004F074FF034687F89230FB681A6897F842
:10293000923007F1100000931346334A80211BF0B8
:1029400023FCC7F89400D7F89430002B57DDD7F854
:1029500094307F2B53D8002387F893301FE0D7F8AB
:10296000943007F11002D018D7F89430C3F18001E9
:1029700097F89330BA6813441B78244A1BF004FC80
:102980000246D7F894301344C7F89430D7F89430FF
:102990007C2B0FD897F89330013387F8933097F852
:1029A000932097F892309A4205D297F893303F2BB4
:1029B000D5D900E000BFD7F894307D2B1AD8D7F8CE
:1029C00094305A1CC7F8942098333B440D2203F8E6
:1029D000882CD7F894305A1CC7F8942098333B447D
:1029E0000A2203F8882C07F11002D7F89430134418
:1029F00000221A7007F11003184602F0F3F900BF25
:102A00009837BD4680BD00BF08EC01082CEC0108DA
:102A100080B582B000AF78600B4B1A680B4BA3FBFC
:102A200002135B09642101FB03F3D31A002B02D1CB
:102A3000074802F0D7F9044B1B680133024A1360C0
:102A400000BF0837BD4680BD102A03201F85EB510B
:102A500034EC010880B483B000AF7860054B1B688C
:102A60000133044A136000BF0C37BD465DF8047B98
:102A7000704700BF142A032080B582B000AF786091
:102A8000002019F05DF800BF0837BD4680BD80B555
:102A900082B000AF7860002019F052F800BF08370C
:102AA000BD4680BD80B483B000AF78600B467B80AC
:102AB00000BF0C37BD465DF8047B704780B582B01F
:102AC00000AF78607B689B6E9BB2184604F012FFE3
:102AD00003461A467B68DA847B682433042118464F
:102AE000FFF776FC02467B689A62044B1A687B68A3
:102AF0001A6100BF0837BD4680BD00BF000003203B
:102B000080B400AF034B00221A7000BFBD465DF8D1
:102B1000047B70475400032080B584B000AFF86098
:102B2000B9607A607B681B889AB27B681A80BB6840
:102B3000012B06D87B681B889BB2DBB29AB27B68FC
:102B40001A80BB68002B00F0BA81FB68B3F5EA7FFE
:102B500080F0B281FB68B3F5DC7F3CD2FB6840F2C9
:102B6000A712934200F08C81FB68B3F5D47F80F00C
:102B7000A381FB68B3F5A87F00F09081FB68B3F5F3
:102B8000A87F00F29981FB68A22B00F06481FB68AA
:102B9000A22B00F29181FB68982B00F05581FB6815
:102BA000982B00F28981FB68772B00F28581FB6806
:102BB000582B51D2FB681A2B00F0E980FB681A2BC6
:102BC000C0F07A81FB68432B00F27681FB68242BEE
:102BD00080F08A8070E1FB68A3F5DC731B2B00F2A8
:102BE0006B8101A252F823F08D2E0008B92E000847
:102BF000B92E0008A92E0008B92E0008B92E000829
:102C0000B92E0008B92E0008B92E0008B92E000808
:102C1000B92E0008B92E0008B92E0008B92E0008F8
:102C2000B92E0008B92E0008B92E0008752E00082C
:102C3000B92E0008B92E0008B92E0008B92E0008D8
:102C4000B92E0008B92E0008B92E0008B92E0008C8
:102C5000B92E0008652E0008FB68583B1F2B00F2B8
:102C60002B8101A252F823F0FD2D0008B92E000897
:102C7000B92E0008B92E0008B92E0008B92E000898
:102C8000B92E0008B92E0008B92E0008B92E000888
:102C9000E72D0008B92E0008B92E0008B92E00084B
:102CA000B92E0008B92E0008B92E0008B92E000868
:102CB000B92E0008B92E0008B92E0008392E0008D8
:102CC000B92E0008B92E0008B92E0008B92E000848
:102CD000B92E0008B92E0008B92E0008B92E000838
:102CE000B92E0008132E0008FB68243B1F2B00F2AE
:102CF000E38001A252F823F0792D0008B92E0008D4
:102D0000B92E0008B92E0008B92E0008B92E000807
:102D1000B92E0008B92E0008B92E0008B92E0008F7
:102D2000B92E0008BB2D0008B92E0008B92E0008E6
:102D3000B92E0008B92E0008B92E0008B92E0008D7
:102D4000B92E0008B92E0008B92E0008A52D0008DC
:102D5000B92E0008B92E0008B92E0008B92E0008B7
:102D6000B92E0008B92E0008B92E0008B92E0008A7
:102D7000B92E0008D12D00087B681B889BB218462D
:102D800004F0B8FD03461A464F4B1A8097E07B6863
:102D90001B889BB2184604F0ADFD03461A464A4B09
:102DA0005A808CE07B681B889BB2184604F0A2FD19
:102DB00003461A46444B9A8081E07B681B889BB28D
:102DC000184604F097FD03461A463F4BDA8076E03A
:102DD0007B681B889BB2184604F08CFD03461A469C
:102DE000394B9A826BE07B681B889BB2184604F0D3
:102DF00081FD03461A46344B1A8160E07B681B88CC
:102E00009BB2184604F076FD03461A462E4B5A81B3
:102E100055E07B681B889BB2DAB22B4B1A73BB68F8
:102E2000012B4BD97B681B889BB21B0A9BB2DAB281
:102E3000254B83F8202041E07B681B889BB2DBB2E6
:102E40009AB2214BDA813AE07B681B889BB2DAB2F6
:102E50001D4B9A7533E07B681B889BB2DAB21A4B24
:102E6000DA752CE07B681B889BB2DBB29AB2164BFA
:102E70001A8224E07B681B889AB2134B5A821EE0A8
:102E80007B681B889AB2104B5A8318E07B681B88BA
:102E90009BB2DBB29AB20C4B9A8310E07B681B8822
:102EA0009AB2094B1A830AE07B681B889BB2DBB29B
:102EB0009AB2054BDA8302E000BF00E000BF00BF1A
:102EC0001037BD4680BD00BF5800032080B584B0D8
:102ED00000AF78600023FB8131E0FB891C4A52F887
:102EE0002330DB6E7A68D21AFB89194951F82330F6
:102EF0005B6E9A4220D3FB89154A52F8233018465C
:102F0000FFF7DCFDFB89124A52F823301846FB8993
:102F10000F4A52F8233024331946FFF799F8FB89FA
:102F20000B4A52F823309A6E01329A66FB89084A9E
:102F300052F823307A68DA66FB890133FB81FB891A
:102F4000012BCAD900BF00BF1037BD4680BD00BFEE
:102F50007C00032080B584B000AFF860B9607A606F
:102F60003B600C4ABB6813600B4A7B6813600B4ADA
:102F70003B6813600A4ABB69136000F063F8F868A5
:102F800004F080F8F86804F08FFE0023184610372C
:102F9000BD4680BD182A03201C2A0320202A0320B6
:102FA000242A032080B584B000AF78600023FB732F
:102FB000786804F07BF803461A46FB7B1343FB73E7
:102FC000786804F07DFE03461A46FB7B1343FB73CF
:102FD000FB7B18461037BD4680BD000080B584B02D
:102FE00000AFF860B9607A60134B1B687A68B96803
:102FF000F86804F08DF80346012B07D10F4B1B68CE
:10300000186800230222002119F0FEFC0C4B1B68FB
:103010007A68B968F86804F08FFE0346012B07D17F
:10302000064B1B68186800230222002119F0ECFCF3
:1030300000BF1037BD4680BD1C2A0320182A03207C
:10304000242A032080B582B000AF0023FB713B46E9
:103050001946102000F0E9F80346002B08D00021A3
:10306000102000F0BEF80346002B01D00123FB71B5
:10307000FB7918460837BD4680BD80B582B000AFE9
:103080003B46184600F080F80346002B12D13B68FF
:10309000002B0CD00021102000F0A3F80346002BD9
:1030A00002D00123FB7107E00023FB7104E0002341
:1030B000FB7101E00123FB71FB7918460837BD461F
:1030C00080BD80B584B000AF786039600123FB73A8
:1030D0000023BB6007F108031946102000F0A5F893
:1030E0000346002B10D1BB687A689A420CD27B68E9
:1030F0009BB211339BB23968184600F096F803462C
:10310000002B01D10023FB73FB7B18461037BD4613
:1031100080BD000080B584B000AF78600023BB6044
:103120000123FB73174B1B78002B02D10023FB7389
:1031300022E007F108031946102000F076F8034654
:10314000002B19D1BB681133FF2B15D8BB689BB27C
:1031500011339BB27968184600F043F80346002B00
:103160000AD1BB6801331946102000F03AF8034633
:10317000002B01D10023FB73FB7B18461037BD46A3
:1031800080BD00BF8400032080B584B000AF7860AC
:103190000023FB737968102000F047F80346002BEA
:1031A00001D00123FB73FB7B18461037BD4680BD61
:1031B00080B582B000AF0023FB8008F0DDFB00206B
:1031C00013F074FA0346FB80FB88002B02D000202A
:1031D00014F06AFB08F0F2FBFB8818460837BD467E
:1031E00080BD80B584B000AF03463960FB8000230A
:1031F000FB8108F0C1FBFB883968184614F07FFC9E
:103200000346FB81FB8903F48073002B06D014F086
:1032100091FC03461A46FB891343FB8108F0CEFB61
:10322000FB8918461037BD4680BD80B584B000AF1D
:1032300003463960FB800023FB81FB883968184610
:1032400014F038FC03461A46FB891343FB81FB89C3
:1032500018461037BD4680BD80B483B000AF78609B
:103260000B46FB701346BB70FB7803F00103002B89
:1032700002D07B6800221A70FB7803F00203002B57
:1032800004D07B6803F5805303221A7400BF0C3707
:10329000BD465DF8047B704780B586B000AFF8602E
:1032A0000B467A60FB727B681B7803F00F03FB759B
:1032B000FB681B78002B04D006220121F868FFF779
:1032C000CBFFFB7D002B17D0FB7D072B14D8FA7D9D
:1032D000FB7A013B9A420FD8FB6803F10D007B6833
:1032E0000133FA7D194604F0CDFAFB7D9AB2FB68F2
:1032F0005A80FB6802221A7000BF1837BD4680BD95
:1033000080B584B000AFF8600B467A60FB72FB6852
:103310001B78002B04D006220121F868FFF79CFFE0
:10332000FB7A072B43D97B681B781BB21B021BB2AD
:1033300003F470631AB27B6801331B781BB213432A
:103340001BB29AB2FB689A80FB689B88072B2ED928
:10335000FB689B88B3F5805F1CD8FB6803F10D0008
:103360007B6802330622194604F08CFAFB680622B9
:103370005A80FB6801221A70FB6803F50053002293
:103380009A77FB6801221A73FB6803F580530122C8
:10339000DA810CE0FB6803F5005302229A77FB68A0
:1033A00001221A7307220121F868FFF755FF00BFB9
:1033B0001037BD4680BD80B586B000AFF8600B46C3
:1033C0007A60FB72FB681B78012B75D17B681B78D8
:1033D00003F00F03FB75FB7D9AB2FB6803F5805386
:1033E000DB8903F00F039BB29A4205D0042201212E
:1033F000F868FFF731FF60E0FB689A88FB685B883C
:10340000D31ABB82BB8A072B02D9FB7A082B54D173
:10341000BB8A072B04D8FB7A9BB2BA8A9A424CD259
:10342000FB6803F58053DB8901339AB2FB6803F52F
:103430008053DA81BB8A062B02D8BB8ADBB202E05A
:10344000FB7A013BDBB2FB74FB685B880833FA68EC
:103450001344581D7B680133FA7C194604F012FAB4
:10346000FB685A88FB7C9BB213449AB2FB685A8073
:10347000FB685A88FB689B889A4203D1FB6802224A
:103480001A701AE0FB6803F50053DB7F002B14D0A1
:10349000FB6803F58053DB89013BFA6802F50052B3
:1034A000D27F93FBF2F101FB02F29B1A002B04D1B5
:1034B000FB6801221A7300E000BF1837BD4680BDCB
:1034C00080B584B000AFF8600B467A60FB727B6811
:1034D0001B7803F00F03DAB2FB6803F5005383F89F
:1034E0002120FB7A012B08D97B6801331A78FB680D
:1034F00003F5005383F8222005E0FB6803F5005331
:10350000002283F82220FB7A022B08D97B68023341
:103510001A78FB6803F5005383F8232005E0FB6865
:1035200003F50053002283F82320FB6803F50053C2
:1035300093F82130022B24D0022B28DC002B02D060
:10354000012B0CD023E0FB6803F580531B7C022B7E
:1035500023D1FB6803F5805301221A741DE0FB6838
:1035600003F580531B7C022B05D0FB6803F58053C9
:103570001B7C012B13D1FB6803F5805302221A74C4
:103580000DE008220221F868FFF766FE08E0052238
:103590000221F868FFF760FE02E000BF00E000BF14
:1035A00000BF1037BD4680BD80B485B000AF7860E5
:1035B00039607B6800221A707B6800225A807B6821
:1035C00000229A807B6800221A737B6800229A602E
:1035D0007B6803F5805300221A747B6803F58053DF
:1035E00000225A827B6803F5805300229A827B680E
:1035F00003F580531A46002393617B6803F500535B
:10360000002283F821207B6803F50053002283F811
:1036100022207B6803F50053002283F823207B6877
:1036200003F5005300229A777B6803F500530022CC
:10363000DA777B6803F50053002283F820207B684B
:1036400003F580530022DA817B6803F500530022E2
:103650009A837B6803F500531A463B685362002344
:10366000FB6008E07A68FB6813440D3300221A708F
:10367000FB680133FB60FB68B3F5805FF2D3002386
:10368000BB600AE07A68BB68134403F580531C33BF
:1036900000221A70BB680133BB60BB68B3F5805F62
:1036A000F0D300BF00BF1437BD465DF8047B704700
:1036B00090B589B000AFF8607A603B600B46FB7252
:1036C000FB683A689A60FB7A002B2ED07B681B78E7
:1036D0001B09DBB2032B27D801A252F823F000BF4D
:1036E000F1360008FF3600080D3700081B370008C8
:1036F000FB7A7A681946F868FFF7CEFD15E0FB7A89
:103700007A681946F868FFF7FBFD0EE0FB7A7A68E5
:103710001946F868FFF74FFE07E0FB7A7A6819460A
:10372000F868FFF7CDFE00E000BFFB681B7B012BB4
:103730001BD107F1140207F11F031946F86800F0C6
:1037400019F8FA7FFB6803F500535C6A104604F031
:103750006FF80346E360FB6803F500535B6A07F10B
:10376000140211461846FEF773FC00BF2437BD460D
:1037700090BD00BF80B487B000AFF860B9607A60D8
:103780000023FB75FB681B7B002B1FD0FB6803F538
:1037900000539B7F43F03003DAB27B681A707B687A
:1037A0000133FA6802F50052D27F1A707B68023347
:1037B000FA6802F5005292F820201A70BB680322C2
:1037C0001A700123FB75FB6800221A73FB7D1846F3
:1037D0001C37BD465DF8047B704780B586B000AFEE
:1037E000F860B9607A603B600023FB75FB6803F505
:1037F00080531B7C012B40F01381FB6803F50053C1
:1038000093F82330BB75BB7DF02B01D90123BB7529
:10381000FB6803F580539B693A68D21ABB7D9A42D4
:10382000C0F0FE80FB6803F580535B8A002B6AD1F1
:10383000FB6803F580539B8A072B2FD8FB6803F5A1
:1038400080539B8ADAB27B681A707B68581CFB68CD
:1038500003F580531C33FA6802F58052928A1946A8
:1038600004F010F8FB6803F580539B8ADBB2013348
:10387000DAB2BB681A70FB6803F580539A8AFB685A
:1038800003F580535A82FB6803F5005301229A83A3
:10389000FB6803F5805303221A74B9E0FB6803F553
:1038A00080539B8A1B0A9BB25BB203F00F035BB28F
:1038B00043F010035BB2DAB27B681A70FB6803F561
:1038C00080539A8A7B680133D2B21A707B68981C45
:1038D000FB6803F580531C330622194603F0D2FF20
:1038E000BB6808221A70FB6803F5805306225A82CF
:1038F000FB6803F5005301229A83FB6803F58053AC
:1039000002221A7484E0FB6803F580539A8AFB68EC
:1039100003F580535B8AD31ABB82FB6803F500531F
:103920009B8B5BB203F00F035BB243F020035BB2EF
:10393000DAB27B681A70BB8A072B39D97B68581CAE
:10394000FB6803F580535B8A03F580531833FA68EC
:10395000134404330722194603F094FFBB6808227E
:103960001A70FB6803F580535B8A07339AB2FB68D1
:1039700003F580535A82FB6803F5005393F8223015
:10398000002B3BD0FB6803F500539B8BFA6802F5D4
:10399000005292F8222093FBF2F101FB02F29B1AF3
:1039A000002B2BD1FB6803F5805302221A7425E00B
:1039B0007B68581CFB6803F580535B8A03F58053D2
:1039C0001833FA6813440433BA8A194603F05AFFCD
:1039D000BB8ADBB20133DAB2BB681A70FB6803F54D
:1039E00080535A8ABB8A13449AB2FB6803F580530A
:1039F0005A82FB6803F5805303221A74FB6803F5AF
:103A000000539B8B01339AB2FB6803F500539A83F2
:103A10000123FB75FB6803F580531A463B689361ED
:103A2000FB7D18461837BD4680BD000080B584B0C8
:103A300000AF786039607B681B78012B0DD17B6803
:103A40009B683A68D31AFB60FB68064A934204DD20
:103A5000032201217868FFF7FFFB00231846103787
:103A6000BD4680BD400D030080B598B000AFF86042
:103A7000B9607A60002387F85F30FB6803F58053F4
:103A80001B7C012B05D0FB6803F580531B7C022BAC
:103A90000FD1FB6803F580539B69BA68D31ABB65E5
:103AA000BB6D1E4A934204D902220221F868FFF737
:103AB000D3FB07F1140207F15701BB68F868FFF761
:103AC0008CFE0346002B14D097F85730184603F0AD
:103AD000AFFE02467B68DA6002E0012003F020FFBF
:103AE00007F1140319467868FEF7B2FA0346002B73
:103AF000F3D1FB6803F580531B7C032B07D1012313
:103B000087F85F30FB6803F5805300221A7497F83A
:103B10005F3018466037BD4680BD00BF400D0300D2
:103B200080B584B000AF786039600123FB737B6897
:103B300003F580539B8AB3F5805F21D87B6803F53A
:103B400080531B7C002B04D0012202217868FFF7F0
:103B500083FB7B6803F5805300225A827B6803F560
:103B6000005300229A837B6803F580531A463B6812
:103B700093617B6803F5805301221A740023FB7361
:103B8000FB7B18461037BD4680BD80B485B000AFC2
:103B9000F860B9607A60FB70BB687F221A70BB68FE
:103BA0000133FA6812781A70BB680233FA781A7017
:103BB0007B6803221A8000BF1437BD465DF8047B82
:103BC0007047000080B586B000AFF8607A603B6057
:103BD0000B467B817B89022B06D012233A687968D9
:103BE000F868FFF7D2FFB6E2FB681B784033DAB221
:103BF0007B681A70FB685A1C7B68013312781A7054
:103C0000FB6801331B789A2B00F29E8201A252F8C6
:103C100023F000BF813E0008A93E0008494100088A
:103C200049410008ED3E0008FD3E000849410008FA
:103C3000494100084941000849410008494100083C
:103C4000494100080D3F0008393F0008494100087C
:103C50004941000849410008533F00084941000814
:103C6000494100084941000849410008494100080C
:103C700049410008494100084941000849410008FC
:103C800049410008494100084941000849410008EC
:103C9000633F0008993F0008C13F00084941000800
:103CA00049410008494100084941000849410008CC
:103CB00049410008494100084941000849410008BC
:103CC00049410008494100084941000849410008AC
:103CD00049410008D93F0008E93F00084941000870
:103CE000494100084941000849410008494100088C
:103CF000494100084941000849410008494100087C
:103D0000494100084941000849410008494100086B
:103D100049410008014000082940000851400008BE
:103D2000494100084941000849410008694000082C
:103D3000494100084941000849410008494100083B
:103D400049410008494100087940000891400008B5
:103D5000494100084941000849410008494100081B
:103D6000494100084941000849410008494100080B
:103D700049410008494100084941000849410008FB
:103D8000A94000084941000849410008494100088C
:103D900049410008B940000849410008494100086C
:103DA00049410008494100084941000849410008CB
:103DB00049410008494100084941000849410008BB
:103DC00049410008494100084941000849410008AB
:103DD000494100084941000849410008494100089B
:103DE000494100084941000849410008494100088B
:103DF000494100084941000849410008494100087B
:103E0000494100084941000849410008494100086A
:103E100049410008E14000084941000849410008C3
:103E2000494100084941000849410008494100084A
:103E3000494100084941000849410008494100083A
:103E4000494100084941000849410008494100082A
:103E5000494100084941000849410008494100081A
:103E6000494100084941000849410008494100080A
:103E7000494100084941000849410008094100083A
:103E80003B6806221A807B68023398221A707B688E
:103E9000033318221A707B68043380221A707B68FF
:103EA000053303221A7056E107F114031846FFF791
:103EB0006BF90346002B01D000237B613B6806228F
:103EC0001A807B69DAB27B68023302F07F02D2B2D9
:103ED0001A707B68033300221A707B680433002257
:103EE0001A707B68053300221A7034E13B680322A4
:103EF0001A807B6802334C221A702CE13B68032243
:103F00001A807B68023374221A7024E13B68042211
:103F10001A80934B9B889BB2DB001A127B6802339A
:103F2000D2B21A708E4B9B889BB2DAB27B68033395
:103F3000D200D2B21A700EE13B6803221A80884B7D
:103F40009B8A9BB21B0A9AB27B680233D2B21A7068
:103F500001E13B6803221A807B68023300221A7059
:103F6000F9E03B6804221A8017F0D2FF03467D4A2D
:103F7000A2FB03239B091A0A7B680233D2B21A7090
:103F800017F0C6FF0346774AA2FB03239A097B6812
:103F90000333D2B21A70DEE03B6806221A807B68D7
:103FA000023380221A707B68033301221A707B6807
:103FB000043380221A707B68053301221A70CAE02C
:103FC0003B6804221A807B68023300221A707B68E7
:103FD000033300221A70BEE03B6803221A807B681C
:103FE000023300221A70B6E03B6804221A807B6814
:103FF000023300221A707B68033300221A70AAE091
:104000003B6806221A807B680233A4221A707B6800
:1040100003330C221A707B68043300221A707B6809
:10402000053321221A7096E03B6806221A807B68CD
:10403000023300221A707B68033300221A707B68F7
:10404000043300221A707B68053300221A7082E064
:104050003B6804221A807B68023335221A707B6821
:104060000333BF221A7076E03B6803221A807B6814
:10407000023351221A706EE03B6804221A807B687A
:10408000023300221A707B68033300221A7062E048
:104090003B6804221A807B68023300221A707B6816
:1040A000033300221A7056E03B6803221A807B68B3
:1040B00002336D221A704EE03B6806221A807B683C
:1040C000023300221A707B68033300221A707B6867
:1040D000043300221A707B68053301221A703AE01B
:1040E0003B6806221A807B68023300221A707B68C4
:1040F000033300221A707B68043300221A707B6835
:10410000053340221A7026E03B6809221A807B683A
:10411000023306221A707B68033300221A707B6810
:10412000043332221A707B68053340221A707B6890
:10413000063300221A707B6807330E221A707B68E0
:10414000083300221A7006E012233A687968F8688A
:10415000FFF71BFD00BF00BF1837BD4680BD00BF85
:1041600058000320D34D621080B588B000AFF860CE
:104170007A603B600B467B817B89012B06D0122342
:104180003A687968F868FFF700FD4DE007F1180319
:104190001846FEF7F9FF0346002B06D010233A68B5
:1041A0007968F868FFF7F1FC3EE0BB6901339BB228
:1041B0005B009AB23B681A80FB681B784033DAB226
:1041C0007B681A70BA697B680133D2B21A7026E034
:1041D000FB8B07F1140211461846FEF772FF0346E7
:1041E000002B07D010233A687968F868FFF7CDFCF8
:1041F00000BF19E07B69190EFB8B01335B007A6805
:104200001344CAB21A707B69190CFB8B5B00033331
:104210007A681344CAB21A70FB8B0133FB83FA8BA2
:10422000BB69DBB29A42D3D300BF2037BD4680BD05
:1042300080B584B000AFF8607A603B600B467B814C
:104240007B89012B06D012233A687968F868FFF75A
:104250009CFC14E0FEF711FF0346002B06D0102350
:104260003A687968F868FFF790FC08E0FB681B780B
:104270004033DAB27B681A703B6801221A8000BFB3
:104280001037BD4680BD0000B0B586B000AFF86005
:104290007A603B600B467B817B89022B06D0122320
:1042A0003A687968F868FFF770FCD5E0FB681B781E
:1042B0004033DAB27B681A70FB685A1C7B680133A2
:1042C00012781A70FB6801331B780A2B00F2BC804D
:1042D00001A252F823F000BF05430008494400083A
:1042E0002D43000849440008C3430008494400081E
:1042F000E7430008494400084944000849440008CD
:10430000174400087B68023354221A707B68033319
:1043100040221A707B68043300221A707B680533D0
:1043200000221A703B6806221A8095E07B680233EF
:1043300001221A703B6814221A800023FB827B68DA
:10434000033319460120FEF770FF03461A46FB8A25
:104350001343FB827B68073319460220FEF765FF93
:1043600003461A46FB8A1343FB827B680B331946CC
:104370000320FEF75AFF03461A46FB8A1343FB82CB
:104380007B680F3319460420FEF74FFF03461A4699
:10439000FB8A1343FB827B68133319460520FEF723
:1043A00044FF03461A46FB8A1343FB82FB8A002B19
:1043B00051D07B68033311220021184619F02AFFDF
:1043C00049E07B68023301221A707B680333244A78
:1043D0001C4615460FCD20606160A260E3603B681B
:1043E00013221A8038E07B68023301221A707B683E
:1043F000033312221A707B68043334221A707B68EC
:10440000053356221A707B68063378221A703B688F
:1044100007221A8020E07B68023301221A707B6831
:10442000033314220021184603F00EFA7B6803338D
:104430000C491A460B4603CB106051601B88138150
:104440003B6817221A8007E012233A687968F868F7
:10445000FFF79BFB00E000BF00BF1837BD46B0BDB3
:1044600048EC010858EC010880B584B000AFF86052
:104470007A603B600B467B81FB681B78013B092B14
:1044800032D801A252F823F0B1440008E9440008F0
:10449000BF440008CD440008E9440008E94400088E
:1044A000BF440008E9440008DB440008BF4400089A
:1044B00079893B687A68F868FFF784FB24E079899A
:1044C0003B687A68F868FFF74FFE1DE079893B6822
:1044D0007A68F868FFF7ACFE16E079893B687A687D
:1044E000F868FFF7D1FE0FE07B687F221A707B68C7
:1044F0000133FA6812781A707B68023311221A703D
:104500003B6803221A8000BF002318461037BD46BF
:1045100080BD00BF80B58AB000AF3B1D184607F0D4
:1045200007FCFB6903F48013002B01D0012300E09A
:10453000022318462837BD4680BD80B588B000AF3D
:1045400078600023FB610223FB607B683B610023F2
:104550007B618023BB6107F11C0207F10C0311464C
:10456000184607F00DFB034618462037BD4680BDB0
:1045700080B485B000AF786039600123FB733A687E
:104580007B689A4202D80023FB7314E07B68B3F186
:10459000006F03D37B680B4A934202D90023FB735D
:1045A00009E03B68B3F1006F03D93B68064A9342C8
:1045B00001D90023FB73FB7B18461437BD465DF819
:1045C000047B7047FFFF03080000040880B485B037
:1045D00000AF786039600023FB733A687B689A42C9
:1045E00002D80023FB7309E07B68B3F1005F05D3B9
:1045F0003B68064A934201D80123FB73FB7B1846B4
:104600001437BD465DF8047B704700BF00000420EE
:1046100080B485B000AF786039600023FB733A68DE
:104620007B689A4202D80023FB7341E07B68B3F1B8
:10463000005F06D33B68224A934202D80123FB73F2
:1046400036E07B681F4A934206D93B681E4A934274
:1046500002D80123FB732BE07B681C4A934206D9E6
:104660003B681B4A934202D80123FB7320E07B681E
:10467000184A934206D93B68174A934202D801234D
:10468000FB7315E07B68B3F1006F11D33B68134AED
:1046900093420DD8124B1B88B3F5007F02D1012342
:1046A000FB7305E03B680F4A934201D80123FB737B
:1046B000FB7B18461437BD465DF8047B704700BF8E
:1046C00000000420FFFFF90B0002FA0BFFFFF80BBC
:1046D0000080F90B3F200240402102400000080802
:1046E000E005FA0B0000040880B58AB000AF3B1D5E
:1046F000184607F01DFB7B69AA2B01D1002300E0BF
:10470000012318462837BD4680BD80B58AB000AF6A
:10471000002387F8273072B600BF3B46184607F0E3
:1047200007FB04233B604FF400537B61BB6943F0FC
:104730008063BB6107F020F903461A4697F82730DB
:10474000134387F8273097F82730002B37D107F02D
:104750004FF903461A4697F82730134387F8273056
:1047600097F82730002B2AD13B46184607F078FAF5
:1047700003461A4697F82730134387F8273097F8EF
:104780002730002B09D107F06DF903461A4697F838
:104790002730134387F8273011E007F04BF9034621
:1047A0001A4697F82730134387F8273007F006F9A1
:1047B00003461A4697F82730134387F8273062B626
:1047C00000BF012318462837BD4680BD80B58AB09A
:1047D00000AF002387F8273007F0CEF8034687F8AC
:1047E000273007F005F903461A4697F82730134398
:1047F00087F827303B46184607F09AFA04233B60B7
:104800004FF480737B61BB6903F48013002B02D0EB
:104810000023BB6102E04FF48013BB6197F827309F
:10482000002B17D13B46184607F01AFA03461A46E2
:1048300097F82730134387F8273097F82730002B55
:1048400008D107F00FF903461A4697F827301343AB
:1048500087F8273007F0EEF803461A4697F8273016
:10486000134387F8273007F0A9F803461A4697F84C
:104870002730134387F8273097F82730002B01D1D2
:10488000002300E0012318462837BD4680BD80B5CF
:1048900082B000AF07F070F80346FB71FFF73AFEF5
:1048A00003461846FFF749FE03461A46FB791343B1
:1048B000FB7107F083F803461A46FB791343FB713B
:1048C000FB79002B01D1002300E0012318460837B3
:1048D000BD4680BD80B584B000AF1D4B7B601D4BD5
:1048E0003B6007F049F80346FB737B68BB6019E047
:1048F000BB68D3E90023B3F1FF3F08BFB2F1FF3F2C
:104900000DD0BB6803F58021BB68D3E900230846BE
:1049100000F057F803461A46FB7B1343FB73BB6852
:104920000833BB60BA683B689A42E1D307F046F8A7
:1049300003461A46FB7B1343FB73FB7B002B01D121
:10494000002300E0012318461037BD4680BD00BF9C
:1049500000E003080000040880B586B000AF002323
:104960003B6107F009F80346FB7502233B60FFF744
:10497000D1FD0346012B01D1022300E001237B601E
:104980007C23BB600423FB6007F110023B46114609
:10499000184607F0F5F803461A46FB7D1343FB75EE
:1049A00007F00CF803461A46FB7D1343FB75FB7DAD
:1049B000002B01D1002300E0012318461837BD4623
:1049C00080BD80B586B000AFF860C7E90023D7E9A5
:1049D0000023F968012006F08DFF0346FB75FB7D7F
:1049E000002B01D1002300E0012318461837BD46F3
:1049F00080BD80B483B000AF0346FB80FB88B3F575
:104A0000407F01D8012306E0FB88B3F5206F01D871
:104A1000022300E0032318460C37BD465DF8047BF3
:104A20007047000080B582B000AF7860064B5B88AD
:104A30001846FFF7DEFF03461A46044B1A7000BF04
:104A40000837BD4680BD00BF282A03208800032008
:104A500080B400AF034B00221A6000BFBD465DF872
:104A6000047B7047302A032080B582B000AF7860A5
:104A7000054A064B1B7813707868FFF7D3FF00BF19
:104A80000837BD4680BD00BF342A032088000320BC
:104A900080B400AF034B00221A7000BFBD465DF822
:104AA000047B7047352A032080B582B000AF786060
:104AB0005A4B1B781A465A4B9A83584B1B78022B39
:104AC00003D0564B1B78032B01D1012300E00023B8
:104AD000DBB219460120FCF7C3FF514B1B8B9BB285
:104AE00003F47F43002B14BF01230023DBB21946DC
:104AF0000220FCF7B5FF4A4B1B889BB20F2B04D852
:104B0000474B1B8A9BB2002B01D0012300E00023FE
:104B1000DBB219460420FCF7A3FF414B1B8B9BB271
:104B2000DBB2022B0BD03E4B1B8B9BB2DBB2032BB9
:104B300005D03B4B1B8B9BB2DBB2042B01D1012375
:104B400000E00023DBB219460820FCF789FF344B54
:104B50001B8B9BB2DBB2032B05D0314B1B8B9BB263
:104B6000DBB2042B01D1012300E00023DBB21946A4
:104B70001020FCF775FF2A4B1B8B9BB2DBB2042B7A
:104B80000CBF01230023DBB219462020FCF768FF8D
:104B9000234B5B8B9BB203F47F43002B14BF012399
:104BA0000023D9B27A681F4BA3FB02039B094FF481
:104BB0007A7000FB03F3D31A40F2F31293428CBFD6
:104BC00001230023DBB20B40DBB219464020FCF787
:104BD00047FF134B5B8B9BB2DBB2002B14BF01234F
:104BE0000023D9B27A680F4BA3FB02039B094FF451
:104BF0007A7000FB03F3D31A40F2F31293428CBF96
:104C000001230023DBB20B40DBB219468020FCF706
:104C100027FF00BF0837BD4680BD00BF88000320C6
:104C200058000320D34D621080B483B000AF786089
:104C30003960064A7B681360054A3B68136000BF11
:104C40000C37BD465DF8047B704700BF382A03204F
:104C50003C2A032080B584B000AF78600023FB605D
:104C6000094B1B681B6807F10C021146184618F027
:104C700029F8FB68002B03D0044B4FF080521A60D8
:104C800000BF1037BD4680BD3C2A032004ED00E084
:104C900080B582B000AF786000220421094807F097
:104CA000AFFD094B1B680122796818460CF01AF910
:104CB00001220421034807F0A3FD00BF0837BD46C9
:104CC00080BD00BF00040242382A032080B483B0B4
:104CD00000AF7860044A7B68136000BF0C37BD46A4
:104CE0005DF8047B704700BF402A032080B483B086
:104CF00000AF786000BF0C37BD465DF8047B70479D
:104D000080B582B000AF064B1B683A1D11461846AD
:104D10000BF0D8FE7B6818460837BD4680BD00BF43
:104D2000402A032080B582B000AF78603960084A1D
:104D30007B681360074A3B6813600749012015F040
:104D40002CFD0346054A136000BF0837BD4680BDF1
:104D5000442A0320482A03204C2A03209C2A0320AB
:104D600080B584B000AF786039600023BB60002359
:104D7000FB7300BF194B1B684FF0FF31184615F04D
:104D800024FF0346012BF5D1154B1B6818684FF41F
:104D9000FA633A68796816F04FFAB8600F4B1868F2
:104DA00000230022002115F013FDBA683B689A42E7
:104DB0000ED00123FB7302E00A2015F000FB084B24
:104DC0001B681B68184616F0C2F90346012BF3D185
:104DD000FB7B18461037BD4680BD00BF9C2A0320D0
:104DE000442A032080B582B000AF7860786802F072
:104DF00068FD034619467868FFF7B2FF0346184678
:104E00000837BD4680BD000080B485B000AF786033
:104E10000B467B807B88002B12D00023FB810BE0AC
:104E2000FB897A681A440B4B1968FB890B4412788A
:104E30001A70FB890133FB81FA897B889A42EFD390
:104E4000054B1B687A881A8000BF1437BD465DF891
:104E5000047B7047B42A0320B82A032080B483B0AF
:104E600000AF78600B46FB700C4B1B687F221A70FA
:104E70000A4B1B6801337A6812781A70074B1B685B
:104E80000233FA781A70064B1B6803221A8000BF9F
:104E90000C37BD465DF8047B704700BFB42A032081
:104EA000B82A032080B485B000AF78600B467B80C1
:104EB0007B681A78104B1B684032D2B21A700123FB
:104EC000FB810BE0FB897A681A440B4B1968FB895C
:104ED0000B4412781A70FB890133FB81FA897B88B5
:104EE0009A42EFD3054B1B687A881A8000BF1437AB
:104EF000BD465DF8047B7047B42A0320B82A03201E
:104F000080B400AF054B1B7F022B0CBF0123002395
:104F1000DBB21846BD465DF8047B7047BC2A03200F
:104F200080B483B000AF78607B6800221A607B6831
:104F300000225A607B6800229A607B6800221A7403
:104F40007B680022DA6000BF0C37BD465DF8047B49
:104F50007047000080B584B000AF0346FB710023AA
:104F6000FB730C4B1B78022B07D0FB79002B01D075
:104F70007E2300E07F23FB7306E0FFF7C1FF0346BB
:104F8000012B01D03323FB73FB7B18461037BD4642
:104F900080BD00BFBC2A032080B582B000AF78601E
:104FA000094B01221A70094B00225A73084B002248
:104FB0001A700848FFF7B4FF034A7B68536000BFCC
:104FC0000837BD4680BD00BFBC2A0320A02A0320AD
:104FD000B02A0320C82A032080B584B000AF7860CF
:104FE0000B467B805023BB817B88022B04D013218E
:104FF0007868FFF733FF75E07B6801331B7803F0B7
:105000007F03032B1CD0032B62DC012B02D0022B6D
:105010003AD05DE0354B5B681846FFF7BDFF7B6813
:1050200001331B787B737B6801331B785BB2002BE9
:1050300053DB07F10C0302211846FFF7E5FE4CE0B5
:105040002B4B9B8A9BB2B3F5805F04D38821786891
:10505000FFF704FF43E0254B5B681846FFF79CFF12
:10506000224B03221A707B6801331B787B737B68A9
:1050700001331B785BB2002B31DB07F10C030221FB
:105080001846FFF7C1FE2AE0194B9B8A9BB2B3F585
:10509000805F04D322217868FFF7E0FE21E0134B04
:1050A0005B681846FFF778FF104B02221A707B6886
:1050B00001331B787B737B6801331B785BB2002B59
:1050C0000FDB07F10C0302211846FFF79DFE08E0F5
:1050D00012217868FFF7C2FE04E000BF02E000BFC3
:1050E00000E000BF00BF1037BD4680BDBC2A0320D2
:1050F0005800032080B582B000AF78600B467B80FB
:105100007B88022B04D013217868FFF7A7FE23E0E9
:10511000134B1B78012B04D17F217868FFF79EFE8B
:105120001AE07B6801331B7803F07F03012B0DD15C
:105130007B8819467868FFF7B5FE7B6801331B78DA
:105140005BB2002B07DA04F0A8FF04E012217868B4
:10515000FFF784FE00E000BF00BF0837BD4680BDFA
:10516000BC2A032080B582B000AF78600B467B80FC
:105170007B88042B04D013217868FFF76FFE21E0B1
:105180007B6801331B78FF2B09D17B6802331B78C6
:10519000FF2B04D17B6803331B78FF2B04D0312114
:1051A0007868FFF75BFE0DE0FDF767FF0346002B15
:1051B00004D072217868FFF751FE03E0012178687E
:1051C000FFF770FE00BF0837BD4680BD80B586B0D2
:1051D00000AF78600B467B800023FB757B88022B39
:1051E00004D813217868FFF739FEC7E0654B1B68C8
:1051F00059221A707B685A1C624B1B680133127863
:105200001A70604B1B68023304221A707B680133EA
:105210001B7803F07F03012B02D0022B2ED099E0E4
:105220007B88032B04D013217868FFF717FE96E0E4
:10523000544B1B68033300221A7007F10803184609
:10524000FDF7A2FF0346002B04D072217868FFF718
:1052500005FE84E0BB681A0A4A4B1B680433D2B2CD
:105260001A70BA68474B1B680533D2B21A70454BA7
:105270001B6806211846FFF7C7FD70E07B88032BEB
:1052800004D013217868FFF7E9FD68E03D4B1B6807
:10529000033300221A7007F108031846FDF774FF64
:1052A0000346002B04D072217868FFF7D7FD56E043
:1052B00000233B6135E007F10C0319463869FDF71F
:1052C00000FF0346002B02D00123FB7526E0FB689C
:1052D000190E2C4B1A683B699B0003331344CAB266
:1052E0001A70FB68190C274B1A683B6901339B0045
:1052F0001344CAB21A70FB68190A224B1A683B6938
:105300009B0005331344CAB21A70F9681D4B1A6822
:105310003B699B0006331344CAB21A703B690133E0
:105320003B61BB683A699A42C5D3FB7D002B0CD127
:10533000144B1A68BB689BB29B009BB203339BB2B1
:1053400019461046FFF760FD09E072217868FFF703
:1053500085FD04E012217868FFF780FD00BF7B68BF
:1053600001331B785BB2002B08DA064B1B681B78F5
:105370007F2B03D0044B1B6800221A8000BF183714
:10538000BD4680BDB42A0320B82A032080B588B06A
:1053900000AF78600B467B807B88012B04D81321FB
:1053A0007868FFF75BFDCEE07B6801331B7803F084
:1053B0000F03042B04D012217868FFF74FFDC2E0E1
:1053C0007B6801331B7803F0F003402B04DD1221CE
:1053D0007868FFF743FDB6E05D4B1B78012B04D1E5
:1053E0007F217868FFF73AFDADE00023FB617B6821
:1053F00001331B781B09FB737A88FB7B06339A42C7
:1054000004D013217868FFF729FD9CE07B68023304
:105410001B781A067B6803331B781B041A447B68CD
:1054200004331B781B0213447A6805321278134444
:10543000BB600023FB7614E0FB7E06331A467B68D4
:1054400013441B781946FA7BFB7E0133D31ADB0029
:1054500001FA03F31A46FB691343FB61FB7E013338
:10546000FB76FA7EFB7B9A42E6D3FB6940F6FE723E
:10547000934204D931217868FFF7F0FC63E0BA6801
:10548000FB6913441946B868FFF7C2F80346002BBE
:1054900029D0FB6940F6FE72934224D87B681A78C3
:1054A0002C4B1B684032D2B21A7000237B610EE095
:1054B000BA687B6913441946264B1A687B69013325
:1054C00013440A78D2B21A707B6901337B617A691E
:1054D000FB699A42ECD3FB699AB21F4B1B680132FD
:1054E00092B21A802FE0BB681C4A934226D1FB6916
:1054F000112B23D87B681A78164B1B684032D2B226
:105500001A7000233B610DE03B69154A1A44114BA8
:1055100019683B6901330B441278D2B21A703B69A7
:1055200001333B613A69FB699A42EDD3FB699AB258
:10553000094B1B68013292B21A8004E0312178686D
:10554000FFF78CFCFFE700BF2037BD4680BD00BFE2
:10555000BC2A0320B42A0320B82A0320674523016C
:1055600064EC010880B592B000AF78600B467B8098
:105570007B88032B04D013217868FFF76FFC75E15B
:105580007B6801331B781B029BB27A680232127867
:105590001344A7F8423007F12C0300221A605A6026
:1055A0009A60DA601A61002387F847300023A7F871
:1055B0004430B7F84230B3F5007F38D3B7F8423003
:1055C000B3F5806F33D207F12C02B7F842301146A1
:1055D0001846FDF72AFE0346A7F84430B7F84430D2
:1055E000002B1AD17B681B784033DBB23B727B689F
:1055F0005B787B727B689B78BB7207F12C0107F1AB
:10560000080303330422184602F03CF907F10803AB
:1056100007211846FFF7F8FB27E1B7F84430002BC5
:1056200000F0238131217868FFF718FC1DE1B7F8FD
:1056300042304FF29012934200F3F5804FF2841201
:1056400093420DDA47F24272934259D047F24272C6
:10565000934200F3E880012B26D0022B30D0E2E009
:10566000A3F57143843B0C2B00F2DD8001A252F8BC
:1056700023F000BF195700082758000845570008B5
:1056800053570008275800082758000827580008D3
:10569000275800086B5700082758000827580008AB
:1056A000275800088357000807F108030333132223
:1056B0007049184602F0E6F8162387F84730B6E03E
:1056C000FFF71EFC0346012B0BD107F10803033340
:1056D00013226949184602F0D5F8162387F8473097
:1056E000A5E07B683F221A707B68013322221A7082
:1056F0007B68023333221A70032387F8473096E021
:1057000007F10803033315225C49184602F0BAF882
:10571000182387F847308AE007F1080303330C2287
:105720005749184602F0AEF82023FB7507F108032D
:10573000103309225349184602F0A4F8192387F8B8
:10574000473074E0504B1B78FB72042387F84730D6
:105750006DE007F10803033304224C49184602F0B8
:1057600091F8072387F8473061E007F10803033316
:105770000C224749184602F085F80F2387F8473076
:1057800055E007F12C0319460120FDF74EFD0346B5
:105790001A46B7F844301343A7F8443007F12C03F6
:1057A000043319460220FDF740FD03461A46B7F8B8
:1057B00044301343A7F8443007F12C03083319464B
:1057C0000320FDF732FD03461A46B7F84430134371
:1057D000A7F8443007F12C030C3319460420FDF7D9
:1057E00024FD03461A46B7F844301343A7F8443063
:1057F00007F12C03103319460520FDF716FD03466B
:105800001A46B7F844301343A7F8443007F12C0187
:1058100007F1080303331122184602F033F814236A
:1058200087F8473003E00823A7F8443000BFB7F8F3
:105830004430002B14D17B681B784033DBB23B72C1
:105840007B685B787B727B689B78BB7297F847308C
:105850009AB207F1080311461846FFF7D5FA05E09A
:1058600031217868FFF7FAFA00E000BF00BF48373F
:10587000BD4680BD78EC01088CEC0108A0EC010865
:10588000B8EC0108C4EC0108BC2A0320D0EC0108E4
:105890009005FA0B80B582B000AF78600B467B8034
:1058A00011217868FFF7DAFA00BF0837BD4680BDDE
:1058B00080B584B000AF78600B467B8067233B7275
:1058C0007B6801331B7803F07F03DBB27B7200231C
:1058D000BB720023FB7200233B7300237B73FFF733
:1058E0000FFA0346164AD360154BDA68154B53403E
:1058F000134A1361124BDB681B0EDBB2BB72104BF9
:10590000DB681B0CDBB2FB720D4BDB681B0ADBB2E6
:105910003B730B4BDB68DBB27B73094B01221A77BD
:105920007B6801331B785BB2002B05DB07F10803B2
:1059300006211846FFF768FA00BF1037BD4680BD44
:10594000BC2A03207856341280B584B000AF78604A
:105950000B467B8067233B727B6801331B7803F027
:105960007F03DBB27B727B6802331B781A067B688D
:1059700003331B781B041A447B6804331B781B0217
:1059800013447A68053212781344FB60234B9B69F9
:10599000042B04D936217868FFF760FA39E01F4BF1
:1059A0005A681E4B5B69D31A092B04D837217868D3
:1059B000FFF754FA2DE0194B1B7F012B04D0242153
:1059C0007868FFF74BFA24E0144B1B69FA689A4297
:1059D0000FD1124B02221A777B6801331B785BB21E
:1059E000002B16DB07F1080302211846FFF70CFA1B
:1059F0000FE00A4B00221A77084B9B690133074AD4
:105A00009361064B5B68054A536135217868FFF75F
:105A100025FA00BF1037BD4680BD00BFBC2A032059
:105A200080B582B000AF78600B467B807B88012B0D
:105A300004D813217868FFF711FA22E07B6801335C
:105A40001B7803F07F03012B02D0022B06D013E05A
:105A50007B8819467868FFF72BFF12E07B88062BBE
:105A600004D013217868FFF7F9F90AE07B8819461A
:105A70007868FFF769FF04E012217868FFF7EEF914
:105A800000BF00BF0837BD4680BD80B582B000AF03
:105A900078600B467B8011217868FFF7DFF900BF43
:105AA0000837BD4680BD80B582B000AF78600B4638
:105AB0007B8011217868FFF7D1F900BF0837BD4618
:105AC00080BD80B582B000AF78600B467B8011212D
:105AD0007868FFF7C3F900BF0837BD4680BD80B5C1
:105AE00082B000AF78600B467B8011217868FFF7A9
:105AF000B5F900BF0837BD4680BD000080B586B04F
:105B000000AF78600B467B807B88022B04D8132182
:105B10007868FFF7A3F9ECE07B6801331B781B0280
:105B20009BB27A68023212781344BB820023FB8254
:105B3000724B1B78022B04D07F217868FFF78EF917
:105B4000D7E0BB8A4FF28412934204D0BB8A4FF253
:105B50008C12934204D131217868FFF77FF9C8E0B5
:105B6000BB8A4FF29012934202D07B88072B07D159
:105B7000BB8A4FF29012934207D17B88142B04D03A
:105B800013217868FFF76AF9B3E0BB8A4FF29012ED
:105B900093421AD07B6803331B781A067B68043360
:105BA0001B781B041A447B6805331B781B021344C3
:105BB0007A680632127813443B61BB8A3969184609
:105BC000FDF70FFB0346FB8277E07B6806331B780B
:105BD0001A067B6805331B781B041A447B68043360
:105BE0001B781B0213447A68033212781344194657
:105BF0000120FDF7F6FA03461A46FB8A1343FB829F
:105C00007B680A331B781A067B6809331B781B04F0
:105C10001A447B6808331B781B0213447A680732E6
:105C20001278134419460220FDF7DBFA03461A46A0
:105C3000FB8A1343FB827B680E331B781A067B6852
:105C40000D331B781B041A447B680C331B781B0232
:105C500013447A680B321278134419460320FDF777
:105C6000C0FA03461A46FB8A1343FB827B68123351
:105C70001B781A067B6811331B781B041A447B6857
:105C800010331B781B0213447A680F3212781344C6
:105C900019460420FDF7A5FA03461A46FB8A13436A
:105CA000FB827B6813331B7819460520FDF799FAB0
:105CB00003461A46FB8A1343FB82FB8A002B04D05F
:105CC00072217868FFF7CAF813E07B681B784033CD
:105CD000DBB23B737B6801331B787B737B680233D9
:105CE0001B78BB7307F10C0303211846FFF78CF8F0
:105CF000FFE700BF1837BD4680BD00BFBC2A0320A8
:105D000080B582B000AF78600B467B801121786847
:105D1000FFF7A4F800BF0837BD4680BD80B584B04A
:105D200000AF78600B467B807B88042B04D0132166
:105D30007868FFF793F827E07B6801331B78012B25
:105D40001DD10120FFF706F90346FB73FB7B002BF7
:105D50000FD1FEF79CFD0346002B04D0722178681A
:105D6000FFF77CF810E07B8819467868FFF79AF80F
:105D70000AE0FB7B19467868FFF770F804E012210F
:105D80007868FFF76BF800BF00BF1037BD4680BDD5
:105D900080B584B000AF78600B467B807B88042B95
:105DA00004D013217868FFF759F830E07B6801339D
:105DB0001B78012B26D10120FFF7CCF80346FB739B
:105DC000FB7B002B18D1144B5B7B042B0FD1FEF710
:105DD000FDFC0346002B04D072217868FFF73EF8E3
:105DE00015E07B8819467868FFF75CF80FE0222100
:105DF0007868FFF733F80AE0FB7B19467868FFF70D
:105E00002DF804E012217868FFF728F800BF00BFE2
:105E10001037BD4680BD00BFA02A032080B582B0E8
:105E200000AF78600B467B807B88042B04D0132165
:105E30007868FFF713F81EE07B6801331B78012BAD
:105E400002D0022B09D011E00D4B01221A707B8881
:105E500019467868FFF726F80DE0094B00221A7002
:105E60007B8819467868FFF71DF804E012217868EE
:105E7000FEF7F4FF00BF00BF0837BD4680BD00BF7E
:105E80005400032080B584B000AF78600B467B805F
:105E90007B88042B04D013217868FEF7DFFF35E000
:105EA0000020FFF757F80346BB73BB7B002B05D0E0
:105EB000BB7B19467868FEF7D1FF27E00023FB7310
:105EC0007B6801331B78012B1BD1FEF70DFC0346C9
:105ED000002B04D1FEF719FC0346FB7303E018F016
:105EE000EFFD0346FB73FB7B002B04D07221786827
:105EF000FEF7B4FF0AE07B8819467868FEF7D2FF08
:105F000004E012217868FEF7A9FF00BF00BF103738
:105F1000BD4680BD80B584B000AF78600B467B8005
:105F20007B88042B04D013217868FEF797FF27E0C5
:105F30000020FFF70FF80346FB73FB7B002B05D017
:105F4000FB7B19467868FEF789FF19E07B6801330F
:105F50001B78012B0FD1FEF739FC0346002B04D030
:105F600072217868FEF77AFF0AE07B881946786824
:105F7000FEF798FF04E012217868FEF76FFF00BF7C
:105F800000BF1037BD4680BD80B586B000AF7860D9
:105F90000B467B807B880B2B04D813217868FEF797
:105FA0005DFF76E07B6804331B781A067B68053357
:105FB0001B781B041A447B6806331B781B021344AE
:105FC0007A680732127813447B617B6808331B7848
:105FD0001A067B6809331B781B041A447B680A3352
:105FE0001B781B0213447A680B32127813443B610E
:105FF0007A693B691344FB60F9687869FEF708FB2E
:106000000346002B04D131217868FEF727FF40E0DA
:106010007B6939691846FCF7DBF9B8607B681A7848
:106020001E4B1B684032D2B21A707B685A1C1B4B45
:106030001B68013312781A707B689A1C174B1B6817
:10604000023312781A707B68DA1C144B1B68033316
:1060500012781A70BB681A0E104B1B680433D2B248
:106060001A70BB681A0C0D4B1B680533D2B21A703C
:10607000BB681A0A094B1B680633D2B21A70074B69
:106080001B680733BA68D2B21A70054B1B68082226
:106090001A8000BF1837BD4680BD00BFB42A032058
:1060A000B82A032080B582B000AF78600B467B80B1
:1060B0007B88042B04D013217868FEF7CFFE1EE006
:1060C0007B6801331B78012B02D0022B09D011E031
:1060D0000D4B01221A707B8819467868FEF7E2FEA4
:1060E0000DE0094B00221A707B8819467868FEF78C
:1060F000D9FE04E012217868FEF7B0FE00BF00BFB1
:106100000837BD4680BD00BF352A032080B584B066
:1061100000AF78600B467B807B88082B04D013216E
:106120007868FEF79BFE36E07B6801331B78012B15
:106130002CD17B6807331B78042B04D0312178687D
:10614000FEF78CFE27E07B6804331B781A067B6819
:1061500005331B781B041A437B6806331B781B022C
:1061600013437A68073212781343FB60F868FCF730
:10617000D1FF0346002B04D104217868FEF792FE7C
:1061800009E072217868FEF769FE04E01221786860
:10619000FEF764FE00BF00BF1037BD4680BD80B56E
:1061A00084B000AF78600B467B80FEF7A9FE034603
:1061B000012B0FD17B680533FB60BFF34F8F00BF0E
:1061C000BFF36F8F00BFFB68984704217868FEF724
:1061D00069FE03E033217868FEF740FE00BF103708
:1061E000BD4680BD80B586B000AF78600B467B8031
:1061F000FEF786FE0346012B2BD17B88042B23D987
:106200007B88B3F5805F1FD27B887A6813440022B5
:106210001A707B681A1D07F108031146184618F01A
:106220009BF807F108030F491846FAF709F80346E7
:10623000002B04D104217868FEF734FE0EE03121F2
:106240007868FEF70BFE09E013217868FEF706FE7A
:1062500004E033217868FEF701FEFFE700BF18373E
:10626000BD4680BDB8F2010880B582B000AF78604D
:106270000B467B80FEF744FE0346012B27D17B882B
:10628000042B1FD97B88B3F5805F1BD27B887A688B
:10629000134400221A707B6804331946104818F022
:1062A0005BF810490E48F9F7CBFF0346002B04D1E9
:1062B00004217868FEF7F6FD0EE031217868FEF7DC
:1062C000CDFD09E013217868FEF7C8FD04E0332115
:1062D0007868FEF7C3FDFFE700BF0837BD4680BD05
:1062E000DC2A0320B8F2010880B584B000AF7860E2
:1062F0000B467B807B88032B04D813217868FEF73C
:10630000ADFD2DE10023FB737B6801331B785BB28D
:10631000002B0ADA0123FB737B6801331A787B6850
:10632000013302F07F02D2B21A707B6802331B780D
:106330001B027A680332127813434FF601729342BC
:1063400042D04FF60172934200F3F48040F21122E2
:1063500093422FDCB3F5007FC0F2EC80A3F500730D
:10636000112B00F2E78001A252F823F0D563000858
:10637000E163000801640008216400082D6400083E
:1063800037640008D5640008E1640008ED64000883
:10639000F964000805650008116500083565000806
:1063A0003565000835650008356500081D6500087D
:1063B00029650008B3F57F4F40F0BC807B88194603
:1063C0007868FFF7ABFCBAE07B8819467868FFF77E
:1063D000DFFCB4E07B8819467868FFF71FFDAEE06C
:1063E000FEF7BAFA0346002B05D17B881946786878
:1063F000FEF758FDA3E072217868FEF72FFD9EE0BE
:10640000FEF768FA0346002B05D17B8819467868A9
:10641000FEF748FD93E072217868FEF71FFD8EE0DD
:106420007B8819467868FEF73DFD88E0042178688E
:10643000FEF738FD83E07B88062B46D17B6804336A
:106440001B781B029BB27A680532127813447B8159
:106450007B8940F6FB72934204D931217868FEF7BC
:10646000FDFC6CE07B681A783F4B1B684032D2B26F
:106470001A703D4B1B6801337A6852781A703A4B98
:106480001B6802337A6892781A70374B1B680333A3
:106490007A68D2781A700023BB810AE0324B1B68FD
:1064A000BA8904321344BA89D2B21A70BB89013353
:1064B000BB81BA897B89043B9A42EFDB2B4B1B687B
:1064C0007A89043292B21A8039E013217868FEF793
:1064D000C5FC34E07B8819467868FFF755FD2EE04F
:1064E0007B8819467868FFF7DDFD28E07B88194630
:1064F0007868FFF70BFE22E07B8819467868FFF783
:106500004EFE1CE07B8819467868FFF76BFE16E0AC
:106510007B8819467868FFF7A7FE10E07B8819464C
:106520007868FFF7AFFC0AE07B8819467868FFF7C8
:10653000F1FC04E031217868FEF790FC00BF0B4BC2
:106540001B681B88002B0BD0FB7B002B08D0064B55
:106550001B681B787F2B03D0044B1B6800221A801A
:1065600000BF1037BD4680BDB42A0320B82A0320DF
:1065700080B584B000AF78600B467B8013467B709B
:106580007B88022B04D813217868FEF767FC92E021
:106590007B6801331B78002B04D17B6802331B78A6
:1065A000442B04D031217868FEF758FC83E07B88C7
:1065B0000B2B04D013217868FEF750FC7BE0002001
:1065C000FEF7C8FC0346FB73FB7B002B6DD13C4BF5
:1065D0005B7B002B03D03A4B5B7B042B60D17B6849
:1065E00003331B781A067B6804331B781B041A4498
:1065F0007B6805331B781B0213447A6806321278D5
:1066000013441A462E4B1A602D4B00229A602C4BD5
:1066100001221A737B6807331B781A067B680833DC
:106620001B781B041A447B6809331B781B02134434
:106630007A680A32127813441A46214B5A60204B6A
:1066400018681F4B1A681E4B5B6813441946FDF708
:106650008FFF0346002B1ED0194B5B6803F0070326
:10666000002B03D070217868FEF7F8FB7B681B785D
:106670004033DBB23B7220237B720F23BB72F023CB
:10668000FB720F4A7B78537307F108030421184605
:10669000FEF7BAFB0FE031217868FEF7DFFB0AE076
:1066A00024217868FEF7DAFB05E0FB7B1946786861
:1066B000FEF7D4FBFFE700BF1037BD4680BD00BF2B
:1066C000A02A032080B584B000AF78600B467B80A1
:1066D0000A4B1B88FB81FB89B3F5007F06D17B88C1
:1066E000012219467868FFF743FF03E0112178681B
:1066F000FEF7B4FB00BF1037BD4680BDE005FA0BC6
:1067000080B582B000AF78600B467B807B88022228
:1067100019467868FFF72CFF00BF0837BD4680BDDB
:106720002DE9B04F8CB000AF78600B467B807B8842
:10673000012B04D813217868FEF790FB2CE1994BCC
:106740005B7B012B40F0C0807B88023B7B84002375
:1067500087F82F307B8C03F007039BB2002B40F0AF
:10676000AE80904B9A687B8C1A448E4B5B689A4241
:1067700000F2A5807B6801331A788A4B1B7B9A4212
:1067800040F09880874B1B7B0133DAB2854B1A733C
:1067900005F0F2F80023BB6264E0BB6A09337A6853
:1067A00013441B781A06BB6A083379680B441B78BC
:1067B0001B041A44BB6A073379680B441B781B021D
:1067C0001344BA6A063279680A4412781344FB61AA
:1067D000BB6A05337A6813441B781A06BB6A043314
:1067E00079680B441B781B041A44BB6A033379682D
:1067F0000B441B781B021344BA6A023279680A44BC
:1068000012781344BB61FB6900229A4693464FF00D
:1068100000024FF0000353460022B96900200C46E5
:10682000054612EB040843EB0509C7E904895D4BF3
:106830001A685C4B9B68134403F58021D7E9042355
:106840000846FEF7BEF803461A4697F82F30134362
:1068500087F82F30534B9B680833524A9360BB6ACA
:106860000833BB627B8CBA6A9A4296D305F0A6F8CD
:106870004C4B9A684B4B5B689A4202D3494B0322BC
:106880005A7397F82F30002B0FD17B681B78403359
:10689000DBB23B737B6801331B787B7307F10C031E
:1068A00002211846FEF7B0FA76E072217868FEF70A
:1068B000D5FA71E073217868FEF7D0FA6CE07121A7
:1068C0007868FEF7CBFA67E0364B5B7B022B5ED134
:1068D0007B88022B56D17B6801331A78314B1B7BA6
:1068E0009A424AD12F4B1B7B0133DAB22D4B1A73DC
:1068F0000023FB847B681A782B4B1B684032D2B292
:106900001A707B685A1C284B1B68013312781A7066
:106910000023BB8417E0234B1A68224B9B68134467
:106920001946214B1B68BA8C023213440A781A703C
:106930001C4B9B6801331B4A9360FB8C0133FB8427
:10694000BB8C0133BB84BB8CB3F57F6F05D2154B79
:106950009A68144B5B689A42DDD3144B1B68FA8C1F
:10696000023292B21A800F4B9A680E4B5B689A42C1
:1069700012D30C4B03225A730EE073217868FEF792
:106980006DFA09E071217868FEF768FA04E02421C5
:106990007868FEF763FAFFE700BF3037BD46BDE811
:1069A000B08F00BFA02A0320B42A0320B82A0320F6
:1069B00080B582B000AF78600B467B807B88012B6E
:1069C00004D013217868FEF749FA10E00A4B5B7B8C
:1069D000032B08D1084B04225A737B881946786828
:1069E000FEF760FA03E024217868FEF737FA00BF6B
:1069F0000837BD4680BD00BFA02A032080B582B005
:106A000000AF78600B467B8011217868FEF726FA8C
:106A100000BF0837BD4680BD2DE9F04FA3B000AFE1
:106A2000F8660B46A7F86A30B7F86A30012B04D82D
:106A30001321F86EFEF712FA99E1FB6E01331B7811
:106A400003F00F03042B04D01221F86EFEF706FAB0
:106A50008DE1FB6E01331B7803F0F003402B04DD66
:106A60001221F86EFEF7FAF981E10023A7F88630CB
:106A7000FB6E01331B781B0987F87F3097F87F3056
:106A80005A1DB7F86A309A4204DB1321F86EFEF7FC
:106A9000E5F96CE1002387F885301CE097F8853034
:106AA00006331A46FB6E13441B78194697F87F206D
:106AB00097F885300133D31ADB0001FA03F31AB2D9
:106AC000B7F9863013431BB2A7F8863097F88530A4
:106AD000013387F8853097F8852097F87F309A4200
:106AE000DCD3B7F86A1097F87F309A1DB7F8863074
:106AF0001344994204D01321F86EFEF7AFF936E142
:106B0000FB6E02331B781A06FB6E03331B781B04E3
:106B10001A44FB6E04331B781B021A44FB6E0533C8
:106B20001B781344BB670020FEF714FA034687F86E
:106B3000773097F87730002B06D097F877301946E2
:106B4000F86EFEF78BF912E1B7F88620BB6F13449D
:106B50001946B86FFDF73AFD0346002B04D13121E9
:106B6000F86EFEF77BF902E1B7F88630022B0DD103
:106B7000FB6E08331B781B029AB2FB6E09331B783D
:106B80001946BB6F0A4492B21A80E7E0B7F8863024
:106B9000042B15D1FB6E08331B781A06FB6E0933E4
:106BA0001B781B041A44FB6E0A331B781B021A4421
:106BB000FB6E0B331B781946BB6F0A441A60CDE09D
:106BC000B7F88630082B40F0B280FB6E08331B7894
:106BD000DBB200223B667A664FF000004FF0000106
:106BE0003B6E19060020FB6E09331B78DBB20022D6
:106BF000BB65FA654FF000024FF00003BE6D330431
:106C00000022841841EB0305FB6E0A331B78DBB2CC
:106C100000223B657A654FF000024FF00003396DAA
:106C20000B02002214EB020845EB0309FB6E0B3349
:106C30001B78DBB20022BB64FA644FF000024FF015
:106C40000003B96C0B00002218EB0201396449EB18
:106C500003037B64FB6E0C331B78DBB20022BB6347
:106C6000FA63D7E90E120B464FEA132B0B464FEA95
:106C7000036AD7E910120B4613EB0A033B63134672
:106C800043EB0B037B63FB6E0D331B78DBB20022FF
:106C9000BB62FA624FF000024FF00003D7E90A45E9
:106CA00029460B04214643EA114321460A04D7E949
:106CB0000C45214689183962294643EB0101796266
:106CC000FB6E0E331B78DBB20022BB61FA614FF022
:106CD00000024FF00003D7E9064529460B02214682
:106CE00043EA116321460A02D7E90845214689187B
:106CF0003961294643EB01017961FB6E0F331B7843
:106D0000DBB20022BB60FA60BB6FD7E90489424660
:106D1000D7E90245214652183A602A46494641EBD6
:106D200002027A60D7E90012C3E9001216E00023DC
:106D3000C7F880300CE0D7F880300833FA6E1A4478
:106D4000BB6F12781A70D7F880300133C7F88030E3
:106D5000B7F88630D7F880209A42ECD397F87F3086
:106D60009BB206339BB21946F86EFEF79BF800BF44
:106D70008C37BD46BDE8F08F80B582B000AF78603B
:106D80000B467B807B88022B04D013217868FEF7AA
:106D900065F813E07B6801331B78002B02D0802B51
:106DA0000BD005E07B8819467868FEF77BF805E094
:106DB00012217868FEF752F800E000BF00BF0837E4
:106DC000BD4680BD80B582B000AF78600B467B8049
:106DD00011217868FEF742F800BF0837BD4680BD34
:106DE00080B582B000AF78600B467B801221786856
:106DF000FEF734F800BF0837BD4680BD80B582B0CD
:106E000000AF78600B467B807B88022B04D0132177
:106E10007868FEF723F829E07B6801331B7803F0DC
:106E20007F03012B0BD17B6801331B785BB2002BF6
:106E30001CDB7B8819467868FEF734F816E07B681F
:106E400001331B7803F07F03022B0BD17B680133E6
:106E50001B785BB2002B09DB7B8819467868FEF74C
:106E600021F803E012217868FDF7F8FF00BF08372A
:106E7000BD4680BD80B582B000AF78600B467B8098
:106E800011217868FDF7EAFF00BF0837BD4680BDD5
:106E900080B582B000AF0D4B1B78FB710B4B01220C
:106EA0001A70FBF72BF84FF47A7013F088FA084B3E
:106EB0001B781846FBF72EF8FBF706F8034AFB7918
:106EC000137000BF0837BD4680BD00BF54000320CB
:106ED000B02A032080B582B000AF78600B467B807B
:106EE0007B88012B04D813217868FDF7B7FF74E085
:106EF0007B6801331B7803F07F03832B48D0832BFF
:106F000065DC012B02D0032B42D060E07B88022B92
:106F100004D813217868FDF7A1FF5EE07B68023397
:106F20001B78103B032B1BD801A252F823F000BFA3
:106F3000416F0008496F0008516F0008596F000841
:106F4000274B34221A700FE0254B35221A700BE0C4
:106F5000234B36221A7007E0214B38221A7003E0C7
:106F60001F4B00221A7000BF1D4B1B78002B0AD04C
:106F70007B6801331B785BB2002B2DDB0221786824
:106F8000FDF790FF28E031217868FDF767FF23E0E7
:106F90007B88012B04D813217868FDF75FFF1CE084
:106FA0000F4B1B78002B04D122217868FDF756FF88
:106FB00013E07B6801331B785BB2002B04DB0221FA
:106FC0007868FDF76FFF08E0FFF762FF05E0122128
:106FD0007868FDF743FF00E000BF0837BD4680BD7D
:106FE000B02A032080B582B000AF78600B467B806A
:106FF0007B88042B04D013217868FDF72FFF34E041
:107000007B6801331B78772B04D012217868FDF759
:1070100025FF2AE0174B1B78012B04D17F217868CC
:10702000FDF71CFF21E07B6802331B78132B18D17E
:107030007B6803331B78372B13D17B681A780E4B90
:107040001B684032D2B21A700B4B1B6801331422FA
:107050000A49184600F016FC094B1B6815221A80D5
:1070600003E031217868FDF7F9FE00BF0837BD461F
:1070700080BD00BFBC2A0320B42A0320D8EC01083D
:10708000B82A032080B582B000AF78607868FDF739
:1070900083FF04490448FCF787FA002318460837A1
:1070A000BD4680BDB0000320D4A4012080B582B0CD
:1070B00000AF78600B4B1B78032B0AD1094B5B6840
:1070C0007A68D31A41F28832934202D97868FDF780
:1070D00063FF79680448FCF7A9FC034618460837A3
:1070E000BD4680BDBC2A0320D4A4012080B582B057
:1070F00000AF7860044A79680448FCF7B5FC0346A1
:1071000018460837BD4680BD8C000320D4A401205A
:1071100090B589B000AFF860B9607A603B60002339
:10712000FB750023FB770023BB82FB681B6840F2E2
:10713000E372934244D1FB68DB68184600F066FBBB
:10714000034619467B68BA685148FCF7B1FA504BC0
:107150001B78022B40F097800023FB753B68186872
:1071600007F117014FF0FF33012214F065F8B86101
:107170003B6818684FF0FF330222464914F05CF870
:107180000246BB691344BB613B681868404B5B888F
:107190001A464FF0FF33404914F04EF80246BB69DF
:1071A0001344BB613A4B5B880333BA699A4201D0FE
:1071B000FAF73EFC364B00221A700123FB7762E09F
:1071C000FB681B6840F2DF7293425CD1FB68DB68AE
:1071D000184600F01BFB0346002B54D0BB681B78FD
:1071E0001B09DBB2002B4ED1BB681B7803F00F03E9
:1071F000002B48DDBB681B7803F00803002B42D14D
:10720000BB681B7803F00F04FB68DB68184600F0CE
:10721000FDFA0346013B9C4235D80123FB75BB6850
:107220001B7803F00F039BB2BB823B68186807F121
:1072300017014FF0FF33012213F0FEFFB8613B68E6
:10724000186807F114014FF0FF33022213F0F4FF26
:107250000246BB691344BB613B681868BB68591C94
:10726000BB8A1A464FF0FF3313F0E6FF0246BB69B4
:107270001344BB61BB8A0333BA699A4201D0FAF75F
:10728000D7FB0123FB77FB7F18462437BD4690BD13
:10729000D4A40120D6A40120E1A4012080B584B0AB
:1072A00000AFF860B9603B601346FB80CC4A3B6896
:1072B0001360CC4ABB691360CA4B1B6800221A805A
:1072C000C94AFB685360FB88002B00F0B881BB689B
:1072D0001B780F2B06D8F988BB693A68B868FDF7A8
:1072E000C3F8B4E1BB681B78103B772B00F2A28196
:1072F00001A252F823F000BFD9740008E574000819
:107300003576000835760008F174000835760008F7
:10731000357600083576000835760008FD740008DB
:107320003576000835760008357600083576000891
:107330003576000835760008357600083576000881
:1073400009750008157500082175000835760008D4
:10735000357600082D750008397500084575000858
:1073600051750008357600085D750008357600080F
:107370006975000875750008357600088175000884
:1073800035760008357600088D7500089975000877
:10739000A5750008B1750008BD75000835760008B0
:1073A000357600083576000835760008C97500087E
:1073B000D575000835760008ED75000835760008AB
:1073C00035760008357600083576000835760008F1
:1073D00035760008357600083576000835760008E1
:1073E00035760008357600083576000835760008D1
:1073F00035760008357600083576000835760008C1
:1074000035760008357600083576000835760008B0
:1074100035760008357600083576000835760008A0
:107420003576000835760008357600083576000890
:107430003576000835760008357600083576000880
:107440003576000835760008357600083576000870
:107450003576000835760008357600083576000860
:107460003576000835760008357600083576000850
:107470003576000835760008357600083576000840
:107480003576000835760008357600083576000830
:107490003576000835760008357600083576000820
:1074A0003576000835760008357600083576000810
:1074B0003576000835760008357600083576000800
:1074C00035760008F9750008057600081176000881
:1074D0001D76000829760008FB881946B868FDF774
:1074E0007BFDB4E0FB881946B868FDF703FEAEE00B
:1074F000FB881946B868FDF735FEA8E0FB881946F9
:10750000B868FDF763FEA2E0FB881946B868FEF78D
:1075100029F89CE0FB881946B868FDF737FF96E02C
:10752000FB881946B868FEF7B5F990E0FB88194664
:10753000B868FEF775FA8AE0FB881946B868FEF766
:10754000A4FA84E0FB881946B868FEF7ACFA7EE03E
:10755000FB881946B868FEF7B4FA78E0FB8819464C
:10756000B868FEF7BCFA72E0FB881946B868FEF707
:10757000C5FA6CE0FB881946B868FEF7C1FB66E007
:10758000FB881946B868FEF7AFFE60E0FB88194635
:10759000B868FFF797F85AE0FB881946B868FFF714
:1075A000AFF854E0FB881946B868FFF7B9F84EE029
:1075B000FB881946B868FFF7FBF948E0FB881946D5
:1075C000B868FFF71BFA42E0FB881946B868FFF776
:1075D00023FA3CE0FB881946B868FFF7CDFB36E09C
:1075E000B42A0320B82A0320BC2A0320FB881946AA
:1075F000B868FFF7F7FC2AE0FB881946B868FFF780
:10760000E1FB24E0FB881946B868FFF7E9FB1EE0C0
:10761000FB881946B868FFF7F1FB18E0FB881946AC
:10762000B868FFF727FC12E0FB881946B868FFF737
:1076300051FC0CE01121B868FDF710FC07E0BB68B5
:1076400000221A701321B868FDF708FCFFE700BF9D
:107650001037BD4680BD00BF80B584B000AFF86074
:10766000B9603B601346FB804E4A3B6813604E4A4C
:10767000BB6913604C4B1B6800221A804B4AFB68A5
:107680005360FB88002B00F08180BB681B780F2BB8
:1076900006D8F988BB693A68B868FCF7E5FE7DE072
:1076A000BB681B78872B66D0872B6ADC852B5CD068
:1076B000852B66DC272B37DC102B62DB103B172B6E
:1076C0005FD801A252F823F02F7700083B7700081B
:1076D00083770008837700084777000883770008DE
:1076E0008377000883770008837700088377000892
:1076F0008377000883770008837700088377000882
:107700008377000883770008837700088377000871
:107710008377000883770008837700088377000861
:1077200083770008537700083E2B18D029E0FB88A8
:107730001946B868FDF750FC30E0FB881946B86878
:10774000FDF7D8FC2AE0FB881946B868FDF70AFD6A
:1077500024E0FB881946B868FEF762F91EE0FB8852
:107760001946B868FFF708FB18E0FB881946B868A7
:10777000FFF744FB12E0FB881946B868FFF7AAFB45
:107780000CE01121B868FDF769FB07E0BB68002237
:107790001A701321B868FDF761FBFFE700BF1037CF
:1077A000BD4680BDB42A0320B82A0320BC2A03208A
:1077B00080B584B000AFF860B9603B601346FB80D1
:1077C000BB691B88002B1DD03B681B78512B02D056
:1077D000C72B07D016E04FF4FA7012F0F0FD02F05C
:1077E0005CFC0FE0BB691B88012B0AD93B680133A5
:1077F0001B78032B05D14FF4FA7012F0E0FDFFF770
:1078000047FB00BF00BF1037BD4680BD80B483B0CA
:1078100000AF78607B68DBB21A46044B9B5C18466D
:107820000C37BD465DF8047B704700BFC8F2010805
:1078300080B483B000AF0346FB71FB7918460C3768
:10784000BD465DF8047B704780B487B000AFF86038
:107850000B467A60FB7200237B6108E0FB68FA7AD2
:107860001A70FB680133FB607B6901337B617A69C5
:107870007B689A42F2D300BF00BF1C37BD465DF85B
:10788000047B704780B487B000AFF860B9607A605D
:1078900000237B610AE0BA687B691A44F9687B6956
:1078A0000B4412781A707B6901337B617A697B68BB
:1078B0009A42F0D300BF00BF1C37BD465DF8047B81
:1078C000704780B485B000AF78600023FB607A68B1
:1078D000FB6813441B78002B03D0FB680133FB606B
:1078E000F5E700BFFB689BB218461437BD465DF84C
:1078F000047B704780B483B000AF0346FB80B7F9C8
:1079000006301B021AB2FB881B0A9BB21BB2134340
:107910001BB29BB218460C37BD465DF8047B70471E
:1079200080B582B000AF78607B684FF47A7202FB5A
:1079300003F3054AA2FB03239B09184612F03FFDFF
:1079400000BF0837BD4680BDD34D621080B483B000
:1079500000AF78600B4B00221A700A4A7B685360B4
:10796000084B00221A72074B00225A72054B002264
:10797000DA60044B00221A6100BF0C37BD465DF887
:10798000047B7047EC2A032080B483B000AF034629
:10799000FB71094B1B68FE221A70074B1B680133F1
:1079A000FA791A70054B1B6802221A8000BF0C3747
:1079B000BD465DF8047B7047002B0320042B032099
:1079C00080B584B000AF78600B467B807B88012B4C
:1079D00002D80023FB7303E07B6801331B78FB7341
:1079E000FB7B002B2FD11C4B5B681846FFF7AEFFCB
:1079F000194B01221A70194B1B68013300221A70AF
:107A0000164B1B68023300221A70144B1B68033399
:107A100008221A70114B1B68043308221A700F4B8E
:107A20001B68053300221A700C4B1B6806330122B9
:107A30001A700A4B1B68073301221A70084B1B6827
:107A400008221A8003E02220FFF79EFF00BF00BF3C
:107A50001037BD4680BD00BFEC2A0320002B032059
:107A6000042B032080B582B000AF78600B467B808A
:107A7000064B5B681846FFF769FF054B1B68012240
:107A80001A8000BF0837BD4680BD00BFEC2A032026
:107A9000042B032080B483B000AF78600B467B805A
:107AA000144B1B68013300221A70134B1B7A012BF5
:107AB00001D1002200E010220E4B1B6802331A7025
:107AC0000C4B1B68033300221A700A4B1B680433EB
:107AD00000221A70074B1B68053300221A70074BEF
:107AE0001B6806221A8000BF0C37BD465DF8047B78
:107AF000704700BF002B0320EC2A0320042B032037
:107B000080B582B000AF78600B467B807B88012B0C
:107B100003D82120FFF738FF35E07B6801331B785D
:107B2000002B2CD17B685A1C194B1B68013312782F
:107B30001A70174B1B68023300221A70144B1B6813
:107B4000033300221A70124B1B68043304221A708C
:107B50000F4B1B68053300221A700D4B1B68063350
:107B600000221A700A4B1B68073300221A70094B57
:107B70001B6808221A80084A084B1A6103E0222079
:107B8000FFF702FF00BF00BF0837BD4680BD00BF42
:107B9000002B0320042B0320D8F20108EC2A032039
:107BA00080B584B000AF78600B467B807B88012B6A
:107BB00003D82120FFF7E8FE3EE07B6801331B7805
:107BC000072B03D92220FFF7DFFE35E01C4B186995
:107BD0001B4B1B697A680132127813441946FCF773
:107BE00017FD0346012B03D02220FFF7CDFE23E033
:107BF0000023FB7311E0124B1B691946114B1A68E5
:107C0000FB7B013313440A781A700D4B1B69013357
:107C10000B4A1361FB7B0133FB737B6801331B78D9
:107C2000FA7B9A42E7D37B6801331B781A46064BEE
:107C30001B68013292B21A8000BF1037BD4680BD6A
:107C4000EC2A0320002B0320042B032080B582B0F4
:107C500000AF78600B467B807B88082B03D0212007
:107C6000FFF792FE18E07B6804331B781A067B68E6
:107C700005331B781B041A447B6806331B781B02F0
:107C800013447A680732127813441A46044B1A6177
:107C9000044B1B6801221A8000BF0837BD4680BD17
:107CA000EC2A0320042B032080B582B000AF78605B
:107CB0007868FFF74BFE002318460837BD4680BDA5
:107CC00080B582B000AF7860094B1B78002B0AD0DA
:107CD000074B5B687A68D31A4EF66022934202D94A
:107CE0007868FFF733FE002318460837BD4680BD8D
:107CF000EC2A032080B584B000AFF860B960134669
:107D0000FB80FB88DBB21846FFF792FD0346094A69
:107D1000D36002E00A2012F052FBB9680548FAF776
:107D200097F90346002BF5D1012318461037BD46BD
:107D300080BD00BFB401032080B588B000AFF860FB
:107D4000B9607A603B600023FB77FB681B6840F2F8
:107D50005652934229D1FB68DB681846FFF756FD5F
:107D60000346FB82FB8A002B1FD03B68186807F193
:107D700016014FF0FF33022213F05EFAB8613B6840
:107D80001868FB8A1A464FF0FF33B96813F054FAAB
:107D90000246BB691344BB61FB8A0233BA699A424B
:107DA00001D0F9F745FE0123FB77FB7F184620370A
:107DB000BD4680BD80B584B000AFF860B9603B605F
:107DC0001346FB80324A3B681360324ABB6913603A
:107DD000314AFB685360FB88002B55D02C4B1B6845
:107DE000FF221A70BB681B78FF2B03D02A4B1B782D
:107DF000012B49D1BB681B78F53B0A2B40D801A267
:107E000052F823F0697E0008757E0008817E000824
:107E1000817E0008817E00085D7E0008817E00086A
:107E2000557E0008497E00083D7E0008317E00082E
:107E3000FB881946B868FFF7C3FD25E0FB881946A3
:107E4000B868FFF70FFE1FE0FB881946B868FFF718
:107E500021FE19E00020FFF797FD15E0FB88194689
:107E6000B868FFF74DFE0FE0FB881946B868FFF7CA
:107E700097FE09E0FB881946B868FFF7E7FE03E0C4
:107E80002020FFF781FD00BF00BF1037BD4680BD39
:107E9000002B0320042B0320EC2A032080B582B0A2
:107EA00000AF124B1B6E114A43F0010313660F4BD8
:107EB0001B6E03F001037B607B680C4B9B6D0B4AD0
:107EC00043F080539365094B9B6D03F080533B60F7
:107ED0003B68002207216FF0010002F0A8F806F0CD
:107EE000D5FF00BF0837BD4680BD00BF001002406F
:107EF00080B5AEB000AF786007F1A40300221A602D
:107F00005A609A60DA601A6107F110039422002126
:107F1000184616F07FF97B681B68414A93427AD174
:107F20004FF480433B614FF08053C7F890300323F8
:107F30007B610323BB611823FB6111233B62022396
:107F40007B620823BB624FF08073FB6207F1100372
:107F5000184607F0BBFF0346002B01D0F9F768FD78
:107F6000304BDB6C2F4A43F40053D3642D4BDB6C56
:107F700003F40053FB60FB682A4BDB6C294A43F097
:107F80000103D364274BDB6C03F00103BB60BB68C8
:107F90003223C7F8A4300323C7F8A8300023C7F85A
:107FA000AC3007F1A40319461F4804F0BBF91F4B7E
:107FB0001F4A1A601D4B05225A601C4B00229A6012
:107FC0001A4B0022DA60194B80221A61174B4FF4CA
:107FD00080725A61154B4FF480629A61134B2022D4
:107FE000DA61124B00221A62104802F04DF9034682
:107FF000002B01D0F9F71CFD10210C4802F030FCD9
:108000000346002B01D0F9F713FD7B68074A1A6578
:10801000064A7B68936200BFB837BD4680BD00BF8B
:1080200000800242001002400000024224040320AB
:108030000804024080B485B000AF78607B681B689C
:108040000A4A93420BD10A4B9B6C094A43F4805372
:108050009364074B9B6C03F48053FB60FB6800BF89
:108060001437BD465DF8047B704700BF0030024006
:108070000010024080B5AEB000AF786007F1A403F5
:1080800000221A605A609A60DA601A6107F11003E0
:1080900094220021184616F0BDF87B681B682A4A16
:1080A00093424DD14FF000733B614FF08073BB673B
:1080B00007F11003184607F009FF0346002B01D013
:1080C000F9F7B6FC214BDB6D204A43F40073D3650E
:1080D0001E4BDB6D03F40073FB60FB681B4BDB6C1A
:1080E0001A4A43F00203D364184BDB6C03F002031B
:1080F000BB60BB684FF44073C7F8A4300223C7F8D5
:10810000A8300023C7F8AC300023C7F8B0300923EB
:10811000C7F8B43007F1A40319460D4804F002F97A
:1081200000220521272001F082FF272001F099FF7E
:1081300000220521282001F07AFF282001F091FF7C
:1081400000BFB837BD4680BD00A40040001002400B
:108150000004024280B582B000AF78607B681B6883
:108160000B4A934210D10B4BDB6D0A4A23F4007388
:10817000D3654FF44071084804F054FA272001F009
:108180007EFF282001F07BFF00BF0837BD4680BD81
:1081900000A40040001002400004024280B5AEB0CE
:1081A00000AF786007F1A40300221A605A609A6059
:1081B000DA601A6107F1100394220021184616F0C4
:1081C00029F87B681B68254A934242D120233B61F2
:1081D0000023BB6507F11003184607F077FE03463E
:1081E000002B01D0F9F724FC1D4BDB6D1C4A43F03A
:1081F0000103D3651A4BDB6D03F00103FB60FB68E1
:10820000174BDB6C164A43F00103D364144BDB6C51
:1082100003F00103BB60BB680C23C7F8A430022342
:10822000C7F8A8300023C7F8AC300023C7F8B03037
:108230000823C7F8B43007F1A4031946094804F02D
:1082400071F800220521422001F0F1FE422001F0E8
:1082500008FF00BFB837BD4680BD00BF00800040AA
:10826000001002400000024280B5A8B000AF786064
:1082700007F10C0394220021184615F0CBFF7B6810
:108280001B68154A934223D14FF48023FB600023DF
:10829000C7F8883007F10C03184607F017FE0346AD
:1082A000002B01D0F9F7C4FB0C4BDB6C0B4A43F4F9
:1082B0008023D364094BDB6C03F48023BB60BB6871
:1082C000002205215E2001F0B2FE5E2001F0C9FE11
:1082D00000BFA037BD4680BD00080C420010024020
:1082E00080B58AB000AF786007F1140300221A60ED
:1082F0005A609A60DA601A617B681B68564A93423A
:1083000040F0A680554B9B6D544A43F480439365DF
:10831000524B9B6D03F480433B613B694F4BDB6CDD
:108320004E4A43F00203D3644C4BDB6C03F0020370
:10833000FB60FB684FF420437B610223BB61002399
:10834000FB6103233B6205237B6207F1140319469B
:10835000434803F0E7FF4FF480437B610223BB6196
:108360000123FB6103233B6205237B6207F11403B6
:1083700019463B4803F0D6FF3A4B3B4A1A60394B4B
:108380000E225A60374B10229A60364B0022DA6078
:10839000344B80221A61334B00225A61314B002248
:1083A0009A61304B0022DA612E4B00221A622D486E
:1083B00001F06AFF0346002B01D0F9F739FB1021C9
:1083C000284802F04DFA0346002B01D0F9F730FBA4
:1083D0007B68244A5A65234A7B689362234B244A6C
:1083E0001A60224B0D225A60204B00229A601F4BCC
:1083F0000022DA601D4B80221A611C4B00225A6158
:108400001A4B00229A61194B0022DA61174B0022A5
:108410001A62164801F038FF0346002B01D0F9F725
:1084200007FB1021114802F01BFA0346002B01D074
:10843000F9F7FEFA7B680D4A9A650C4A7B689362ED
:10844000002205213C2001F0F2FD3C2001F009FE54
:1084500000BF2837BD4680BD0038004000100240F4
:10846000000402427406032008000240DC060320D8
:108470001C00024080B586B000AF78607B681B6846
:10848000234A934214D1234B9B6D224A43F010039D
:108490009365204B9B6D03F010037B617B69002289
:1084A0000521312001F0C3FD312001F0DAFD2AE081
:1084B0007B681B68184A934214D1164B9B6D154A72
:1084C00043F020039365134B9B6D03F020033B6146
:1084D0003B6900220521322001F0A9FD322001F084
:1084E000C0FD10E07B681B680C4A93420BD1094B1E
:1084F0001B6E084A43F400331366064B1B6E03F4ED
:108500000033FB60FB6800BF1837BD4680BD00BF6D
:1085100000100040001002400014004000440140E0
:1085200080B5AEB000AF786007F1A40300221A60F6
:108530005A609A60DA601A6107F1100394220021F0
:10854000184615F067FE7B681B68264A934245D1A2
:108550004FF400533B610023C7F8843007F1100348
:10856000184607F0B3FC0346002B01D0F9F760FA78
:108570001D4BDB6C1C4A43F00103D3641A4BDB6CCC
:1085800003F00103FB60FB684FF4C053C7F8A4304D
:108590000223C7F8A8300023C7F8AC300023C7F87F
:1085A000B0300A23C7F8B43007F1A40319460F48C6
:1085B00003F0B8FE0C4BDB6D0B4A43F40013D3659C
:1085C000094BDB6D03F40013BB60BB68002205217F
:1085D000492001F02CFD492001F043FD00BFB837D0
:1085E000BD4680BD00D400400010024000000242A1
:1085F00080B58CB000AF78600023FB620023BB62C3
:10860000002279682A2001F012FD2A2001F029FDBC
:108610001E4B1B6E1D4A43F4006313661B4B1B6EFF
:1086200003F40063FB60FB6807F1100207F1140319
:108630001146184607F046FB07F030FBF862FB6A6C
:10864000134AA2FB03239B0C013BBB62114B124A52
:108650001A60104B40F2E732DA600E4ABB6A536090
:108660000C4B00221A610B4B00229A60094808F05B
:10867000CCFF0346002B04D1064809F085F80346D9
:1086800000E0012318463037BD4680BD001002408F
:1086900083DE1B43082B0320002C014080B400AF75
:1086A00000BFFDE780B400AF00BFFDE780B400AFBE
:1086B00000BFFDE780B400AF00BFFDE780B400AFAE
:1086C00000BFFDE780B400AF00BFBD465DF8047B8E
:1086D0007047000080B500AF024801F0B3FF00BF53
:1086E00080BD00BF7406032080B500AF024801F0D2
:1086F000A9FF00BF80BD00BFDC06032080B500AF2E
:10870000024802F0A9FE00BF80BD00BFB0040320F4
:1087100080B500AF024802F09FFE00BF80BD00BFE1
:10872000B004032080B500AF024809F09DF800BFF7
:1087300080BD00BF082B032080B500AF024809F0C0
:1087400093F800BF80BD00BF4407032080B500AF91
:10875000024809F089F800BF80BD00BF90070320E0
:1087600080B500AF024804F063F800BF80BD00BFD1
:108770001405032080B500AF024804F073F800BF71
:1087800080BD00BF1405032080B500AF024808F08B
:1087900035FC00BF80BD00BF1006032080B500AFD0
:1087A000024809F00DFC00BF80BD00BF6805032032
:1087B00080B500AF024804F053FF00BF80BD00BF8A
:1087C0002808032080B500AF024801F03BFF00BF3E
:1087D00080BD00BF2404032080B500AF024808F02C
:1087E000E8F900BF80BD00BFFC05032080B586B05E
:1087F00000AF7860144A154BD31A7B617B693B61EB
:10880000134B1B68002B02D1114B124A1A60104BFC
:108810001A687B6813443A699A4207D215F070FDD2
:1088200003460C221A604FF0FF3309E0084B1B6827
:10883000FB60074B1A687B681344054A1360FB68AA
:1088400018461837BD4680BD000004200010000007
:10885000542B0320A058032080B400AF064BD3F85C
:108860008830054A43F47003C2F8883000BFBD4623
:108870005DF8047B704700BF00ED00E080B487B076
:1088800000AF4F4B1B6803F00803002B07D14C4B84
:10889000D3F894301B0A03F00F037B6105E0484BCB
:1088A0001B681B0903F00F037B61464A7B6952F882
:1088B00023307B61424B9B6803F00C030C2B66D882
:1088C00001A252F823F000BFFD8800088F8900083C
:1088D0008F8900088F890008058900088F890008A2
:1088E0008F8900088F8900080D8900088F8900088A
:1088F0008F8900088F89000815890008324A7B6932
:10890000136048E0304B314A1A6044E02E4B304A45
:108910001A6040E02A4BDB6803F00303FB60284B3E
:10892000DB681B0903F00F030133BB60FB68022BFC
:1089300003D0FB68032B06D00BE0244ABB68B2FBD4
:10894000F3F33B610BE0224ABB68B2FBF3F33B61FC
:1089500005E07A69BB68B2FBF3F33B6100BF184BDB
:10896000DB681B0A03F07F023B6902FB03F33B61F8
:10897000134BDB685B0E03F0030301335B007B608A
:108980003A697B68B2FBF3F30F4A136003E00E4AC7
:108990007B69136000BF0A4B9B681B0903F00F0340
:1089A0000C4AD35C3B60084B1A683B6822FA03F31D
:1089B000054A136000BF1C37BD465DF8047B704755
:1089C00000100240F8F20108D80103200024F4004E
:1089D00080969800E0F20108DFF834D0FFF73CFF02
:1089E000002103E00B4B5B58435004310A480B4B0A
:1089F00042189A42F6D30A4A02E0002342F8043BA6
:108A0000084B9A42F9D315F081FCF7F707FEFEE711
:108A100000000420B4F3010800000320A003032099
:108A2000A0030320A0580320FEE780B582B000AF6A
:108A30000023FB71042001F0EFFAFFF71FFF002075
:108A4000FFF7D6FD0346002B02D00123FB7101E0A6
:108A5000FFF724FAFB7918460837BD4680BD0000B1
:108A600080B400AF064B1B781A46064B1B681344B4
:108A7000044A136000BFBD465DF8047B704700BF29
:108A8000E0010320582B032080B400AF034B1B6888
:108A90001846BD465DF8047B704700BF582B032085
:108AA00080B483B000AF786039607B689B6823F442
:108AB0007C123B681A437B689A6000BF0C37BD4646
:108AC0005DF8047B704780B483B000AF7860396094
:108AD0007B689B6823F0E0723B681A437B689A606E
:108AE00000BF0C37BD465DF8047B704780B483B08F
:108AF00000AF78607B689B6803F0E07318460C3722
:108B0000BD465DF8047B704780B487B000AFF86065
:108B1000B9607A603B60FB6860331A46BB689B00B3
:108B200013447B617B691A68084B13407A6802F032
:108B3000F8413A680A43134343F000427B691A60E4
:108B400000BF1C37BD465DF8047B704700F0FF0393
:108B500080B485B000AF786039607B6860331A46B6
:108B60003B689B001344FB60FB681B6803F0F84301
:108B700018461437BD465DF8047B704780B487B053
:108B800000AFF860B9607A60FB6860331A46BB6872
:108B90009B0013447B617B691B6823F000427B6868
:108BA0001A437B691A6000BF1C37BD465DF8047B21
:108BB000704780B483B000AF786039607B685B69D0
:108BC00023F000423B681A437B685A6100BF0C37B0
:108BD000BD465DF8047B704780B483B000AF786019
:108BE0007B68DB6803F44063002B01D1012300E0C4
:108BF000002318460C37BD465DF8047B704780B4EF
:108C000087B000AFF860B9607A60FB6830331A460D
:108C1000BB681B0A9B0003F00C0313447B617B6958
:108C20001A68BB6803F01F031F2101FA03F3DB433B
:108C30001A407B689B0E03F01F01BB6803F01F0303
:108C400001FA03F31A437B691A6000BF1C37BD4663
:108C50005DF8047B704780B487B000AFF860B960FE
:108C60007A60FB6814331A46BB685B0E9B0003F006
:108C7000040313447B617B691A68BB681B0D03F016
:108C80001F03072101FA03F3DB431A40BB681B0DE6
:108C900003F01F03796801FA03F31A437B691A6032
:108CA00000BF1C37BD465DF8047B704780B485B0BB
:108CB00000AFF860B9607A60FB68D3F8B020BB6899
:108CC000C3F31203DB431A407B6803F0180308491F
:108CD000D940BB680B40C3F312031A43FB68C3F8C7
:108CE000B02000BF1437BD465DF8047B704700BF5D
:108CF000FFFF070080B483B000AF78607B689B689B
:108D000003F01F0318460C37BD465DF8047B70471F
:108D100080B483B000AF78607B689B6823F0204309
:108D200023F03F037A68936000BF0C37BD465DF8BF
:108D3000047B704780B483B000AF78607B689B6829
:108D400003F00053B3F1005F01D1012300E00023E1
:108D500018460C37BD465DF8047B704780B483B07D
:108D600000AF78607B689B6823F0104323F03F03DB
:108D700043F080527B689A6000BF0C37BD465DF8B7
:108D8000047B704780B483B000AF78607B689B68D9
:108D900003F08053B3F1805F01D1012300E0002391
:108DA00018460C37BD465DF8047B704780B483B02D
:108DB00000AF78607B689B6823F0004323F03F039B
:108DC00043F001027B689A6000BF0C37BD465DF836
:108DD000047B704780B483B000AF78607B689B6889
:108DE00003F00103012B01D1012300E00023184609
:108DF0000C37BD465DF8047B704780B483B000AF8C
:108E000078607B689B6823F0004323F03F0343F0C6
:108E100004027B689A6000BF0C37BD465DF8047B96
:108E2000704780B483B000AF78607B689B6803F0C4
:108E30000403042B01D1012300E0002318460C3762
:108E4000BD465DF8047B704780B483B000AF7860A6
:108E50007B689B6803F00803082B01D1012300E025
:108E6000002318460C37BD465DF8047B70470000B0
:108E700090B589B000AF78600023FB770023FB60DA
:108E80007B68002B01D101232EE17B681B69002B3D
:108E90007B689B6D002B09D17868FFF729F87B6808
:108EA0000022DA657B68002283F854207B681B6807
:108EB0001846FFF73FFF0346002B04D07B681B6872
:108EC0001846FFF725FF7B681B681846FFF75AFF17
:108ED0000346002B15D17B681B681846FFF73EFF41
:108EE000834B1B689B09834AA2FB03239B09013325
:108EF0005B00FB6002E0FB68013BFB60FB68002B52
:108F0000F9D17B681B681846FFF73CFF0346002B2E
:108F10000DD17B689B6D43F010027B689A657B687E
:108F2000DB6D43F001027B68DA650123FB777B6828
:108F30001B681846FFF775FF78617B689B6D03F02F
:108F40001003002B40F0C7807B69002B40F0C380EA
:108F50007B689B6D23F4817343F002027B689A6502
:108F60007B681B681846FFF735FF0346002B10D1BE
:108F70006148FFF72FFF04466048FFF72BFF0346C9
:108F80002343002B05D17B685B6819465C48FFF7DB
:108F900087FD7B685B7E5A037B685B6B1A437B684B
:108FA000DB681A437B689B681A437B6893F8203020
:108FB0001B041343BB617B6893F82030012B06D15F
:108FC0007B685B6A013B5B04BA691343BB617B68E6
:108FD0009B6A002B09D07B689B6A03F470727B68E4
:108FE000DB6A1343BA691343BB617B681B68DA68A9
:108FF000444B13407A681268B9690B43D3607B68AD
:109000001B681846FFF720FF38617B69002B40D1B1
:109010003B69002B3DD17B68DA6C7B681B7E9B0330
:109020001A437B6893F830305B001343BB617B6865
:109030001B68DB6823F4804323F006037A68126818
:10904000B9690B43D3607B6893F83830012B18D192
:109050007B681B681B6923F4FF6323F004037A68B1
:10906000D16B7A68126C11437A68526C11437A683A
:10907000926C0A431A437B681B6842F001021A6132
:1090800007E07B681B681A697B681B6822F0010295
:109090001A617B681B69012B0CD17B681B681B6BF9
:1090A00023F00F017B68DB695A1E7B681B680A434B
:1090B0001A6307E07B681B681A6B7B681B6822F0E9
:1090C0000F021A637B689B6D23F0030343F00102D8
:1090D0007B689A6507E07B689B6D43F010027B68B4
:1090E0009A650123FB77FB7F18462437BD4690BD68
:1090F000D8010320632D3E05008002420081024218
:109100000083024207C0F0FF80B586B000AFF86070
:10911000B9607A605048FFF7EDFD3861FB681B6865
:109120001846FFF77EFE0346002B40F08E80FB685A
:1091300093F85430012B01D1022389E0FB6801220E
:1091400083F854203B69002B05D03B69052B02D0E6
:109150003B69092B72D1F86800F092FC0346FB755D
:10916000FB7D002B65D1FB689B6D23F4706323F0BE
:10917000010343F48072FB689A65FB681B68374AF9
:10918000934202D0FB681B6800E0354BFA68126816
:10919000934202D03B69002B05D1FB689B6D23F401
:1091A0008012FB689A65FB689B6D03F48053002B6B
:1091B00006D0FB68DB6D23F00602FB68DA6502E08F
:1091C000FB680022DA65FB681B6D264ADA62FB68E1
:1091D0001B6D254A1A63FB681B6D244ADA63FB6822
:1091E0001B681C221A60FB68002283F85420FB686D
:1091F0001B685A68FB681B6842F010025A60FB68E3
:109200001B68DA68FB681B6842F00102DA60FB68E1
:10921000186DFB681B6840331946BA687B6801F01B
:10922000DBF80346FB75FB681B681846FFF7E5FD96
:109230000DE0FB68002283F8542008E00123FB7551
:10924000FB68002283F8542001E00223FB75FB7DBC
:1092500018461837BD4680BD008302420081024295
:10926000008002428D9B0008659C0008819C0008DC
:1092700080B483B000AF786000BF0C37BD465DF8A6
:10928000047B704780B483B000AF786000BF0C37B8
:10929000BD465DF8047B704780B483B000AF786052
:1092A00000BF0C37BD465DF8047B704790B5B7B082
:1092B00000AF78603960002387F8D7300023FB6067
:1092C0007B6893F85430012B01D10223C1E37B6802
:1092D000012283F854207B681B681846FFF7A1FD24
:1092E0000346002B40F0A6837B6818683B685968EA
:1092F0003B681B681A46FFF782FC7B681B681846B0
:10930000FFF78FFDC7F8D0007B681B681846FFF792
:109310009BFDC7F8CC00D7F8D030002B40F0C181BE
:10932000D7F8CC30002B40F0BC813B689B68B3F190
:10933000004F0FD17B6818683B681B6800221946F4
:10934000FFF789FC7B681B684FF000411846FFF768
:1093500030FC0EE07B6818683B6819683B689B68C6
:109360001A46FFF778FC7B681B6800211846FFF758
:1093700020FC3B685A697B681B68DB68DB0803F0EC
:1093800003035B0002FA03F3C7F8C8303B681B69AC
:10939000042B0AD07B6818683B6819693B681A6817
:1093A000D7F8C830FFF7B0FB7BE17B681B68002172
:1093B0001846FFF7CDFB0346C3F31203002B0AD177
:1093C0007B681B6800211846FFF7C2FB03469B0E13
:1093D00003F01F021EE07B681B6800211846FFF7A0
:1093E000B7FB0346C7F8BC30D7F8BC3093FAA3F3F9
:1093F000C7F8C030D7F8C030C7F8B830D7F8B830A1
:10940000002B01D1202304E0D7F8B830B3FA83F35E
:10941000DBB21A463B681B68C3F31203002B05D16D
:109420003B681B689B0E03F01F0318E03B681B683A
:10943000C7F8B030D7F8B03093FAA3F3C7F8AC3020
:10944000D7F8AC30C7F8B430D7F8B430002B01D11E
:10945000202304E0D7F8B430B3FA83F3DBB29A42A6
:1094600006D17B681B68002200211846FFF786FBA7
:109470007B681B6801211846FFF76AFB0346C3F3AC
:109480001203002B0AD17B681B6801211846FFF7E5
:109490005FFB03469B0E03F01F021EE07B681B6808
:1094A00001211846FFF754FB0346C7F8A430D7F84C
:1094B000A43093FAA3F3C7F8A030D7F8A030C7F8C8
:1094C000A830D7F8A830002B01D1202304E0D7F82A
:1094D000A830B3FA83F3DBB21A463B681B68C3F3C8
:1094E0001203002B05D13B681B689B0E03F01F0382
:1094F00018E03B681B68C7F89830D7F8983093FAA3
:10950000A3F3C7F89430D7F89430C7F89C30D7F855
:109510009C30002B01D1202304E0D7F89C30B3FA13
:1095200083F3DBB29A4206D17B681B6800220121DB
:109530001846FFF723FB7B681B6802211846FFF7DC
:1095400007FB0346C3F31203002B0AD17B681B6899
:1095500002211846FFF7FCFA03469B0E03F01F0298
:109560001EE07B681B6802211846FFF7F1FA0346EC
:10957000C7F88C30D7F88C3093FAA3F3C7F888304B
:10958000D7F88830C7F89030D7F89030002B01D149
:10959000202304E0D7F89030B3FA83F3DBB21A4605
:1095A0003B681B68C3F31203002B05D13B681B68A3
:1095B0009B0E03F01F0316E03B681B68C7F8803062
:1095C000D7F8803093FAA3F3FB67FB6FC7F88430BA
:1095D000D7F88430002B01D1202304E0D7F8843061
:1095E000B3FA83F3DBB29A4206D17B681B68002290
:1095F00002211846FFF7C2FA7B681B680321184650
:10960000FFF7A6FA0346C3F31203002B0AD17B68C7
:109610001B6803211846FFF79BFA03469B0E03F0D5
:109620001F0217E07B681B6803211846FFF790FABA
:1096300003467B677B6F93FAA3F33B673B6FBB6784
:10964000BB6F002B01D1202303E0BB6FB3FA83F380
:10965000DBB21A463B681B68C3F31203002B05D12B
:109660003B681B689B0E03F01F0311E03B681B68FF
:10967000BB66BB6E93FAA3F37B667B6EFB66FB6EE9
:10968000002B01D1202303E0FB6EB3FA83F3DBB29E
:109690009A4206D17B681B68002203211846FFF717
:1096A0006DFA7B681B681846FFF794FB0346002B96
:1096B00040F0C9817B6818683B6819683B68DB68C3
:1096C0001A46FFF7F3FA3B68DB688F4A934240F093
:1096D00031817B6818683B681B68C3F31203002B59
:1096E0000BD13B681B689B0E013303F01F03092B52
:1096F00094BF01230023DBB219E03B681B68FB65C4
:10970000FB6D93FAA3F3BB65BB6D3B663B6E002B11
:1097100001D1202303E03B6EB3FA83F3DBB20133C4
:1097200003F01F03092B94BF01230023DBB2002B9E
:1097300079D03B681B68C3F31203002B07D13B6849
:109740001B689B0E01339B0603F0F84215E03B6853
:109750001B683B653B6D93FAA3F3FB64FB6C7B6575
:109760007B6D002B01D1202303E07B6DB3FA83F3E3
:10977000DBB201339B0603F0F8423B681B68C3F37E
:109780001203002B09D13B681B689B0E013303F0C9
:109790001F03012101FA03F317E03B681B687B6498
:1097A0007B6C93FAA3F33B643B6CBB64BB6C002BF8
:1097B00001D1202303E0BB6CB3FA83F3DBB20133A6
:1097C00003F01F03012101FA03F342EA03013B689E
:1097D0001B68C3F31203002B0AD13B681B689B0E66
:1097E000013303F01F0213465B0013441B0518E00E
:1097F0003B681B68BB63BB6B93FAA3F37B637B6B18
:10980000FB63FB6B002B01D1202303E0FB6BB3FA5E
:1098100083F3DBB2013303F01F0213465B001344F2
:109820001B050B4381E03B681B68C3F31203002B4D
:1098300007D13B681B689B0E01339B0603F0F8427F
:1098400015E03B681B68FB62FB6A93FAA3F3BB62FB
:10985000BB6A3B633B6B002B01D1202303E03B6BD6
:10986000B3FA83F3DBB201339B0603F0F8423B68A3
:109870001B68C3F31203002B09D13B681B689B0EC6
:10988000013303F01F03012101FA03F317E03B68E2
:109890001B683B623B6A93FAA3F3FB61FB697B6243
:1098A0007B6A002B01D1202303E07B6AB3FA83F3A8
:1098B000DBB2013303F01F03012101FA03F342EA93
:1098C00003013B681B68C3F31203002B0DD13B68F7
:1098D0001B689B0E013303F01F0213465B00134409
:1098E0001E3B1B0543F000731EE03B681B687B6159
:1098F0007B6993FAA3F33B613B69BB61BB69002BB6
:1099000004D1202306E000BF00007F40BB69B3FA0A
:1099100083F3DBB2013303F01F0213465B001344F1
:109920001E3B1B0543F000730B433A6892681946CF
:10993000FFF791F93B681A68484B1340002B00F081
:1099400082804748FFF7D2F8C7F8C4004548FFF7C0
:1099500041FA04464448FFF73DFA03462343002BEF
:109960005ED13B681B68414A934227D1D7F8C43087
:1099700003F40003002B21D17B681B68394A934212
:1099800061D1D7F8C43043F4000319463448FFF7D7
:109990009AF8374B1B689B09364AA2FB03239B09A5
:1099A0005A1C13465B0013449B00FB6002E0FB68FB
:1099B000013BFB60FB68002BF9D144E03B681B686E
:1099C0002D4A934213D1D7F8C43003F08073002B93
:1099D0000DD17B681B68234A934234D1D7F8C43039
:1099E00043F0807319461E48FFF76DF82BE03B6883
:1099F0001B68224A934226D1D7F8C43003F480036F
:109A0000002B20D17B681B68164A93421BD1D7F8E4
:109A1000C43043F4800319461148FFF754F812E0AC
:109A20007B689B6D43F020027B689A65012387F871
:109A3000D73008E07B689B6D43F020027B689A6515
:109A4000012387F8D7307B68002283F8542097F8E9
:109A5000D7301846DC37BD4690BD00BF00000880F7
:109A6000008302420080024200810242000052C78D
:109A7000D8010320632D3E05000084CB0100008047
:109A800080B584B000AF78600023BB607B681B6842
:109A90001846FFF79FF90346002B69D17B681B68C6
:109AA0009A68364B1340002B0DD07B689B6D43F0BA
:109AB00010027B689A657B68DB6D43F001027B686E
:109AC000DA65012355E07B681B681846FFF76EF9DD
:109AD0002B48FFF70BF8034603F40003002B13D0C9
:109AE000284B1B689B09284AA2FB03239B095A1C8D
:109AF00013465B0013449B00BB6002E0BB68013B64
:109B0000BB60BB68002BF9D1FEF7BEFFF86028E010
:109B10007B681B681846FFF75DF90346002B04D1EC
:109B20007B681B681846FFF741F9FEF7ADFF024658
:109B3000FB68D31A022B14D97B681B681B6803F0DF
:109B40000103012B0DD07B689B6D43F010027B68F5
:109B50009A657B68DB6D43F001027B68DA6501235F
:109B600007E07B681B681B6803F00103012BCFD162
:109B7000002318461037BD4680BD00BF3F0000805F
:109B800000830242D8010320632D3E0580B584B0D6
:109B900000AF78607B689B6AFB60FB689B6D03F09D
:109BA0005003002B4BD1FB689B6D43F40072FB68A4
:109BB0009A65FB681B681B6803F00803002B21D023
:109BC000FB681B681846FFF707F80346002B32D0E6
:109BD000FB681B68DB6803F40053002B2BD1FB6888
:109BE0009B6D23F48072FB689A65FB689B6D03F4A0
:109BF0008053002B1FD1FB689B6D43F00102FB6873
:109C00009A6518E0FB681B68DB6803F00203002B11
:109C100011D1FB689B6D23F48072FB689A65FB6829
:109C20009B6D03F48053002B05D1FB689B6D43F0C3
:109C30000102FB689A65F868FFF71AFB0EE0FB6803
:109C40009B6D03F01003002B03D0F868FFF724FB93
:109C500004E0FB681B6DDB6B7868984700BF10372A
:109C6000BD4680BD80B584B000AF78607B689B6ADC
:109C7000FB60F868FFF706FB00BF1037BD4680BDEC
:109C800080B584B000AF78607B689B6AFB60FB683E
:109C90009B6D43F04002FB689A65FB68DB6D43F007
:109CA0000402FB68DA65F868FFF7F6FA00BF1037C0
:109CB000BD4680BD80B483B000AF78607B689B6890
:109CC00003F00103012B01D1012300E0002318461A
:109CD0000C37BD465DF8047B704780B483B000AF9D
:109CE00078607B689B6803F00403042B01D1012397
:109CF00000E0002318460C37BD465DF8047B704732
:109D000090B5A1B000AF78603960002387F87F304C
:109D10007B6893F85430012B01D1022389E07B68E2
:109D2000012283F8542000237B660023BB667B68F6
:109D30001B68424A934202D1414BFB6001E0002381
:109D4000FB60FB68002B0BD17B689B6D43F020020E
:109D50007B689A657B68002283F85420012368E0C1
:109D6000FB681846FFF7B9FFB8677B681B681846A1
:109D7000FFF7B3FF0346002B4AD1BB6F002B47D13F
:109D8000304B7B673B681B68002B27D07B6F9B6841
:109D900023F460423B6859687B6893F830305B037A
:109DA0000B431A437B6F9A602448FFF783FF0446F6
:109DB0002348FFF77FFF03462343002B32D17B6FFD
:109DC0009B6823F4716323F00F033A6811683A68C3
:109DD00092680A431A437B6F9A6023E07B6F9B680B
:109DE00023F460427B6F9A601448FFF763FF0446D8
:109DF0001348FFF75FFF03462343002B12D17B6F0D
:109E00009B6823F4716323F00F037A6F936009E07A
:109E10007B689B6D43F020027B689A65012387F87D
:109E20007F3000E000BF7B68002283F8542097F861
:109E30007F3018468437BD4690BD00BF0080024287
:109E4000008102420083024280B485B000AF786096
:109E50007B6803F00703FB600C4BDB68BB60BA68F0
:109E60004FF6FF031340BB60FB681A02BB68134345
:109E700043F0BF6343F40033BB60044ABB68D36064
:109E800000BF1437BD465DF8047B704700ED00E06D
:109E900080B400AF044BDB681B0A03F007031846CD
:109EA000BD465DF8047B704700ED00E080B483B0F0
:109EB00000AF0346FB7197F90730002B0BDBFB79F2
:109EC00003F01F02074997F907305B09012000FAE8
:109ED00002F241F8232000BF0C37BD465DF8047B39
:109EE000704700BF00E100E080B483B000AF0346DC
:109EF000FB7197F90730002B12DBFB7903F01F028F
:109F00000A4997F907305B09012000FA02F2203371
:109F100041F82320BFF34F8F00BFBFF36F8F00BF07
:109F200000BF0C37BD465DF8047B704700E100E0E0
:109F300080B483B000AF03463960FB7197F90730F6
:109F4000002B0ADB3B68DAB20C4997F90730520163
:109F5000D2B20B4483F800230AE03B68DAB2084926
:109F6000FB7903F00F03043B5201D2B20B441A7683
:109F700000BF0C37BD465DF8047B704700E100E090
:109F800000ED00E080B489B000AFF860B9607A609D
:109F9000FB6803F00703FB61FB69C3F10703032BB5
:109FA00028BF0323BB61FB690333062B02D9FB697E
:109FB000043B00E000237B614FF0FF32BB6902FAF3
:109FC00003F3DA43BB681A407B699A404FF0FF31D4
:109FD0007B6901FA03F3D9437B680B4013431846AE
:109FE0002437BD465DF8047B7047000080B400AFA5
:109FF000BFF34F8F00BF064BDB6803F4E0620449F8
:10A00000044B1343CB60BFF34F8F00BF00BFFDE78E
:10A0100000ED00E00400FA0580B582B000AF786082
:10A020007868FFF711FF00BF0837BD4680BD80B5D7
:10A0300086B000AF0346B9607A60FB73FFF728FF74
:10A0400078617A68B9687869FFF79CFF024697F9EA
:10A050000F3011461846FFF76BFF00BF1837BD469B
:10A0600080BD80B582B000AF0346FB7197F9073021
:10A070001846FFF71BFF00BF0837BD4680BD80B5FF
:10A0800082B000AF0346FB7197F907301846FFF71F
:10A090002BFF00BF0837BD4680BD80B500AFFFF77E
:10A0A000A5FF000080B582B000AF78607B68002B10
:10A0B00001D1012354E07B685B7FDBB2002B05D12B
:10A0C0007B6800221A777868FDF7B4FF7B6802226C
:10A0D0005A777B681B79002B0CD17B681B68224A5E
:10A0E0005A617B681B689A687B681B6822F01802BB
:10A0F0009A600CE07B6899687B68DB681A46786830
:10A1000000F034F80346002B01D0012328E07B68DF
:10A110005B79002B05D17B681B684FF0FF321A6119
:10A1200004E07B681B687A6812691A617B681B68A7
:10A130009B6823F060017B685A697B681B680A434F
:10A140009A607B681B689B6823F080017B689A6932
:10A150007B681B680A439A607B6801225A77002358
:10A1600018460837BD4680BDB71DC10480B487B00E
:10A1700000AFF860B9607A600023FB751F233B6174
:10A18000BB6803F00103002B02D10123FB7563E0E0
:10A1900000BF3B695A1E3A61002B09D03B6903F0AE
:10A1A0001F03BA6822FA03F303F00103002BF0D077
:10A1B0007B68182B46D801A252F823F04BA2000866
:10A1C00045A2000845A2000845A2000845A20008D3
:10A1D00045A2000845A2000845A2000839A20008CF
:10A1E00045A2000845A2000845A2000845A20008B3
:10A1F00045A2000845A2000845A200082DA20008BB
:10A2000045A2000845A2000845A2000845A2000892
:10A2100045A2000845A2000845A2000821A20008A6
:10A220003B69062B13D90123FB7510E03B69072B13
:10A230000FD90123FB750CE03B690F2B0BD90123D0
:10A24000FB7508E00123FB7506E000BF04E000BFDA
:10A2500002E000BF00E000BFFB7D002B0DD1FB68DA
:10A260001B68BA685A61FB681B689B6823F0180179
:10A27000FB681B687A680A439A60FB7D18461C37A6
:10A28000BD465DF8047B704780B584B000AF786050
:10A290007B68002B01D101238DE07B681B681A4687
:10A2A000474B9A420FD87B681B681A46454B1344AC
:10A2B000454AA2FB03231B099A007B68DA647B688A
:10A2C000424A9A640EE07B681B681A46404B13446E
:10A2D0003D4AA2FB03231B099A007B68DA647B6872
:10A2E0003C4A9A647B68022283F825207B681B68BD
:10A2F0001B68FB60FB6823F4FF3323F4F873FB60F7
:10A300007B689A687B68DB681A437B681B691A4321
:10A310007B685B691A437B689B691A437B68DB69CE
:10A320001A437B681B6A1343FA681343FB607B681C
:10A330001B68FA681A60786800F000FB7B689B680D
:10A34000B3F5804F02D17B6800225A607B685A685F
:10A350007B681B6DD2B21A607B685B6D7A68926D08
:10A360005A607B685B68002B10D07B685B68042BAD
:10A370000CD8786800F020FB7B68DB6D00221A6047
:10A380007B681B6E7A68526E5A6008E07B68002218
:10A39000DA657B6800221A667B6800225A667B6851
:10A3A00000225A647B68012283F825207B68002202
:10A3B00083F82420002318461037BD4680BD00BF17
:10A3C00007040240F8FFFDBFCDCCCCCC000002401A
:10A3D000F8FBFDBF0004024080B586B000AFF86016
:10A3E000B9607A603B600023FB75FB6893F824300A
:10A3F000012B01D1022366E0FB68012283F82420AF
:10A40000FB6893F82530DBB2012B55D1FB680222A3
:10A4100083F82520FB6800225A64FB681B681A68D1
:10A42000FB681B6822F001021A603B687A68B96811
:10A43000F86800F045FAFB681B6B002B08D0FB683E
:10A440001B681A68FB681B6842F00E021A600FE076
:10A45000FB681B681A68FB681B6822F004021A601C
:10A46000FB681B681A68FB681B6842F00A021A60E6
:10A47000FB681B6D1B6803F48033002B07D0FB685F
:10A480001B6D1A68FB681B6D42F480721A60FB68D2
:10A49000DB6D002B07D0FB68DB6D1A68FB68DB6D9A
:10A4A00042F480721A60FB681B681A68FB681B68BC
:10A4B00042F001021A6005E0FB68002283F82420C4
:10A4C0000223FB75FB7D18461837BD4680BD80B45E
:10A4D00085B000AF78600023FB737B6893F825306C
:10A4E000DBB2022B08D07B6804225A647B6800220E
:10A4F00083F82420012340E07B681B681A687B688E
:10A500001B6822F00E021A607B681B6D1A687B685C
:10A510001B6D22F480721A607B681B681A687B6866
:10A520001B6822F001021A607B68DB6C03F01C02DE
:10A530007B689B6C012101FA02F25A607B685B6DBB
:10A540007A68926D5A607B68DB6D002B0CD07B685B
:10A55000DB6D1A687B68DB6D22F480721A607B68A1
:10A560001B6E7A68526E5A607B68012283F8252040
:10A570007B68002283F82420FB7B18461437BD46F5
:10A580005DF8047B704780B584B000AF786000232D
:10A59000FB737B6893F82530DBB2022B05D07B6818
:10A5A00004225A640123FB7347E07B681B681A6826
:10A5B0007B681B6822F00E021A607B681B681A68B1
:10A5C0007B681B6822F001021A607B681B6D1A68A9
:10A5D0007B681B6D22F480721A607B68DB6C03F071
:10A5E0001C027B689B6C012101FA02F25A607B68B5
:10A5F0005B6D7A68926D5A607B68DB6D002B0CD0C6
:10A600007B68DB6D1A687B68DB6D22F480721A60F0
:10A610007B681B6E7A68526E5A607B68012283F8F1
:10A6200025207B68002283F824207B681B6C002B8C
:10A6300003D07B681B6C78689847FB7B1846103703
:10A64000BD4680BD80B584B000AF78607B689B6CF0
:10A650001B68FB607B681B681B68BB607B68DB6CEE
:10A6600003F01C0304229A40FB681340002B53D0D4
:10A67000BB6803F00403002B4ED07B681B681B688B
:10A6800003F40043002B24D07B68DB6C03F01C0236
:10A690007B689B6C042101FA02F25A607B681B689C
:10A6A0001B6803F48033002B09D17B681B6B002BE4
:10A6B00000F0C0807B681B6B78689847BAE07B68C5
:10A6C0009B6B002B00F0B6807B689B6B786898478B
:10A6D000B0E07B681B681B6803F02003002B07D1E8
:10A6E0007B681B681A687B681B6822F004021A608A
:10A6F0007B68DB6C03F01C027B689B6C042101FA15
:10A7000002F25A607B681B6B002B00F093807B6821
:10A710001B6B786898478DE07B68DB6C03F01C034B
:10A7200002229A40FB681340002B4ED0BB6803F016
:10A730000203002B49D07B681B681B6803F40043AD
:10A74000002B18D07B681B681B6803F48033002B38
:10A7500008D17B685B6B002B6ED07B685B6B786885
:10A76000984769E07B68DB6A002B65D07B68DB6A11
:10A770007868984760E07B681B681B6803F02003DB
:10A78000002B0BD17B681B681A687B681B6822F062
:10A790000A021A607B68012283F825207B68DB6C43
:10A7A00003F01C027B689B6C022101FA02F25A60E2
:10A7B0007B68002283F824207B68DB6A002B3BD077
:10A7C0007B68DB6A7868984736E07B68DB6C03F06F
:10A7D0001C0308229A40FB681340002B2ED0BB6854
:10A7E00003F00803002B29D07B681B681A687B687C
:10A7F0001B6822F00E021A607B68DB6C03F01C02FF
:10A800007B689B6C012101FA02F25A607B6801228D
:10A810005A647B68012283F825207B68002283F834
:10A8200024207B68DB6B002B08D07B68DB6B7868AF
:10A83000984702E000BF00E000BF00BF00BF103734
:10A84000BD4680BD80B483B000AF78607B6893F86C
:10A850002530DBB218460C37BD465DF8047B7047E7
:10A8600080B485B000AF786039600023FB727B68EC
:10A87000002B03D10123FB72FB7A1BE07B681B6872
:10A880001B68FB603B6803F01003002B0DD03B6896
:10A8900003F48013002B04D0FB6843F48013FB60A7
:10A8A00003E0FB6823F48013FB607B681B68FA6895
:10A8B0001A60FB7A18461437BD465DF8047B704772
:10A8C00080B485B000AFF860B9607A603B60FB6827
:10A8D0005B6DFA68926D5A60FB68DB6D002B04D0EB
:10A8E000FB681B6EFA68526E5A60FB68DB6C03F003
:10A8F0001C02FB689B6C012101FA02F25A60FB68A2
:10A900001B683A685A60FB689B68102B08D1FB688B
:10A910001B687A689A60FB681B68BA68DA6007E0AF
:10A92000FB681B68BA689A60FB681B687A68DA6023
:10A9300000BF1437BD465DF8047B704780B485B016
:10A9400000AF78607B681B681A46174B9A420AD89A
:10A950007B68DB6C9B089B0003F1804303F50233AB
:10A960007A68136507E07B68DB6C9B089A000F4BE5
:10A9700013447A6813657B681B68DBB2083B0C4A9A
:10A98000A2FB03231B09FB607B680A4A5A65FB682C
:10A9900003F01F0301229A407B689A6500BF1437B9
:10A9A000BD465DF8047B7047070402402008024062
:10A9B000CDCCCCCC8008024080B485B000AF7860AC
:10A9C0007B685B68DBB2FB60FA680B4B13449B004F
:10A9D0001A467B68DA657B68084A1A66FB68013BA1
:10A9E00003F0030301229A407B685A6600BF1437C4
:10A9F000BD465DF8047B70473F820010400902406D
:10AA000080B584B000AF78607B68002B01D1012352
:10AA100042E17B6893F85C30DBB2002B06D17B68A7
:10AA2000002283F85D207868FDF724FB7B681B68B3
:10AA30009A697B681B6822F010029A61FEF724F87D
:10AA4000F86012E0FEF720F80246FB68D31A0A2BE2
:10AA50000BD97B681B6E43F001027B681A667B682A
:10AA6000032283F85C20012316E17B681B689B6945
:10AA700003F00803082BE5D07B681B689A697B68A4
:10AA80001B6842F001029A61FDF7FEFFF86012E0D8
:10AA9000FDF7FAFF0246FB68D31A0A2B0BD97B6835
:10AAA0001B6E43F001027B681A667B68032283F801
:10AAB0005C200123F0E07B681B689B6903F00103C5
:10AAC000002BE5D07B681B689A697B681B6842F0A5
:10AAD00002029A61724A7B685B6813607B681B7C28
:10AAE000012B08D17B681B689A697B681B6822F080
:10AAF00040029A6107E07B681B689A697B681B6863
:10AB000042F040029A617B685B7C012B08D17B6834
:10AB10001B689A697B681B6842F480429A6107E06F
:10AB20007B681B689A697B681B6822F480429A6183
:10AB30007B689B7C012B08D17B681B689A697B68CA
:10AB40001B6822F480529A6107E07B681B689A694F
:10AB50007B681B6842F480529A617B681B689B6922
:10AB600023F440717B689A687B681B680A439A618A
:10AB70007B681B689A697B681B6822F0A4029A6153
:10AB80007B681B681A697B681B6822F010021A61D7
:10AB90007B68DB68012B08D17B681B689A697B683E
:10ABA0001B6842F004029A612CE07B68DB68002B92
:10ABB00028D07B68DB68022B1CD07B681B689A69F5
:10ABC0007B681B6842F080029A617B681B681A6987
:10ABD0007B681B6842F010021A617B68DB68032BFC
:10ABE00010D17B681B689A697B681B6842F0200261
:10ABF0009A6107E07B681B689A697B681B6842F072
:10AC000020029A617B689B69013B5A067B68DB697D
:10AC1000013B1B021A437B681B6A013B42EA0301AA
:10AC20007B685B69013B1A047B681B680A43DA6135
:10AC30007B689B68B3F5407F15D17B689B6A5A1E81
:10AC40007B68DB6A013B1B021A437B681B6B013B81
:10AC50001B0142EA03017B685B6A013B1A047B68C3
:10AC60001B680A43DA607B681B68D3F8C0107B68F6
:10AC7000DA6B7B681B680A43C3F8C020786800F071
:10AC800067FD7B6800229A657B6800221A667B68F4
:10AC9000012283F85C20002318461037BD4680BD92
:10ACA00000A5004080B582B000AF78607B68002BC3
:10ACB00001D1012315E0786800F0CAF87B681B68B1
:10ACC000DA6D7B681B6822F00302DA657868FDF7AD
:10ACD00041FA7B6800221A667B68002283F85C20B8
:10ACE000002318460837BD4680BD80B487B000AF4A
:10ACF000786039607B6893F85C30FB75FB7D012BD5
:10AD000002D0FB7D022B3DD13B681B68002B19D183
:10AD10003B689B689A073B68DB68DB061A433B6825
:10AD20001B691B041A433B685B6913433B617B68E7
:10AD30001A6C3B685B689B001344BB60BB683A6954
:10AD40001A601DE03B68DB685A073B681B691343C8
:10AD50003B613B689B689A073B685B691343FB60F8
:10AD60007B685A6C3B685B68DB001344BB60BB6864
:10AD70003A691A60BB680433BB60BB68FA681A6042
:10AD8000002306E07B681B6E43F002027B681A66B4
:10AD9000012318461C37BD465DF8047B704780B41C
:10ADA00085B000AFF860B9607A603B60FB6893F8EB
:10ADB0005C30DBB2012B16D1FB681B68D3F8803006
:10ADC00023F03F01BB681A017B689B001A433B6874
:10ADD0005B001A43BB691A43FB681B680A43C3F84C
:10ADE0008020002306E0FB681B6E43F00402FB6832
:10ADF0001A66012318461437BD465DF8047B704778
:10AE000080B483B000AF78607B6893F85C30DBB2CD
:10AE1000012B10D17B68022283F85C207B681B68C1
:10AE20009A697B681B6822F001029A617B680022A4
:10AE30001A66002306E07B681B6E43F004027B6801
:10AE40001A66012318460C37BD465DF8047B70472F
:10AE500080B485B000AF78600023FB607B6893F816
:10AE60005C30DBB2022B56D17B681B689A697B6829
:10AE70001B6842F001029A6111E0FB680A2B0BD9B2
:10AE80007B681B6E43F001027B681A667B680322B5
:10AE900083F85C20012345E0FB680133FB607B689D
:10AEA0001B689B6903F00103002BE6D00023FB60C5
:10AEB0007B681B689A697B681B6822F010029A61A4
:10AEC00011E0FB680A2B0BD97B681B6E43F0010273
:10AED0007B681A667B68032283F85C20012321E0EB
:10AEE000FB680133FB607B681B689B6903F0080308
:10AEF000082BE6D07B681B689A697B681B6842F068
:10AF000002029A617B6800229A657B68012283F8BD
:10AF10005C20002306E07B681B6E43F008027B6820
:10AF20001A66012318461437BD465DF8047B704746
:10AF300080B586B000AFF860B9607A60FB6893F8BE
:10AF40005C30DBB2022B2CD1FB681B68D3F8C43019
:10AF500003F40013002B07D0FB681B6E43F4007250
:10AF6000FB681A66012323E0FB681B68D3F8C43032
:10AF70001B0C03F003037B617B697A68B968F8688E
:10AF800000F03CFCFB681B6801217A6901FA02F2BF
:10AF9000C3F8CC2001227B699A40FB689A650023A4
:10AFA00006E0FB681B6E43F00802FB681A6601238B
:10AFB00018461837BD4680BD80B48BB000AFF8602E
:10AFC000B9607A603B600023FB61FB6893F85C30FA
:10AFD000FB76FB7E022B40F0E880BB68402B37D12C
:10AFE000FB681B68D3F8903003F00F03002B07D1E8
:10AFF000FB681B6E43F48072FB681A660123DBE07A
:10B00000FB681B68D3F8903003F08073B3F1807F46
:10B010000AD1FB681B68D3F8803003F40073B3F5E2
:10B02000007F01D10123FB61FB681B68D3F89030DE
:10B030001B0A03F00303FA691344FB61FB68996C74
:10B04000FA691346DB001344DB000B447B6236E0F5
:10B05000FB681B68D3F8983003F00F03002B07D16F
:10B06000FB681B6E43F48072FB681A660123A3E041
:10B07000FB681B68D3F8983003F08073B3F1807FCE
:10B080000AD1FB681B68D3F8803003F48073B3F5F2
:10B09000807F01D10123FB61FB681B68D3F89830E6
:10B0A0001B0A03F00303FA691344FB61FB68D96CC4
:10B0B000FA691346DB001344DB000B447B627B6AB6
:10B0C0001B6803F080427B685A607B685B68002BDA
:10B0D00007D17B6A1B689B0CC3F30A027B681A606A
:10B0E00005E07B6A1B6823F060427B681A607B6A1C
:10B0F0001B6803F000527B689A607B6A1B6803F050
:10B1000000427B681A617B6A04337B627B6A1B683E
:10B110009AB27B68DA617B6A1B681B0C03F00F0232
:10B120007B68DA607B6A1B6803F480127B685A6173
:10B130007B6A1B6803F400127B689A617B6A1B6858
:10B140001B0E03F07F027B681A627B6A1B68DA0FB2
:10B150007B685A627B6A04337B627B6A7B61002373
:10B160003B620AE07A693B6A1A4439683B6A0B44DD
:10B1700012781A703B6A01333B627B68DB68114AC4
:10B18000D35C1A463B6A9342ECD3BB68402B05D193
:10B19000FB681B68FA69C3F8942004E0FB681B682D
:10B1A000FA69C3F89C20002306E0FB681B6E43F09D
:10B1B0000802FB681A66012318462C37BD465DF865
:10B1C000047B704738F3010880B485B000AF786025
:10B1D00039607B681B685B6CFB60FB6803F00702EF
:10B1E0003B681A60FB681B0A03F007023B685A6061
:10B1F000FB6803F018023B689A60FB685B0903F088
:10B2000001023B68DA60FB689B0903F001023B68BE
:10B210001A61FB68DB0903F001023B685A61FB68B5
:10B22000DB0A03F001023B689A61FB681B0B03F029
:10B2300001023B68DA61FB685B0B03F001023B68CB
:10B240001A62FB689B0B03F001023B685A62FB68C1
:10B250001B0C03F07F023B689A62002318461437E8
:10B26000BD465DF8047B704780B485B000AF786060
:10B270007B681B68D3F8C43003F00703FB60FB68EE
:10B2800018461437BD465DF8047B704780B487B01C
:10B2900000AFF860B9607A60FB6893F85C30FB75CA
:10B2A000FB7D012B03D0FB7D022B40F0C880FB68A7
:10B2B0001B689B6D3B61BB6803F00703002B04D048
:10B2C0003B6903F00103002B3BD0BB6803F038035C
:10B2D000002B04D03B6903F00203002B31D0BB6884
:10B2E00003F4E073002B04D03B6903F00403002B4C
:10B2F00027D0BB6803F4F053002B04D03B6903F064
:10B300000803002B1DD0BB6803F46043002B04D05E
:10B310003B6903F01003002B13D0BB6803F44033E8
:10B32000002B04D03B6903F02003002B09D0BB683D
:10B3300003F47C03002B0CD03B6903F04003002B8B
:10B3400007D1FB681B68DA6DFB681B6842F00102DD
:10B35000DA65BB6803F00703002B04D03B6903F0F8
:10B360000103002B3BD1BB6803F03803002B04D052
:10B370003B6903F00203002B31D1BB6803F4E07397
:10B38000002B04D03B6903F00403002B27D1BB68DA
:10B3900003F4F053002B04D03B6903F00803002BA7
:10B3A0001DD1BB6803F46043002B04D03B6903F05C
:10B3B0001003002B13D1BB6803F44033002B04D0DF
:10B3C0003B6903F02003002B09D1BB6803F47C0325
:10B3D000002B0CD03B6903F04003002B07D0FB6827
:10B3E0001B68DA6DFB681B6842F00202DA65BB6815
:10B3F00003F08003002B09D0FB681B68D3F8DC1036
:10B40000FB681B687A680A43C3F8DC20BB6803F456
:10B410008073002B09D0FB681B68D3F8E010FB6831
:10B420001B687A680A43C3F8E020FB681B68596D03
:10B43000FB681B68BA680A435A65002306E0FB688C
:10B440001B6E43F00202FB681A66012318461C3784
:10B45000BD465DF8047B704780B58CB000AF786066
:10B460007B681B681B6D03F4E053FB627B681B6801
:10B470005B6DFA6A1340FB627B681B681B6D03F00F
:10B480000703BB627B681B685B6DBA6A1340BB62D3
:10B490007B681B681B6D03F038037B627B681B684D
:10B4A0005B6D7A6A13407B627B681B681B6D03F4DB
:10B4B00071033B627B681B685B6D3A6A13403B62B9
:10B4C0007B681B681B6D03F46023FB617B681B6852
:10B4D0005B6DFA691340FB617B681B685B6DBB6148
:10B4E0007B681B681B6D7B617B699B0903F0010313
:10B4F000002B0CD0BB699B0903F00103002B06D085
:10B500007B681B6840221A65786800F017F97B6930
:10B510001B0A03F00103002B1AD0BB691B0A03F0BE
:10B520000103002B14D07B681B68D3F8D8303B6133
:10B530007B681B68D3F8E0303A6913403B617B6855
:10B540001B684FF480721A653969786800F0D7F883
:10B55000FB6A002B07D07B681B68FA6A1A65F96AD8
:10B56000786800F0ACF8BB6A002B07D07B681B68DA
:10B57000BA6A1A65B96A7868F6F7E4FD7B6A002B47
:10B5800007D07B681B687A6A1A65796A786800F068
:10B59000A1F87B695B0A03F00103002B0DD0BB69A6
:10B5A0005B0A03F00103002B07D07B681B684FF494
:10B5B00000721A65786800F098F87B69DB0903F07F
:10B5C0000103002B19D0BB69DB0903F00103002B39
:10B5D00013D07B681B68D3F8D430FB607B681B6892
:10B5E000D3F8DC30FA681340FB607B681B6880226C
:10B5F0001A65F9687868F6F749FE7B695B0B03F01A
:10B600000103002B0DD0BB695B0B03F00103002B82
:10B6100007D07B681B684FF400521A65786800F009
:10B6200079F87B69DB0B03F00103002B0DD0BB69BC
:10B63000DB0B03F00103002B07D07B681B684FF482
:10B6400000421A65786800F06FF87B699B0B03F085
:10B650000103002B10D0BB699B0B03F00103002BEF
:10B660000AD07B681B684FF480421A657B681B6EAA
:10B6700043F080027B681A66FB69002B07D07B6869
:10B680001B68FA691A65F9697868F6F74BFE3B6A38
:10B69000002B09D07B681B683A6A1A657B681A6EB2
:10B6A0003B6A1A437B681A667B681B6E002B02D0CC
:10B6B0007868F6F711FE00BF3037BD4680BD80B414
:10B6C00083B000AF7860396000BF0C37BD465DF8CD
:10B6D000047B704780B483B000AF7860396000BFEE
:10B6E0000C37BD465DF8047B704780B483B000AF73
:10B6F000786000BF0C37BD465DF8047B704780B4AE
:10B7000083B000AF7860396000BF0C37BD465DF88C
:10B71000047B704780B483B000AF786000BF0C3703
:10B72000BD465DF8047B704780B483B000AF78609D
:10B7300000BF0C37BD465DF8047B704780B483B012
:10B7400000AF786000BF0C37BD465DF8047B7047E2
:10B7500080B485B000AF7860274BBB607B68BA6867
:10B760001A647B681B68D3F8803023F4F8117B6877
:10B770005B6B1A047B681B680A43C3F88020BB68B4
:10B7800003F170027B685A647B681B68D3F88030D1
:10B7900023F070617B689B6B1A067B681B680A4309
:10B7A000C3F88020BB6803F1B0027B689A64BB6871
:10B7B00003F5C4727B68DA64BB6803F518727B68B2
:10B7C0001A65BB6803F51E727B685A65BB68FB602F
:10B7D00005E0FB6800221A60FB680433FB60BB686D
:10B7E00003F55473FA689A42F3D300BF00BF1437CD
:10B7F000BD465DF8047B704700AC004080B489B062
:10B8000000AFF860B9607A603B60BB685B68002B92
:10B810000AD1BB681A69BB689B681A43BB681B687E
:10B820009B041343FB610AE0BB681A69BB689B6811
:10B830001A43BB681B68134343F08043FB61BB683A
:10B840001B6A1A06BB68DB691A43BB689B691A430B
:10B85000BB685B691A43BB68DB681B0413433B612D
:10B86000FB68596D3A681346DB001344DB000B4458
:10B87000BB61BB69FA691A60BB690433BB61BB6910
:10B880003A691A60BB690433BB6100237B6120E025
:10B890007B6903337A6813441B781A067B69023389
:10B8A00079680B441B781B041A437B690133796860
:10B8B0000B441B781B02134379687A690A44127897
:10B8C0001A43BB691A60BB690433BB617B690433EB
:10B8D0007B61BB68DB68064AD35C1A467B6993428E
:10B8E000D6D300BF00BF2437BD465DF8047B704748
:10B8F00038F3010880B586B000AFF860B960C7E9D9
:10B9000000231B4B1B78012B01D102232CE0184B89
:10B9100001221A70164B00225A604FF47A7000F020
:10B92000B1F80346FB75FB7D002B19D1104AFB686B
:10B930009360104B3B61D7E90023B86800F0EAF848
:10B940004FF47A7000F09EF80346FB753B691A6865
:10B95000074B9B6823F00043DB431A403B691A60A6
:10B96000034B00221A70FB7D18461837BD4680BD78
:10B97000E40103202820024080B483B000AF0023FC
:10B98000FB710B4B9B6A002B0BDA094B094A9A603F
:10B99000074B094A9A60064B9B6A002B01DA012388
:10B9A000FB71FB7918460C37BD465DF8047B704788
:10B9B0000020024023016745AB89EFCD80B483B0FE
:10B9C00000AF0123FB71094B9B6A084A43F0004317
:10B9D0009362064B9B6A002B01DA0023FB71FB7913
:10B9E00018460C37BD465DF8047B704700200240C6
:10B9F00080B400AF0C4B9B6A03F08043002B0DD04A
:10BA0000094B0A4A1A61084B094A1A61064B9B6A9C
:10BA100003F08043002B01D0012300E000231846EF
:10BA2000BD465DF8047B7047002002403B2A1908A0
:10BA30007F6E5D4C80B400AF094B9B6A084A43F0AF
:10BA400080439362064B9B6A03F08043002B01D036
:10BA5000002300E001231846BD465DF8047B7047D3
:10BA60000020024080B400AF054B9B6A044A43F0BB
:10BA70000063936201231846BD465DF8047B70475E
:10BA80000020024080B586B000AF7860FCF7FCFF74
:10BA900002467B6813447B610BE07B68B3F1FF3F98
:10BAA00007D0FCF7F1FF02467B69934201D80323DC
:10BAB00025E0154B1B6A03F48033002BEDD1134BAB
:10BAC0003B613B691A6842F2FA031340FB60FB6872
:10BAD000002B0AD00E4B5A68FB6813430C4A536084
:10BAE0003B69FA681A60012309E03B691B6803F0AF
:10BAF0000103002B02D03B6901221A600023184683
:10BB00001837BD4680BD00BF002002402020024003
:10BB1000E401032080B489B000AFF860C7E90023D6
:10BB2000164BFB61EFF310833B613B69BB6172B65F
:10BB300000BFFB691B6843F00102FB691A60FB68E8
:10BB40003A681A60BFF36F8F00BFD7E900014FF06A
:10BB500000024FF000030A000023F9680431134685
:10BB60000B60BB697B617B6983F3108800BF00BFFA
:10BB70002437BD465DF8047B704700BF2820024093
:10BB800080B586B000AF78603960334B1B78012BED
:10BB900001D102235CE0304B01221A702E4B0022AF
:10BBA0005A604FF47A70FFF76DFF0346FB75FB7D1B
:10BBB000002B49D17B681B68274A9360274BFB60A9
:10BBC000254B9B6823F0004348F2040293420BD1BB
:10BBD0007B685B68184600F0F7F84FF47A70FFF75F
:10BBE00051FF0346FB7525E03B684FF0FF321A60BA
:10BBF0007B689B683B6115E07B685B681946386928
:10BC000000F01EF94FF47A70FFF73CFF0346FB7516
:10BC1000FB7D002B03D03B683A691A600AE03B6960
:10BC200001333B617B689A687B68DB6813443A693F
:10BC30009A42E1D3FB681A68074B9B6823F00043E4
:10BC4000DB431A40FB681A60034B00221A70FB7D2D
:10BC500018461837BD4680BDE40103202820024065
:10BC600080B584B000AF78602F4B1B78012B01D1D9
:10BC7000022354E02C4B01221A702B4B00225A60F5
:10BC80004FF47A70FFF7FEFE0346FB73FB7B002B3D
:10BC900041D17B681B6803F00103002B08D07B684F
:10BCA00058687B6899687B68DB681A4600F00CF975
:10BCB0007B681B6803F00203002B04D07B681B69C0
:10BCC000184600F04BF97B681B6803F00403002B57
:10BCD00007D07B685A697B689B691946104600F05B
:10BCE00051F97B681B6803F00803002B07D07B68C1
:10BCF000DA697B681B6A1946104600F04DFA0B4B57
:10BD00009B6A0A4A43F4003393624FF47A70FFF758
:10BD1000B9FE0346FB73044B00221A70FB7B1846E6
:10BD20001037BD4680BD00BFE40103200020024063
:10BD300080B582B000AF78607B6806221A607B68AD
:10BD40005B68012B0BD07B685B68022B07D07B689C
:10BD50005B68042B03D07B685B68082B0FD17B6882
:10BD60001B6843F001027B681A607B6858687B6837
:10BD700003F108017B680C331A4600F031FA00F039
:10BD800081FA02467B681A6100F098FA02467B68E5
:10BD90009A617B68DB69012B03D07B68DB69022B2E
:10BDA0000DD17B681B6843F008027B681A607B68D2
:10BDB000DA697B6820331946104600F093FA00BF19
:10BDC0000837BD4680BD000080B485B000AF786004
:10BDD000194BFB60194B1B6C03F48003002B16D02E
:10BDE0007B6803F00103002B05D0FB681B6843F060
:10BDF0000402FB681A607B6803F00203002B0ED07C
:10BE0000FB681B6843F40042FB681A6007E0FB68AC
:10BE10001B6843F4004343F00403FA681360FB68B3
:10BE20001B6843F48032FB681A6000BF1437BD46BC
:10BE30005DF8047B704700BF2820024000200240CC
:10BE400080B485B000AF786039601D4BFB601D4B3E
:10BE50001B6C03F48003002B06D1FB681B6823F4E2
:10BE60000062FB681A6011E03B6803F00103002BDD
:10BE700006D0FB681B6823F40062FB681A6005E0CB
:10BE8000FB681B6843F40062FB681A60FB681B6870
:10BE900023F47E7323F002037A68D200134343F045
:10BEA0000202FB681A60FB681B6843F48032FB687F
:10BEB0001A6000BF1437BD465DF8047B704700BFB1
:10BEC000282002400020024080B485B000AFF86016
:10BED000B9607A60FB68012B0BD11F4B9B6D23F07F
:10BEE0007F127B681904BB680B431B4913438B65A6
:10BEF0002BE0FB68022B0BD1174BDB6D23F07F127D
:10BF00007B681904BB680B4313491343CB651CE0E2
:10BF1000FB68042B0BD1104B9B6E23F07F127B68C8
:10BF20001904BB680B430C4913438B660DE0FB6897
:10BF3000082B0AD1084BDB6E23F07F127B681904B3
:10BF4000BB680B4304491343CB6600BF1437BD469F
:10BF50005DF8047B704700BF0020024080B483B0CE
:10BF600000AF7860064B1B6C23F0FF0204497B682E
:10BF700013430B6400BF0C37BD465DF8047B70476C
:10BF80000020024080B485B000AF786039600023A3
:10BF9000FB600023BB607B6803F00103002B09D02A
:10BFA0003B6803F4E063FA681343FB60BB6843F447
:10BFB000E063BB607B6803F00203002B09D03B68A1
:10BFC00003F48053FA681343FB60BB6843F4805367
:10BFD000BB607B6803F00403002B09D03B6803F4CB
:10BFE0000053FA681343FB60BB6843F40053BB6023
:10BFF0007B6803F00803002B09D03B6803F48043FF
:10C00000FA681343FB60BB6843F48043BB607B6802
:10C0100003F01003002B09D03B6803F48033FA6867
:10C020001343FB60BB6843F48033BB607B6803F061
:10C030002003002B09D03B6803F40033FA68134354
:10C04000FB60BB6843F40033BB607B6803F04003D4
:10C05000002B09D03B6803F48023FA681343FB608C
:10C06000BB6843F48023BB607B6803F08003002B34
:10C0700009D03B6803F40023FA681343FB60BB68F4
:10C0800043F40023BB607B6803F48073002B09D06A
:10C090003B6803F48013FA681343FB60BB6843F406
:10C0A0008013BB607B6803F40073002B09D03B68EE
:10C0B00003F40013FA681343FB60BB6843F40013F6
:10C0C000BB607B6803F40063002B09D03B6803F07E
:10C0D0008073FA681343FB60BB6843F08073BB60F6
:10C0E0007B6803F48053002B09D03B6803F0007396
:10C0F000FA681343FB60BB6843F00073BB607B6866
:10C1000003F40053002B09D03B6803F08063FA6806
:10C110001343FB60BB6843F08063BB607B6803F440
:10C120008043002B09D03B6803F00063FA68134397
:10C13000FB60BB6843F00063BB607B6803F40043B3
:10C14000002B09D03B6803F08053FA681343FB606F
:10C15000BB6843F08053BB607B6803F48033002BE3
:10C1600009D03B6803F00043FA681343FB60BB68E7
:10C1700043F00043BB60074B1A6CBB68DB431A40BB
:10C180000449FB6813430B6400BF1437BD465DF8D8
:10C19000047B70470020024080B483B000AF786019
:10C1A00039607B68012B08D10C4B5B6C03F07F027C
:10C1B0000A493B6813434B640AE07B68022B07D1B2
:10C1C000064B9B6C03F07F0204493B6813438B646E
:10C1D00000BF0C37BD465DF8047B7047002002406D
:10C1E00080B485B000AFF860B9607A60FB68012B5D
:10C1F0000DD1234B9B6D03F07F02BB681A60204B6F
:10C200009B6D1B0C03F07F027B681A6031E0FB68BA
:10C21000022B0DD11A4BDB6D03F07F02BB681A6055
:10C22000174BDB6D1B0C03F07F027B681A6020E06C
:10C23000FB68042B0DD1124B9B6E03F07F02BB6891
:10C240001A600F4B9B6E1B0C03F07F027B681A6019
:10C250000FE0FB68082B0CD1094BDB6E03F07F026B
:10C26000BB681A60064BDB6E1B0C03F07F027B6819
:10C270001A6000BF1437BD465DF8047B704700BFED
:10C280000020024080B483B000AF0B4B1B6CDBB2CC
:10C290007B607B68AA2B07D07B68552B04D07B681A
:10C2A000CC2B01D0BB2300E07B6818460C37BD4681
:10C2B0005DF8047B704700BF0020024080B483B06B
:10C2C00000AF074B1B6C7B607B6823F0FF037B6038
:10C2D0007B6818460C37BD465DF8047B704700BF8D
:10C2E0000020024080B483B000AF786039607B6882
:10C2F000012B06D10A4B5B6C23F07F023B681A606E
:10C3000008E07B68022B05D1054B9B6C23F07F0274
:10C310003B681A6000BF0C37BD465DF8047B704770
:10C320000020024080B487B000AF786039600023FD
:10C330007B6158E13B681A6801217B6901FA03F3CC
:10C340001340FB60FB68002B00F04A813B685B6890
:10C3500003F00303012B05D03B685B6803F0030384
:10C36000022B30D17B689B683B617B695B000322B9
:10C3700002FA03F3DB433A6913403B613B68DA6836
:10C380007B695B0002FA03F33A6913433B617B6804
:10C390003A699A607B685B683B6101227B6902FABB
:10C3A00003F3DB433A6913403B613B685B681B095D
:10C3B00003F001027B6902FA03F33A6913433B611C
:10C3C0007B683A695A603B685B6803F00303032BA0
:10C3D00017D07B68DB683B617B695B00032202FA54
:10C3E00003F3DB433A6913403B613B689A687B691E
:10C3F0005B0002FA03F33A6913433B617B683A69D5
:10C40000DA603B685B6803F00303022B23D17B698E
:10C41000DA087B68083253F822303B617B6903F00D
:10C4200007039B000F2202FA03F3DB433A69134030
:10C430003B613B681A697B6903F007039B0002FAC2
:10C4400003F33A6913433B617B69DA087B6808327E
:10C45000396943F822107B681B683B617B695B008C
:10C46000032202FA03F3DB433A6913403B613B6862
:10C470005B6803F003027B695B0002FA03F33A692D
:10C4800013433B617B683A691A603B685B6803F45D
:10C490004033002B00F0A4805A4A7B699B08183374
:10C4A00052F823303B617B6903F00303DB000F226A
:10C4B00002FA03F3DB433A6913403B617B68524A5B
:10C4C000934225D07B68514A93421FD07B68504AE3
:10C4D000934219D07B684F4A934213D07B684E4AEF
:10C4E00093420DD07B684D4A934207D07B684C4AFB
:10C4F000934201D106230CE007230AE0052308E05C
:10C50000042306E0032304E0022302E0012300E009
:10C5100000237A6902F00302D20093403A69134380
:10C520003B6138497B699B0818333A6941F82320FD
:10C53000344B1B683B61FB68DB433A6913403B614A
:10C540003B685B6803F48013002B03D03A69FB68F7
:10C5500013433B612B4A3B6913602A4B5B683B6189
:10C56000FB68DB433A6913403B613B685B6803F45B
:10C570000013002B03D03A69FB6813433B61214A47
:10C580003B6953601F4BD3F884303B61FB68DB434E
:10C590003A6913403B613B685B6803F40033002B4E
:10C5A00003D03A69FB6813433B61164A3B69C2F802
:10C5B0008430144BD3F880303B61FB68DB433A692D
:10C5C00013403B613B685B6803F48033002B03D06E
:10C5D0003A69FB6813433B610A4A3B69C2F8803001
:10C5E0007B6901337B613B681A687B6922FA03F33C
:10C5F000002B7FF49FAE00BF00BF1C37BD465DF827
:10C60000047B704700F40240000002420004024232
:10C6100000080242000C02420010024200140242D2
:10C620000018024280B487B000AF78603960002300
:10C630007B61C7E001227B6902FA03F33A68134089
:10C640003B613B69002B00F0BA80654A7B699B081F
:10C65000183352F82330FB607B6903F00303DB00DF
:10C660000F2202FA03F3FA681340FB607B685D4A0D
:10C67000934225D07B685C4A93421FD07B685B4A1B
:10C68000934219D07B685A4A934213D07B68594A27
:10C6900093420DD07B68584A934207D07B68574A33
:10C6A000934201D106230CE007230AE0052308E0AA
:10C6B000042306E0032304E0022302E0012300E058
:10C6C00000237A6902F00302D2009340FA689A428A
:10C6D00036D1434BD3F880203B69DB4340491340BC
:10C6E000C1F880303E4BD3F884203B69DB433C49A2
:10C6F0001340C1F884303A4B5A683B69DB433849F0
:10C7000013404B60364B1A683B69DB433449134096
:10C710000B607B6903F00303DB000F2202FA03F3D3
:10C72000FB602F4A7B699B08183352F82310FB6883
:10C73000DA432B487B699B080A40183340F82320D2
:10C740007B681A687B695B00032101FA03F31A43D3
:10C750007B681A607B69DA087B68083253F822101C
:10C760007B6903F007039B000F2202FA03F3DB430C
:10C770007A69D20819407B68083243F822107B6836
:10C780009A687B695B00032101FA03F3DB431A40DB
:10C790007B689A607B685A6801217B6901FA03F320
:10C7A000DB431A407B685A607B68DA687B695B0010
:10C7B000032101FA03F3DB431A407B68DA607B69EB
:10C7C00001337B613A687B6922FA03F3002B7FF423
:10C7D00031AF00BF00BF1C37BD465DF8047B70471A
:10C7E00000F402400000024200040242000802423B
:10C7F000000C0242001002420014024200180242E1
:10C8000080B483B000AF78600B467B8013467B70AA
:10C810007B78002B03D07A887B689A6102E07A8863
:10C820007B689A6200BF0C37BD465DF8047B704799
:10C8300080B584B000AF78607B681B689B69FB6043
:10C840007B681B681B68BB607B685B6B002B05D03B
:10C850007B685B6BBA68F9687868984700BF1037E7
:10C86000BD4680BD80B586B000AF78607B681B6830
:10C870009B697B617B681B681B683B617B691B0A4A
:10C8800003F00103002B10D03B69DB0903F0010327
:10C89000002B0AD07B685B6C43F001027B685A6412
:10C8A0007B681B684FF48072DA617B699B0A03F036
:10C8B0000103002B10D03B69DB0903F00103002BBF
:10C8C0000AD07B685B6C43F008027B685A647B6823
:10C8D0001B684FF48062DA617B695B0A03F0010335
:10C8E000002B10D03B69DB0903F00103002B0AD0B9
:10C8F0007B685B6C43F002027B685A647B681B6850
:10C900004FF40072DA617B685B6CFB60FB6803F0DC
:10C910000B03002B03D0F968786800F0EBFB00BF35
:10C920001837BD4680BD80B483B000AF786000BFCB
:10C930000C37BD465DF8047B704780B483B000AF10
:10C94000786000BF0C37BD465DF8047B704780B44B
:10C9500083B000AF78600B46FB7013463B8000BF8E
:10C960000C37BD465DF8047B704780B483B000AFE0
:10C97000786000BF0C37BD465DF8047B704780B41B
:10C9800083B000AF786000BF0C37BD465DF8047B14
:10C99000704780B483B000AF786000BF0C37BD46ED
:10C9A0005DF8047B704780B586B000AFF860B96071
:10C9B0007A60FB68DB6A7B61BB683B61FB6893F86C
:10C9C0004030012B01D10223EDE0FB68012283F806
:10C9D00040203B695B0903F00103002B0AD07B6810
:10C9E0005B0903F00103002B04D03969F86800F0FB
:10C9F000C1F9D3E03B691B0903F00103002B4DD0C3
:10CA00007B681B0903F00103002B47D0FB685B8D9B
:10CA10009BB2002B28D1FB6893F84130DBB2282B66
:10CA200008D17B69B3F1007F04D13969F86800F05F
:10CA30000BFB32E0FB6893F84130DBB2292B0ED1BF
:10CA40007B6913F5803F0AD0FB681B681022DA610E
:10CA5000F86800F066FCF86800F02DF91DE0FB684E
:10CA60001B681022DA6196E0FB681B681022DA610D
:10CA7000FB685B6C43F00402FB685A647B69002B23
:10CA800004D07B69B3F1807F40F08580FB685B6CEC
:10CA90001946F86800F02EFB7DE07CE03B699B08BE
:10CAA00003F00103002B30D07B689B0803F00103E7
:10CAB000002B2AD0FB685B8D9BB2002B18D0FB6843
:10CAC0001B685A6AFB685B6AD2B21A70FB685B6AC1
:10CAD0005A1CFB685A62FB681B8D013B9AB2FB68CB
:10CAE0001A85FB685B8D9BB2013B9AB2FB685A8545
:10CAF000FB685B8D9BB2002B4FD17B6913F5803FA8
:10CB00004BD0F86800F0D7F847E03B69DB0803F04A
:10CB10000103002B0AD07B68DB0803F00103002B24
:10CB200004D03969F86800F042F837E03B695B08E7
:10CB300003F00103002B31D07B685B0803F0010395
:10CB4000002B2BD0FB685B8D9BB2002B18D0FB68B1
:10CB50005B6A1A78FB681B689A62FB685B6A5A1CFE
:10CB6000FB685A62FB685B8D9BB2013B9AB2FB6823
:10CB70005A85FB681B8D013B9AB2FB681A850DE054
:10CB80007B69B3F1807F02D07B69002B06D1F86806
:10CB900000F091F802E000BF00E000BFFB68002257
:10CBA00083F84020002318461837BD4680BD80B565
:10CBB00084B000AF786039607B6893F84130DBB2B5
:10CBC00003F02803282B6AD17B681B689B691B0C28
:10CBD000DBB203F00103FB737B681B689B691B0CD2
:10CBE0009BB203F0FE03BB817B681B689B689BB212
:10CBF000C3F309037B817B681B68DB689BB203F08E
:10CC0000FE033B817B68DB68022B38D17B89DB0923
:10CC10009AB2BB8953409BB203F00603002B1CD190
:10CC20007B89BB817B689B6C5A1C7B689A647B68A0
:10CC30009B6C022B3BD17B6800229A647B681B684B
:10CC40000822DA617B68002283F84020BA89FB7BE6
:10CC500019467868FFF77BFE29E03B89BB814FF4DA
:10CC60000041786800F09FFB7B68002283F8402039
:10CC7000BA89FB7B19467868FFF769FE17E04FF425
:10CC80000041786800F08FFB7B68002283F8402029
:10CC9000BA89FB7B19467868FFF759FE07E07B6885
:10CCA0001B680822DA617B68002283F8402000BFFD
:10CCB0001037BD4680BD80B584B000AF78607B681A
:10CCC0001B681B68FB607B68002283F84220FB68BE
:10CCD0009B0B03F00103002B08D07B681B681A68CC
:10CCE0007B681B6822F480421A600DE0FB68DB0B56
:10CCF00003F00103002B07D07B681B681A687B6870
:10CD00001B6822F400421A607B6893F84130DBB262
:10CD1000292B12D17B68282283F841207B682122AD
:10CD20001A630121786800F03EFB7B68002283F8DB
:10CD300040207868FFF7F7FD17E07B6893F84130F3
:10CD4000DBB22A2B11D17B68282283F841207B6833
:10CD500022221A630221786800F025FB7B680022FA
:10CD600083F840207868FFF7E8FD00BF1037BD4624
:10CD700080BD000080B586B000AF786039607B6808
:10CD80001B681B683B613B687B617B68DB6AFB60FF
:10CD90007B6893F84130FB727B681B682022DA6164
:10CDA000FB7A212B02D0FB7A292B08D148F2010112
:10CDB000786800F0F8FA7B6821221A6319E0FB7AA0
:10CDC000222B02D0FB7A2A2B08D148F20201786884
:10CDD00000F0E9FA7B6822221A630AE0FB7A282B2A
:10CDE00007D148F20301786800F0DDFA7B68002281
:10CDF0001A637B681B685A687B681B6842F40042B0
:10CE00005A607B681B6859687B681A688C4B0B40BA
:10CE10005360786800F085FA3B699B0B03F00103CF
:10CE2000002B13D07B681B681A687B681B6822F490
:10CE300080421A607B689B6B002B20D07B689B6BC9
:10CE40001B685B689AB27B685A8518E03B69DB0B0C
:10CE500003F00103002B12D07B681B681A687B6803
:10CE60001B6822F400421A607B68DB6B002B06D043
:10CE70007B68DB6B1B685B689AB27B685A857B6951
:10CE80009B0803F00103002B20D07B6923F00403EF
:10CE90007B617B681B685A6A7B685B6AD2B21A70D6
:10CEA0007B685B6A5A1C7B685A627B681B8D002B0F
:10CEB0000CD07B681B8D013B9AB27B681A857B681E
:10CEC0005B8D9BB2013B9AB27B685A857B685B8D18
:10CED0009BB2002B05D07B685B6C43F004027B683F
:10CEE0005A647B691B0903F00103002B4AD03B699C
:10CEF0001B0903F00103002B44D07B685B8D9BB2C0
:10CF0000002B28D17B6893F84130DBB2282B08D165
:10CF1000FB68B3F1007F04D17969786800F094F878
:10CF200030E07B6893F84130DBB2292B0ED1FB68EF
:10CF300013F5803F0AD07B681B681022DA6178689D
:10CF400000F0EFF97868FFF7B6FE1BE07B681B681E
:10CF50001022DA6116E07B681B681022DA617B68B8
:10CF60005B6C43F004027B685A64FB68002B03D0BF
:10CF7000FB68B3F1807F05D17B685B6C19467868EC
:10CF800000F0B8F87B68002283F842207B6800221A
:10CF90005A637B685B6C002B10D07B685B6C194616
:10CFA000786800F0A7F87B6893F84130DBB2282B53
:10CFB00041D17969786800F047F83CE07B68DB6A2A
:10CFC00013F5803F14D07868FFF775FE7B681D4A23
:10CFD000DA627B68202283F841207B6800221A6392
:10CFE0007B68002283F840207868FFF7BEFC22E0CF
:10CFF0007B6893F84130DBB2222B0ED17B68202274
:10D0000083F841207B6800221A637B68002283F842
:10D0100040207868FFF791FC0DE07B68202283F8C0
:10D0200041207B6800221A637B68002283F840203D
:10D030007868FFF778FC00BF1837BD4680BD00BF99
:10D0400000E800FE0000FFFF80B582B000AF78600E
:10D0500039607B68264ADA627B6800221A637B6843
:10D06000202283F841207B68002283F842207B68DD
:10D0700000225A633B689B0803F00103002B22D077
:10D080007B681B685A6A7B685B6AD2B21A707B68DD
:10D090005B6A5A1C7B685A627B681B8D002B12D01E
:10D0A0007B681B8D013B9AB27B681A857B685B8D20
:10D0B0009BB2013B9AB27B685A857B685B6C43F0FC
:10D0C00004027B685A6448F20301786800F06BF947
:10D0D0007B681B681022DA617B68002283F840209D
:10D0E0007868FFF742FC00BF0837BD4680BD00BF2F
:10D0F0000000FFFF80B584B000AF786039607B68C6
:10D1000093F84130FB737B68002283F842207B68F0
:10D110006D4ADA627B6800225A857B685A6C3B68EC
:10D120001A437B685A64FB7B282B05D0FB7B292B99
:10D1300002D0FB7B2A2B0BD10321786800F033F956
:10D140007B68282283F841207B68604A5A6330E07C
:10D1500048F20301786800F026F9786800F0E1F8F9
:10D160007B6893F84130DBB2602B1FD07B682022B4
:10D1700083F841207B681B689B6903F02003202B08
:10D1800014D17B681B689B6903F01003102B09D135
:10D190007B681B681022DA617B685B6C43F00402D9
:10D1A0007B685A647B681B682022DA617B680022F6
:10D1B0005A637B681B6BBB607B689B6B002B39D011
:10D1C000BB68112B02D0BB68212B33D17B681B6855
:10D1D0001B6803F48043B3F5804F07D17B681B685D
:10D1E0001A687B681B6822F480421A607B689B6B1C
:10D1F0001846FDF727FB0346012B17D07B689B6B76
:10D20000334A1A647B68002283F840207B689B6B5A
:10D210001846FDF7B8F90346002B4DD07B689B6B91
:10D220001B6C7A68926B1046984745E0786800F06E
:10D2300051F841E07B68DB6B002B39D0BB68122BC7
:10D2400002D0BB68222B33D17B681B681B6803F4B8
:10D250000043B3F5004F07D17B681B681A687B68F1
:10D260001B6822F400421A607B68DB6B1846FDF7EE
:10D27000E9FA0346012B17D07B68DB6B144A1A646A
:10D280007B68002283F840207B68DB6B1846FDF743
:10D290007AF90346002B11D07B68DB6B1B6C7A6834
:10D2A000D26B1046984709E0786800F013F805E063
:10D2B000786800F00FF802E000BF00E000BF00BF98
:10D2C0001037BD4680BD00BF0000FFFFA7C90008A2
:10D2D0006BD3000880B582B000AF78607B6893F8AC
:10D2E0004130DBB2602B0ED17B68202283F84120D5
:10D2F0007B6800221A637B68002283F840207868EC
:10D30000FFF747FB09E07B6800221A637B68002275
:10D3100083F840207868FFF732FB00BF0837BD462E
:10D3200080BD80B483B000AF78607B681B689B6968
:10D3300003F00203022B03D17B681B6800229A6270
:10D340007B681B689B6903F00103012B07D07B6896
:10D350001B689A697B681B6842F001029A6100BFF2
:10D360000C37BD465DF8047B704780B584B000AFD4
:10D3700078607B689B6AFB60FB689B6B002B03D02B
:10D38000FB689B6B00221A64FB68DB6B002B03D0ED
:10D39000FB68DB6B00221A64F868FFF79BFF00BF95
:10D3A0001037BD4680BD80B485B000AF78600B46B5
:10D3B0007B800023FB607B8803F00103002B0FD0F0
:10D3C000FB6843F04203FB607B6893F84130DBB2BB
:10D3D00003F02803282B03D0FB6843F0B003FB6065
:10D3E0007B8803F00203002B0FD0FB6843F044035B
:10D3F000FB607B6893F84130DBB203F02803282BF5
:10D4000003D0FB6843F0B003FB60B7F90230002B98
:10D4100003DAFB6843F0B803FB607B88102B03D171
:10D42000FB6843F09003FB607B88202B03D1FB68F3
:10D4300043F02003FB607B88402B03D1FB6843F063
:10D440004003FB607B681B681968FB68DA437B68F4
:10D450001B680A401A6000BF1437BD465DF8047BA4
:10D460007047000080B485B000AF78600023FB7384
:10D470000B4B1B6803F00103002B02D00123FB734D
:10D4800007E0074B1B6823F0040205497B68134340
:10D490000B60FB7B18461437BD465DF8047B704774
:10D4A0000004034080B400AF054B1B68044A43F0FE
:10D4B0000103136000231846BD465DF8047B7047E6
:10D4C0000004034080B584B000AF78607B68002B17
:10D4D00001D10123C0E07B6893F89132DBB2002BCD
:10D4E00006D17B68002283F890227868FBF718F851
:10D4F0007B68032283F891227B681B68184606F03C
:10D50000FDFE0023FB733EE0FA7B796813469B0027
:10D510001344DB000B44113301221A70FA7B796843
:10D5200013469B001344DB000B441033FA7B1A7044
:10D53000FA7B796813469B001344DB000B441333DA
:10D5400000221A70FA7B796813469B001344DB00B3
:10D550000B44203300221A60FA7B796813469B0043
:10D560001344DB000B44243300221A60FB7B7968F0
:10D570005A1C13469B001344DB000B4400221A6024
:10D58000FB7B0133FB737B681B79FA7B9A42BBD32D
:10D590000023FB7344E0FA7B796813469B00134435
:10D5A000DB000B4403F2511300221A70FA7B7968F6
:10D5B00013469B001344DB000B4403F5A873FA7B6E
:10D5C0001A70FA7B796813469B001344DB000B4406
:10D5D00003F2531300221A70FA7B796813469B00FA
:10D5E0001344DB000B4403F5B07300221A60FA7B8E
:10D5F000796813469B001344DB000B4403F5B273B8
:10D6000000221A60FA7B796813469B001344DB0002
:10D610000B4403F5B47300221A60FB7B0133FB73E8
:10D620007B681B79FA7B9A42B5D37B6818687B6864
:10D63000043393E8060006F07CFE7B6800221A7330
:10D640007B68012283F891227B689B7A012B02D1AF
:10D65000786801F07BFB002318461037BD4680BD7B
:10D6600080B584B000AF78607B681B68184608F00E
:10D6700008FFF860FB6803F40043002B03D07868D0
:10D6800000F0A4FA10E1FB6803F48063002B13D0D0
:10D690007B681B68B3F844309AB27B681B6822F43D
:10D6A000806292B2A3F84420786810F046FB002113
:10D6B000786800F0FCF8F7E0FB6803F48043002B87
:10D6C0000CD07B681B68B3F844309AB27B681B6847
:10D6D00022F4804292B2A3F84420E5E0FB6803F410
:10D6E0000053002B0CD07B681B68B3F844309AB20F
:10D6F0007B681B6822F4005292B2A3F84420D3E066
:10D70000FB6803F48053002B34D07B681B68B3F8AC
:10D7100040309AB27B681B6822F0040292B2A3F8F0
:10D7200040207B681B68B3F840309AB27B681B6866
:10D7300022F0080292B2A3F840207B6893F8C83226
:10D74000012B07D17B68002283F8C822002178686A
:10D7500001F026FB786810F029FB7B681B68B3F8A2
:10D7600044309AB27B681B6822F4805292B2A3F8CC
:10D77000442099E0FB6803F40063002B27D07B680A
:10D780001B68B3F840309AB27B681B6842F008020D
:10D7900092B2A3F840207B681B68B3F844309AB279
:10D7A0007B681B6822F4006292B2A3F844207B6875
:10D7B0001B68B3F840309AB27B681B6842F00402E1
:10D7C00092B2A3F84020786810F0D6FA6CE0FB68BB
:10D7D00003F08003002B40D07B681B68B3F8443013
:10D7E0009AB27B681B6822F0800292B2A3F84420B0
:10D7F0007B6893F8C832002B2BD17B681B68B3F889
:10D8000040309AB27B681B6842F0040292B2A3F8DF
:10D8100040207B681B68B3F840309AB27B681B6875
:10D8200042F0080292B2A3F840207B68012283F8FC
:10D83000C8227B681B68B3F854309BB29B0803F086
:10D840003C027B68C3F8CC220121786801F0A8FA79
:10D850002AE0786810F090FA26E0FB6803F4007381
:10D86000002B0FD07B681B68B3F844309AB27B68FA
:10D870001B6822F4007292B2A3F84420786810F07A
:10D880004EFA11E0FB6803F48073002B0CD07B6828
:10D890001B68B3F844309AB27B681B6822F480722C
:10D8A00092B2A3F8442000BF1037BD4680BD80B5BA
:10D8B00082B000AF78600B46FB707B6893F89032C3
:10D8C000012B01D1022312E07B68012283F8902210
:10D8D0007B68FA781A737B681B68FA7811461846D9
:10D8E00008F0BBFD7B68002283F8902200231846D5
:10D8F0000837BD4680BD80B584B000AF786008466B
:10D9000011461A460346FB700B463B801346BB701C
:10D910000023FB7297F90330002B0EDAFB7803F03B
:10D92000070213469B001344DB0010337A6813444C
:10D93000FB60FB6801225A700EE0FB7803F00702DF
:10D9400013469B001344DB0003F5A8737A68134465
:10D95000FB60FB6800225A70FB7803F00703DAB221
:10D96000FB681A703A88FB681A61FB68BA78DA704B
:10D97000BB78022B02D1FB6800221A717B6893F8F6
:10D980009032012B01D102230EE07B68012283F843
:10D9900090227B681B68F968184606F0E9FC7B68F2
:10D9A000002283F89022FB7A18461037BD4680BDCE
:10D9B00080B586B000AFF8607A603B600B46FB72C2
:10D9C000FB7A03F0070213469B001344DB0003F5C8
:10D9D000A873FA6813447B617B697A685A617B6932
:10D9E0003A689A617B690022DA617B6900225A7089
:10D9F000FB7A03F00703DAB27B691A70FB681B68D5
:10DA00007969184607F078F8002318461837BD469C
:10DA100080BD80B586B000AFF8607A603B600B4691
:10DA2000FB72FB7A03F0070213469B001344DB00F2
:10DA30001033FA6813447B617B697A685A617B69A9
:10DA40003A689A617B69012283F824207B693A68ED
:10DA50001A627B690022DA617B6901225A70FB7AC3
:10DA600003F00703DAB27B691A70FB681B687969F7
:10DA7000184607F041F8002318461837BD4680BD08
:10DA800080B584B000AF78600B46FB70FB7803F084
:10DA900007037A681279934201D901233EE097F98E
:10DAA0000330002B0EDAFB7803F0070213469B00CD
:10DAB0001344DB0010337A681344FB60FB680122D7
:10DAC0005A700CE0FA7813469B001344DB0003F510
:10DAD000A8737A681344FB60FB6800225A70FB68E5
:10DAE00001229A70FB7803F00703DAB2FB681A7020
:10DAF0007B6893F89032012B01D102230EE07B6802
:10DB0000012283F890227B681B68F968184608F0A8
:10DB1000A5FB7B68002283F890220023184610376B
:10DB2000BD4680BD80B584B000AF78600B46FB7009
:10DB3000FB7803F00F037A681279934201D901232D
:10DB400040E097F90330002B0EDAFB7803F0070270
:10DB500013469B001344DB0010337A681344FB60C8
:10DB6000FB6801225A700EE0FB7803F007021346AF
:10DB70009B001344DB0003F5A8737A681344FB6031
:10DB8000FB6800225A70FB6800229A70FB7803F051
:10DB90000703DAB2FB681A707B6893F89032012BA6
:10DBA00001D102230EE07B68012283F890227B687A
:10DBB0001B68F968184608F0A2FB7B68002283F80E
:10DBC0009022002318461037BD4680BD80B596B020
:10DBD00000AF7860ADE37B681B68B3F84430A7F80A
:10DBE0004830B7F84830DBB203F00F0387F84F3006
:10DBF00097F84F30002B40F06F81B7F8483003F0B2
:10DC00001003002B4CD17B681B681B889BB223F44C
:10DC1000E14323F07003FB817B681A68FB896FEA9C
:10DC200043436FEA53439BB213807B6810337B6599
:10DC30007B681B68B3F850309BB21A467B6D1B782B
:10DC4000DB0013447A681268134403F202431B8812
:10DC5000C3F309027B6DDA617B6D5A697B6DDB6909
:10DC60001A447B6D5A610021786810F03EF87B6899
:10DC70001B7BDBB2002B00F05C837B6D9B69002B70
:10DC800040F057837B681B7BDBB263F07F03DAB223
:10DC90007B681B68A3F84C207B6800221A7348E35A
:10DCA0007B6803F5A8737B657B681B681B88A7F8F6
:10DCB0004C30B7F84C3003F40063002B32D07B6853
:10DCC0001B68B3F850309BB21A467B6D1B78DB00A3
:10DCD00013447A681268134403F206431B88C3F3A3
:10DCE00009027B6DDA617B6818687B6803F5267131
:10DCF0007B6DDA887B6DDB699BB208F015FC7B6875
:10DD00001B681B889AB240F68F7313403B827B6876
:10DD10001B683A8A42F0800292B21A8078680FF04B
:10DD2000A9FF06E3B7F94C30002B80F202837B6831
:10DD30001B681B889AB240F68F731340FB837B6885
:10DD40001B68FA8B42F0800292B21A807B681B68D3
:10DD5000B3F850309BB21A467B6D1B78DB0013443E
:10DD60007A681268134403F206431B88C3F309025E
:10DD70007B6DDA617B6DDB69002B19D07B6D5B6994
:10DD8000002B15D07B6818687B6D59697B6DDA882C
:10DD90007B6DDB699BB208F0C7FB7B6D5A697B6DBD
:10DDA000DB691A447B6D5A61002178680FF082FFAD
:10DDB0007B681B681B88A7F84C30B7F84C3003F41D
:10DDC0000063002B40F0B582B7F84C3003F44053A9
:10DDD000B3F5405F00F0AD827B681B68BB617B6878
:10DDE0001B68B3F850309BB21A46BB691344BB6141
:10DDF000BB6903F206437B617B691B889BB2C3F35B
:10DE000009039AB27B691A807B6D1B69002B0AD1CA
:10DE10007B691B889BB26FEA43436FEA53439AB214
:10DE20007B691A8039E07B6D1B693E2B18D87B6DAE
:10DE30001B695B087B647B6D1B6903F00103002B8E
:10DE400002D07B6C01337B647B691B889AB27B6C4C
:10DE50009BB29B029BB213439AB27B691A801CE06F
:10DE60007B6D1B695B097B647B6D1B6903F01F0382
:10DE7000002B02D17B6C013B7B647B691B889AB2CF
:10DE80007B6C9BB29B029BB213439BB26FEA4343F2
:10DE90006FEA53439AB27B691A807B681B681B88C0
:10DEA0009BB223F4804323F070037B827B8A83F44C
:10DEB00080537B827B8A83F400537B827B681A6861
:10DEC0007B8A43F07F4343F47F0343F4004343F0F2
:10DED00080039BB213802CE27B681B681A4697F87C
:10DEE0004F309B0013441B88A7F84C30B7F94C30D7
:10DEF000002B80F2F6807B681B681A4697F84F303B
:10DF00009B0013441B889AB240F68F731340A7F806
:10DF10004A307B681B681A4697F84F309B001344C1
:10DF2000B7F84A2042F0800292B21A8097F84F2048
:10DF300013469B001344DB0003F5A8737A6813446F
:10DF40007B657B6D1B7B002B23D17B681B68B3F843
:10DF500050309BB21A467B6D1B78DB0013447A6805
:10DF60001268134403F206431B88C3F30903A7F89E
:10DF70005030B7F85030002B00F08E807B68186866
:10DF80007B6D59697B6DDA88B7F8503008F0CCFAB0
:10DF900082E07B6DDB78022B0AD1B7F84C301A4651
:10DFA000796D786800F0D3F90346A7F8503073E034
:10DFB0007B681B681A467B6D1B789B0013441B888B
:10DFC0009BB223F4E04323F07003A7F852307B6840
:10DFD0001B681A467B6D1B789B001A44B7F85230B9
:10DFE00043F07F4343F47F0343F4004343F0C00313
:10DFF0009BB213807B681B681A467B6D1B789B0065
:10E0000013441B889BB203F48043002B22D07B680F
:10E010001B68B3F850309BB21A467B6D1B78DB004F
:10E0200013447A681268134403F202431B88C3F353
:10E030000903A7F85030B7F85030002B2CD07B687C
:10E0400018687B6D59697B6D1A89B7F8503008F0F4
:10E050006BFA21E07B681B68B3F850309BB21A461C
:10E060007B6D1B78DB0013447A681268134403F25B
:10E0700006431B88C3F30903A7F85030B7F85030A4
:10E08000002B09D07B6818687B6D59697B6D5A89B4
:10E09000B7F8503008F048FA7B6DDA69B7F85030BD
:10E0A0001A447B6DDA617B6D5A69B7F850301A44B7
:10E0B0007B6D5A617B6D9B69002B05D0B7F85020B2
:10E0C0007B6D1B699A4206D27B6D1B781946786876
:10E0D0000FF0F0FD05E07B681B68796D184606F0CF
:10E0E0000BFDB7F84C3003F08003002B00F02181CA
:10E0F00097F84F2013469B001344DB0010337A68D7
:10E1000013447B657B681B681A4697F84F309B0069
:10E1100013441B889BB223F4E14323F07003A7F858
:10E1200042307B681B681A4697F84F309B001A44B0
:10E13000B7F842306FEA43436FEA53439BB2138010
:10E140007B6DDB78012B40F0A2807B6D00229A6111
:10E150007B6D1B7B002B00F09380B7F84C3003F0F5
:10E160004003002B46D07B6D5B78002B26D17B686B
:10E170001B687B627B681B68B3F850309BB21A4601
:10E180007B6A13447B627B6D1B78DA007B6A1344E5
:10E1900003F202433B623B6A1B889BB2C3F3090351
:10E1A0009AB23B6A1A803B6A1B889BB26FEA434370
:10E1B0006FEA53439AB23B6A1A8061E07B6D5B78E9
:10E1C000012B5DD17B681B68FB627B681B68B3F821
:10E1D00050309BB21A46FB6A1344FB627B6D1B787E
:10E1E000DA00FB6A134403F20243BB62BB6A0022FB
:10E1F0001A8045E07B681B68FB637B6D5B78002BB6
:10E2000026D17B681B687B637B681B68B3F8503042
:10E210009BB21A467B6B13447B637B6D1B78DA00E1
:10E220007B6B134403F206433B633B6B1B889BB23F
:10E23000C3F309039AB23B6B1A803B6B1B889BB2FA
:10E240006FEA43436FEA53439AB23B6B1A8017E07D
:10E250007B6D5B78012B13D17B681B68B3F8503062
:10E260009BB21A46FB6B1344FB637B6D1B78DA0091
:10E27000FB6B134403F20643BB63BB6B00221A80A3
:10E280007B6D1B78194678680FF02FFD51E0B7F8C9
:10E290004C3003F48073002B44D17B681B68B3F8C7
:10E2A00050309BB21A467B6D1B78DB0013447A68B2
:10E2B0001268134403F202431B88C3F30903A7F84F
:10E2C00040307B6D9A69B7F840309A4207D97B6D30
:10E2D0009A69B7F84030D21A7B6D9A6102E07B6D83
:10E2E00000229A617B6D9B69002B06D17B6D1B78A8
:10E2F000194678680FF0F9FC1BE07B6D5A69B7F896
:10E3000040301A447B6D5A617B6DDA69B7F8403052
:10E310001A447B6DDA617B681B68796D184606F0DC
:10E32000EBFB06E0B7F84C301A46796D786800F0E0
:10E3300017F97B681B68B3F844309BB21BB2002B03
:10E34000FFF649AC002318465837BD4680BD80B55E
:10E3500088B000AFF860B9601346FB80FB8803F417
:10E360008043002B7CD0FB681B68B3F850309BB215
:10E370001A46BB681B78DB001344FA681268134422
:10E3800003F202431B88C3F309037B83BB689A69CA
:10E390007B8B9A4206D3BB689A697B8BD21ABB6887
:10E3A0009A6102E0BB6800229A61BB689B69002BFE
:10E3B00023D1FB681B681A46BB681B789B0013447B
:10E3C0001B889BB223F4804323F070033B833B8B79
:10E3D00083F400533B83FB681B681A46BB681B78B9
:10E3E0009B001A443B8B43F07F4343F47F0343F489
:10E3F000004343F080039BB21380FB8803F040038B
:10E40000002B1FD0FB681B681A46BB681B789B005B
:10E4100013441B889BB223F4E04323F07003FB8278
:10E42000FB681B681A46BB681B789B001A44FB8A72
:10E4300043F07F4343F47F0343F4004343F0C003BE
:10E440009BB213807B8B002B00F08580FB681868E3
:10E45000BB685969BB681A897B8B08F065F87AE05C
:10E46000FB681B68B3F850309BB21A46BB681B7838
:10E47000DB001344FA681268134403F206431B8856
:10E48000C3F309037B83BB689A697B8B9A4206D3EB
:10E49000BB689A697B8BD21ABB689A6102E0BB6841
:10E4A00000229A61BB689B69002B23D1FB681B6823
:10E4B0001A46BB681B789B0013441B889BB223F44D
:10E4C000804323F07003FB83FB8B83F40053FB83B7
:10E4D000FB681B681A46BB681B789B001A44FB8BC1
:10E4E00043F07F4343F47F0343F4004343F080034E
:10E4F0009BB21380FB8803F04003002B1FD1FB6805
:10E500001B681A46BB681B789B0013441B889BB290
:10E5100023F4E04323F07003BB83FB681B681A46B7
:10E52000BB681B789B001A44BB8B43F07F4343F4CA
:10E530007F0343F4004343F0C0039BB213807B8B03
:10E54000002B08D0FB681868BB685969BB685A89FA
:10E550007B8B07F0E9FF7B8B18462037BD4680BDDB
:10E5600080B5A4B000AFF860B9601346FB80FB88AB
:10E5700003F04003002B00F0DB81FB681B68B3F85D
:10E5800050309BB21A46BB681B78DB001344FA6814
:10E590001268134403F202431B88C3F30903A7F86C
:10E5A0008830BB689A69B7F888309A4207D9BB6847
:10E5B0009A69B7F88830D21ABB689A6102E0BB68E2
:10E5C00000229A61BB689B69002B40F0B980BB6850
:10E5D0005B78002B26D1FB681B68FB62FB681B681D
:10E5E000B3F850309BB21A46FB6A1344FB62BB6817
:10E5F0001B78DA00FB6A134403F20243BB62BB6A76
:10E600001B889BB2C3F309039AB2BB6A1A80BB6A28
:10E610001B889BB26FEA43436FEA53439AB2BB6ACB
:10E620001A801AE0BB685B78012B16D1FB681B6867
:10E630007B63FB681B68B3F850309BB21A467B6B58
:10E6400013447B63BB681B78DA007B6B134403F2D3
:10E6500002433B633B6B00221A80FB681B687B62B2
:10E66000BB685B78002B26D1FB681B68FB61FB68ED
:10E670001B68B3F850309BB21A46FB691344FB6128
:10E68000BB681B78DA00FB69134403F20643BB61E5
:10E69000BB691B889BB2C3F309039AB2BB691A809A
:10E6A000BB691B889BB26FEA43436FEA53439AB23C
:10E6B000BB691A8017E0BB685B78012B13D1FB683C
:10E6C0001B68B3F850309BB21A467B6A13447B62D6
:10E6D000BB681B78DA007B6A134403F206433B6293
:10E6E0003B6A00221A80BB681B781946F8680FF055
:10E6F000FCFAFB8803F48043002B00F0FA82FB68ED
:10E700001B681A46BB681B789B0013441B889BB28E
:10E7100023F4E04323F07003FB82FB681B681A4676
:10E72000BB681B789B001A44FB8A43F07F4343F489
:10E730007F0343F4404343F080039BB21380D8E24D
:10E74000FB8803F48043002B21D0FB681B681A462A
:10E75000BB681B789B0013441B889BB223F4E043E7
:10E7600023F07003A7F88A30FB681B681A46BB6861
:10E770001B789B001A44B7F88A3043F07F4343F478
:10E780007F0343F4404343F080039BB21380BB6894
:10E7900093F82430012B40F0AC82BB685A69B7F87B
:10E7A00088301A44BB685A61BB68DA69B7F88830A8
:10E7B0001A44BB68DA61BB681A6ABB681B699A4273
:10E7C0000BD3BB681B69C7F88C30BB681A6AD7F8D3
:10E7D0008C30D21ABB681A6217E0BB681B6A002B28
:10E7E00008D1B7F88830C7F88C30BB68002283F8AE
:10E7F00024200AE0BB68002283F82420BB681B6A3F
:10E80000C7F88C30BB6800221A62BB685B78002BAB
:10E8100065D1FB681B68FB63FB681B68B3F850306D
:10E820009BB21A46FB6B1344FB63BB681B78DA0090
:10E83000FB6B134403F20243BB63BB6B1B889BB2AD
:10E84000C3F309039AB2BB6B1A80D7F88C30002B44
:10E850000AD1BB6B1B889BB26FEA43436FEA5343F9
:10E860009AB2BB6B1A8057E0D7F88C303E2B18D881
:10E87000D7F88C305B08BB64D7F88C3003F0010309
:10E88000002B02D0BB6C0133BB64BB6B1B889AB2FC
:10E89000BB6C9BB29B029BB213439AB2BB6B1A80B8
:10E8A0003AE0D7F88C305B09BB64D7F88C3003F0C2
:10E8B0001F03002B02D1BB6C013BBB64BB6B1B88ED
:10E8C0009AB2BB6C9BB29B029BB213439BB26FEAA2
:10E8D00043436FEA53439AB2BB6B1A801CE0BB6898
:10E8E0005B78012B18D1FB681B687B64FB681B6895
:10E8F000B3F850309BB21A467B6C13447B64BB6800
:10E900001B78DA007B6C134403F202433B64D7F8B4
:10E910008C309AB23B6C1A80FB681868BB685969E6
:10E92000BB681A89D7F88C309BB207F0BAFDE0E1DA
:10E93000FB681B68B3F850309BB21A46BB681B7863
:10E94000DB001344FA681268134403F206431B8881
:10E95000C3F30903A7F88830BB689A69B7F8883011
:10E960009A4207D3BB689A69B7F88830D21ABB6855
:10E970009A6102E0BB6800229A61BB689B69002B28
:10E9800040F0C080BB685B78002B26D1FB681B6819
:10E99000FB67FB681B68B3F850309BB21A46FB6FED
:10E9A0001344FB67BB681B78DA00FB6F134403F268
:10E9B0000243BB67BB6F1B889BB2C3F309039AB2C8
:10E9C000BB6F1A80BB6F1B889BB26FEA43436FEA31
:10E9D00053439AB2BB6F1A801AE0BB685B78012B75
:10E9E00016D1FB681B687B66FB681B68B3F8503068
:10E9F0009BB21A467B6E13447B66BB681B78DA00B9
:10EA00007B6E134403F202433B663B6E00221A8086
:10EA1000FB681B687B67BB685B78002B2BD1FB68AE
:10EA20001B68FB66FB681B68B3F850309BB21A4644
:10EA3000FB6E1344FB66BB681B78DA00FB6E134465
:10EA400003F20643C7F88430D7F884301B889BB2A2
:10EA5000C3F309039AB2D7F884301A80D7F8843008
:10EA60001B889BB26FEA43436FEA53439AB2D7F8CD
:10EA700084301A8017E0BB685B78012B13D1FB68E8
:10EA80001B68B3F850309BB21A467B6F13447B6708
:10EA9000BB681B78DA007B6F134403F206433B67C5
:10EAA0003B6F00221A80BB681B781946F8680FF08C
:10EAB0001CF9FB8803F48043002B40F01A81FB68AB
:10EAC0001B681A46BB681B789B0013441B889BB2CB
:10EAD00023F4E04323F07003A7F88230FB681B683F
:10EAE0001A46BB681B789B001A44B7F8823043F083
:10EAF0007F4343F47F0343F4404343F080039BB2DE
:10EB00001380F6E0FB8803F48043002B21D1FB68DF
:10EB10001B681A46BB681B789B0013441B889BB27A
:10EB200023F4E04323F07003A7F84E30FB681B6822
:10EB30001A46BB681B789B001A44B7F84E3043F066
:10EB40007F4343F47F0343F4404343F080039BB28D
:10EB50001380BB6893F82430012B40F0CA80BB6857
:10EB60005A69B7F888301A44BB685A61BB68DA69D9
:10EB7000B7F888301A44BB68DA61BB681A6ABB68A8
:10EB80001B699A420BD3BB681B69C7F88C30BB6802
:10EB90001A6AD7F88C30D21ABB681A6217E0BB68C1
:10EBA0001B6A002B08D1B7F88830C7F88C30BB68D7
:10EBB000002283F824200AE0BB681B6AC7F88C3067
:10EBC000BB6800221A62BB68002283F82420FB681D
:10EBD0001B687B65BB685B78002B65D1FB681B6895
:10EBE000FB65FB681B68B3F850309BB21A46FB6D9F
:10EBF0001344FB65BB681B78DA00FB6D134403F21A
:10EC00000643BB65BB6D1B889BB2C3F309039AB275
:10EC1000BB6D1A80D7F88C30002B0AD1BB6D1B88D6
:10EC20009BB26FEA43436FEA53439AB2BB6D1A80BB
:10EC300054E0D7F88C303E2B18D8D7F88C305B08CE
:10EC4000BB66D7F88C3003F00103002B02D0BB6EFB
:10EC50000133BB66BB6D1B889AB2BB6E9BB29B0235
:10EC60009BB213439AB2BB6D1A8037E0D7F88C3051
:10EC70005B09BB66D7F88C3003F01F03002B02D171
:10EC8000BB6E013BBB66BB6D1B889AB2BB6E9BB271
:10EC90009B029BB213439BB26FEA43436FEA534319
:10ECA0009AB2BB6D1A8019E0BB685B78012B15D155
:10ECB000FB681B68B3F850309BB21A467B6D134457
:10ECC0007B65BB681B78DA007B6D134403F2064357
:10ECD0003B65D7F88C309AB23B6D1A80FB68186898
:10ECE000BB685969BB685A89D7F88C309BB207F06A
:10ECF000D8FBFB681B681A46BB681B789B00134453
:10ED00001B889BB223F4E04323F04003BB82BB8A01
:10ED100083F01003BB82BB8A83F02003BB82FB68B5
:10ED20001B681A46BB681B789B001A44BB8A43F0D9
:10ED30007F4343F47F0343F4004343F080039BB2DB
:10ED40001380002318469037BD4680BD80B485B03F
:10ED500000AF78607B681B68FB607B680122C3F8AA
:10ED6000D0227B68002283F8C822FB68B3F85430B5
:10ED70009BB243F001039AB2FB68A3F85420FB68EE
:10ED8000B3F854309BB243F002039AB2FB68A3F885
:10ED90005420002318461437BD465DF8047B7047A5
:10EDA00080B483B000AF78600B46FB7000BF0C37B7
:10EDB000BD465DF8047B704780B400AF044B1B6810
:10EDC00003F4C0631846BD465DF8047B704700BF7E
:10EDD0000070004080B584B000AF7860274B1B689E
:10EDE00003F4C063BB6000F061F80346B3F5004F65
:10EDF00001D101233EE0214BDB6803F40043B3F56E
:10EE0000004F01D1012335E0BA687B689A4201D1F5
:10EE100000232FE0194B1B6823F4C06217497B685D
:10EE200013430B60164B1B685B09164AA2FB0323B6
:10EE3000DB09322202FB03F3134AA2FB0323DB08A4
:10EE40000133FB6002E0FB68013BFB600B4B5B693D
:10EE500003F48063B3F5806F02D1FB68002BF2D11D
:10EE6000064B5B6903F48063B3F5806F01D1032324
:10EE700000E0002318461037BD4680BD00700040FA
:10EE8000D8010320C55A7C0ACDCCCCCC80B400AFCD
:10EE9000054B9B68044A43F48043936000BFBD4622
:10EEA0005DF8047B704700BF0070004080B483B001
:10EEB00000AF0F4B1B693B603B6803F48053002B92
:10EEC00003D04FF480537B600AE03B6803F40043B7
:10EED000002B03D14FF400437B6001E000237B60F3
:10EEE0007B6818460C37BD465DF8047B704700BF51
:10EEF0000070004080B588B000AF78607B68002B60
:10EF000002D1012300F0C2BC994B9B6803F00C03B3
:10EF1000BB61974BDB6803F003037B617B681B6875
:10EF200003F01003002B00F0E980BB69002B06D032
:10EF3000BB690C2B40F083807B69012B7FD18C4B0C
:10EF40001B6803F00203002B06D07B68DB69002BF3
:10EF500002D1012300F09ABC7B685A6A844B1B687B
:10EF600003F00803002B04D0814B1B6803F0F0036F
:10EF700005E07F4BD3F894301B0903F0F003934274
:10EF800024D27B685B6A184600F0CEFE0346002B55
:10EF900002D0012300F07ABC754B1B68744A43F021
:10EFA00008031360724B1B6823F0F0027B685B6AF6
:10EFB0006F4913430B606E4B5B6823F47F427B68A1
:10EFC0001B6A1B026A4913434B6026E0684B1B68AF
:10EFD000674A43F008031360654B1B6823F0F00297
:10EFE0007B685B6A624913430B60614B5B6823F487
:10EFF0007F427B681B6A1B025D4913434B60BB6900
:10F00000002B0AD17B685B6A184600F08DFE034630
:10F01000002B02D0012300F039BC00F017FE03469C
:10F02000544A1360544B1B681846F9F7E1FA03463B
:10F03000FB73FB7B002B60D0FB7B00F027BC7B6865
:10F04000DB69002B39D04A4B1B68494A43F0010366
:10F050001360F9F719FD38610FE0F9F715FD024665
:10F060003B69D31A022B08D9414B1B6803F00203FA
:10F07000002B02D1032300F009BC3D4B1B6803F0B9
:10F080000203002BE9D03A4B1B68394A43F00803CE
:10F090001360374B1B6823F0F0027B685B6A3449CE
:10F0A00013430B60324B5B6823F47F427B681B6A1F
:10F0B0001B022F4913434B6020E02D4B1B682C4A49
:10F0C00023F001031360F9F7DFFC38610EE0F9F774
:10F0D000DBFC02463B69D31A022B07D9244B1B6881
:10F0E00003F00203002B01D00323CFE3204B1B6866
:10F0F00003F00203002BEAD100E000BF7B681B682D
:10F1000003F00103002B7ED0BB69082B05D0BB693F
:10F110000C2B0ED17B69032B0BD1154B1B6803F411
:10F120000033002B6ED07B685B68002B6AD1012313
:10F13000ACE37B685B68B3F5803F06D10C4B1B6882
:10F140000B4A43F48033136024E07B685B68B3F5BB
:10F15000A02F13D1064B1B68054A43F4802313608C
:10F16000034B1B68024A43F48033136012E000BF74
:10F1700000100240D8010320DC0103208B4B1B68E8
:10F180008A4A23F480331360884B1B68874A23F430
:10F19000802313607B685B68002B19D0F9F774FC3F
:10F1A00038610EE0F9F770FC02463B69D31A642B14
:10F1B00007D97E4B1B6803F40033002B01D10323D6
:10F1C00064E37A4B1B6803F40033002BEAD01AE0A7
:10F1D000F9F75AFC38610EE0F9F756FC02463B6934
:10F1E000D31A642B07D9714B1B6803F40033002B2F
:10F1F00001D003234AE36D4B1B6803F40033002B5B
:10F20000EAD100E000BF7B681B6803F00203002B1B
:10F210006CD0BB69042B05D0BB690C2B19D17B6961
:10F22000022B16D1614B1B6803F48063002B05D0C1
:10F230007B68DB68002B01D1012327E35B4B5B6814
:10F2400023F0FE427B681B691B06584913434B6041
:10F250004CE07B68DB68002B29D0544B1B68534A79
:10F2600043F480731360F9F70FFC38610EE0F9F78F
:10F270000BFC02463B69D31A022B07D94B4B1B6888
:10F2800003F48063002B01D10323FFE2474B1B688B
:10F2900003F48063002BEAD0444B5B6823F0FE420A
:10F2A0007B681B691B06414913434B601EE03F4BC3
:10F2B0001B683E4A23F480731360F9F7E5FB38615D
:10F2C0000EE0F9F7E1FB02463B69D31A022B07D99E
:10F2D000364B1B6803F48063002B01D00323D5E277
:10F2E000324B1B6803F48063002BEAD17B681B68F8
:10F2F00003F00803002B62D07B685B69002B38D0D9
:10F300007B689B69002B08D1284BD3F89430274A9F
:10F3100023F01003C2F8943007E0244BD3F8943064
:10F32000224A43F01003C2F89430204BD3F89430B3
:10F330001E4A43F00103C2F89430F9F7A5FB386187
:10F340000FE0F9F7A1FB02463B69D31A072B08D956
:10F35000164BD3F8943003F00203002B01D10323A2
:10F3600094E2124BD3F8943003F00203002BE8D060
:10F3700025E00E4BD3F894300C4A23F00103C2F879
:10F380009430F9F781FB386112E0F9F77DFB024612
:10F390003B69D31A072B0BD9044BD3F8943003F0F5
:10F3A0000203002B04D0032370E200BF00100240D0
:10F3B000A84BD3F8943003F00203002BE5D17B680F
:10F3C0001B6803F00403002B00F02D810023FB7762
:10F3D000A04B9B6D03F08053002B0DD19D4B9B6D7B
:10F3E0009C4A43F0805393659A4B9B6D03F0805386
:10F3F000BB60BB680123FB77974B1B6803F48073EA
:10F40000002B1ED1944B1B68934A43F48073136006
:10F41000F9F73AFB38610EE0F9F736FB02463B6933
:10F42000D31A022B07D98C4B1B6803F48073002B73
:10F4300001D103232AE2884B1B6803F48073002B5D
:10F44000EAD07B689B6803F00103002B1FD07B6828
:10F450009B6803F00403002B10D07E4BD3F8903050
:10F460007C4A43F00403C2F890307A4BD3F89030D2
:10F47000784A43F00103C2F8903018E0754BD3F896
:10F480009030744A43F00103C2F890300FE0714BA2
:10F49000D3F890306F4A23F00103C2F890306D4BDF
:10F4A000D3F890306B4A23F00403C2F890307B68A5
:10F4B0009B68002B68D0F9F7E7FA386111E0F9F79B
:10F4C000E3FA02463B69D31A41F28832934208D9E3
:10F4D000604BD3F8903003F00203002B01D10323DB
:10F4E000D4E15C4BD3F8903003F00203002BE6D05C
:10F4F0007B689B6803F08003002B22D0554BD3F828
:10F500009030544A43F08003C2F8903011E0F9F78C
:10F51000BBFA02463B69D31A41F28832934208D9BA
:10F520004C4BD3F8903003F40063002B01D103233C
:10F53000ACE1484BD3F8903003F40063002BE6D0E5
:10F5400068E0444BD3F89030424A23F08003C2F87D
:10F55000903011E0F9F798FA02463B69D31A41F26C
:10F560008832934208D93B4BD3F8903003F40063C0
:10F57000002B01D0032389E1364BD3F8903003F4FC
:10F580000063002BE6D145E0F9F77EFA386111E01F
:10F59000F9F77AFA02463B69D31A41F2883293426C
:10F5A00008D92C4BD3F8903003F00203002B01D084
:10F5B00003236BE1274BD3F8903003F00203002BB9
:10F5C000E6D1244BD3F8903003F08003002B21D0F8
:10F5D000204BD3F890301F4A23F08003C2F89030BC
:10F5E00011E0F9F751FA02463B69D31A41F2883229
:10F5F000934208D9174BD3F8903003F40063002BE3
:10F6000001D0032342E1134BD3F8903003F400639D
:10F61000002BE6D1FB7F012B05D10E4B9B6D0D4AD4
:10F6200023F0805393657B681B6803F02003002B55
:10F630004FD07B689B6A002B28D0064BD3F89830BC
:10F64000044A43F00103C2F89830F9F71DFA386113
:10F6500014E000BF0010024000700040F9F714FAF7
:10F6600002463B69D31A022B08D98A4BD3F898304B
:10F6700003F00203002B01D1032307E1854BD3F8EC
:10F68000983003F00203002BE8D022E0814BD3F83E
:10F690009830804A23F00103C2F89830F9F7F4F962
:10F6A00038610FE0F9F7F0F902463B69D31A022BF3
:10F6B00008D9784BD3F8983003F00203002B01D01F
:10F6C0000323E3E0734BD3F8983003F00203002BDD
:10F6D000E8D17B68DB6A002B00F0D7806D4B9B681C
:10F6E00003F00C030C2B00F091807B68DB6A022B8B
:10F6F00066D1684B1B68674A23F080731360F9F783
:10F70000C3F938610EE0F9F7BFF902463B69D31A35
:10F71000022B07D95F4B1B6803F00073002B01D04D
:10F720000323B3E05B4B1B6803F00073002BEAD1AB
:10F73000584BDA68584B13407A68116B7A68526BF1
:10F74000013A120111437A68926B120211437A68EE
:10F75000126C5208013A520511437A68526C5208F1
:10F76000013A520611437A68D26BD2060A434949DC
:10F770001343CB60474B1B68464A43F080731360CA
:10F78000444BDB68434A43F08073D360F9F77CF95C
:10F7900038610EE0F9F778F902463B69D31A022B7B
:10F7A00007D93C4B1B6803F00073002B01D10323E6
:10F7B0006CE0384B1B6803F00073002BEAD064E068
:10F7C000344B1B68334A23F080731360F9F75CF9FC
:10F7D00038610EE0F9F758F902463B69D31A022B5B
:10F7E00007D92C4B1B6803F00073002B01D00323B7
:10F7F0004CE0284B1B6803F00073002BEAD1254B2B
:10F80000DA682449254B1340CB603EE07B68DB6A15
:10F81000012B01D1012339E01E4BDB687B617B6941
:10F8200003F003027B681B6B9A422CD17B6903F0C7
:10F83000F0027B685B6B013B1B019A4223D17B6921
:10F8400003F4FE427B689B6B1B029A421BD17B69CF
:10F8500003F078427B68DB6BDB069A4213D17B694D
:10F8600003F4C0027B681B6C5B08013B5B059A429A
:10F8700009D17B6903F0C0627B685B6C5B08013B6C
:10F880005B069A4201D0012300E00023184620378E
:10F89000BD4680BD001002400C809F01FCFFEEFEC3
:10F8A00080B586B000AF7860396000237B617B68EB
:10F8B000002B01D101231CE1904B1B6803F00F03C7
:10F8C0003A689A4210D98D4B1B6823F00F028B497E
:10F8D0003B6813430B60894B1B6803F00F033A68C6
:10F8E0009A4201D0012304E17B681B6803F0020304
:10F8F000002B10D07B689A68814B9B6803F0F00363
:10F900009A4208D97E4B9B6823F0F0027B689B6883
:10F910007B4913438B607B681B6803F00103002B5A
:10F9200000F085807B685B68032B1FD1744B1B68DC
:10F9300003F00073002B01D10123DAE000F058FA44
:10F9400038613B696F4A934247D96D4B9B6803F01E
:10F95000F003002B41D16A4B9B6823F0F003684A07
:10F9600043F08003936080237B6136E07B685B68B3
:10F97000022B07D1624B1B6803F40033002B15D117
:10F980000123B6E07B685B68002B07D15C4B1B68EA
:10F9900003F00203002B09D10123AAE0584B1B6896
:10F9A00003F48063002B01D10123A2E000F0B0F842
:10F9B00038613B69534A93420FD9514B9B6803F01E
:10F9C000F003002B09D14E4B9B6823F0F0034C4A07
:10F9D00043F08003936080237B61494B9B6823F055
:10F9E00003027B685B68464913438B60F9F74CF868
:10F9F000F86013E0F9F748F80246FB68D31A41F2C1
:10FA0000883293420AD93E4B9B6803F00C027B6814
:10FA10005B689B009A4201D003236AE0384B9B68E5
:10FA200003F00C027B685B689B009A42E2D17B6921
:10FA3000802B05D1324B9B68314A23F0F003936051
:10FA40007B681B6803F00203002B10D07B689A6868
:10FA50002B4B9B6803F0F0039A4208D2284B9B681B
:10FA600023F0F0027B689B68254913438B60234B8E
:10FA70001B6803F00F033A689A4210D21F4B1B68B1
:10FA800023F00F021D493B6813430B601B4B1B689F
:10FA900003F00F033A689A4201D0012329E07B6802
:10FAA0001B6803F00403002B08D0154B9B6823F45C
:10FAB000E0627B68DB68124913438B607B681B68DC
:10FAC00003F00803002B09D00D4B9B6823F4605210
:10FAD0007B681B69DB000A4913438B6000F0B6F8B2
:10FAE0000346094A1360094B1B681846F8F780FD66
:10FAF000034618461837BD4680BD00BF00200240AF
:10FB00000010024000B4C404D8010320DC0103202B
:10FB100080B489B000AF0023FB610023BB61474B79
:10FB20009B6803F00C033B61444BDB6803F0030369
:10FB3000FB603B69002B05D03B690C2B21D1FB6896
:10FB4000012B1ED13D4B1B6803F00803002B07D18E
:10FB50003A4BD3F894301B0A03F00F03FB6105E026
:10FB6000364B1B681B0903F00F03FB61344AFB692A
:10FB700052F82330FB613B69002B0DD1FB69BB615F
:10FB80000AE03B69042B02D12E4BBB6104E03B69C8
:10FB9000082B01D12C4BBB613B690C2B46D1274B69
:10FBA000DB6803F00303BB60244BDB681B0903F035
:10FBB0000F0301337B60BB68022B03D0BB68032BB0
:10FBC0000DD019E01F4A7B68B2FBF3F31B4AD268E1
:10FBD000120A02F07F0202FB03F37B6119E01A4A6A
:10FBE0007B68B2FBF3F3154AD268120A02F07F0277
:10FBF00002FB03F37B610CE0FA697B68B2FBF3F371
:10FC00000E4AD268120A02F07F0202FB03F37B6104
:10FC100000BF0A4BDB685B0E03F0030301335B009C
:10FC20003B607A693B68B2FBF3F3BB61BB69184682
:10FC30002437BD465DF8047B704700BF00100240CA
:10FC4000F8F201080024F4008096980080B500AF17
:10FC5000FFF75EFF0246054B9B681B0903F00F038D
:10FC60000349CB5C22FA03F3184680BD0010024022
:10FC7000E0F2010880B500AFFFF7E8FF0246054B50
:10FC80009B681B0A03F007030349CB5C22FA03F3CA
:10FC9000184680BD00100240F0F2010880B500AFA8
:10FCA000FFF7D4FF0246054B9B68DB0A03F007030E
:10FCB0000349CB5C22FA03F3184680BD00100240D2
:10FCC000F0F2010880B483B000AF786039607B68DF
:10FCD0000F221A60124B9B6803F003027B685A6084
:10FCE0000F4B9B6803F0F0027B689A600C4B9B689B
:10FCF00003F4E0627B68DA60094B9B68DB0803F47D
:10FD0000E0627B681A61074B1B6803F00F023B68D7
:10FD10001A6000BF0C37BD465DF8047B704700BF1A
:10FD2000001002400020024080B586B000AF78602D
:10FD300000237B612C4B9B6D03F08053002B03D081
:10FD4000FFF73AF8386114E0274B9B6D264A43F0E1
:10FD500080539365244B9B6D03F08053FB60FB68DD
:10FD6000FFF72AF83861204B9B6D1F4A23F0805320
:10FD700093653B69002B03D03B69B3F5007F0BD142
:10FD80007B68802B19D97B68A02B02D902237B6169
:10FD900013E001237B6110E07B68802B02D90323F1
:10FDA0007B610AE07B68802B02D102237B6104E047
:10FDB0007B68702B01D101237B610C4B1B6823F006
:10FDC0000F020A497B6913430B60084B1B6803F061
:10FDD0000F037A699A4201D0012300E000231846FC
:10FDE0001837BD4680BD00BF001002400020024011
:10FDF00080B487B000AF314BDB6803F00303FB60D6
:10FE00002E4BDB681B0903F00F030133BB60FB685B
:10FE1000032B15D0FB68032B39D8FB68012B1CD0B2
:10FE2000FB68022B33D1264ABB68B2FBF3F3234AAB
:10FE3000D268120A02F07F0202FB03F33B6129E061
:10FE4000204ABB68B2FBF3F31C4AD268120A02F0E4
:10FE50007F0202FB03F33B611CE0184B1B6803F0BD
:10FE60000803002B07D1154BD3F894301B0A03F07D
:10FE70000F037B6105E0114B1B681B0903F00F03A7
:10FE80007B61114A7B6952F823303B6102E0002319
:10FE90003B6100BF094BDB685B0E03F003030133DA
:10FEA0005B007B603A697B68B2FBF3F33B603B68C5
:10FEB00018461C37BD465DF8047B704700100240B1
:10FEC0000024F40080969800F8F2010880B588B00C
:10FED00000AF78600023FB770023BB777B681B684B
:10FEE00003F40063002B40D07B68DB6E802B2AD0AC
:10FEF000802B25D8602B26D0602B21D8402B06D014
:10FF0000402B1DD8002B09D0202B10D018E08F4B90
:10FF1000DB688E4A43F48033D36015E07B6804339A
:10FF20000021184600F098FB0346FB770CE07B6845
:10FF300020330021184600F075FC0346FB7703E0F0
:10FF40000123FB7700E000BFFB7F002B0BD17F4B31
:10FF5000D3F89C3023F0E0027B68DB6E7B491343CF
:10FF6000C1F89C3001E0FB7FBB777B681B6803F422
:10FF70008053002B47D07B681B6FB3F5806F30D068
:10FF8000B3F5806F2AD8B3F5407F2AD0B3F5407F10
:10FF900024D8B3F5007F08D0B3F5007F1ED8002B1E
:10FFA0000AD0B3F5807F10D018E0684BDB68674A51
:10FFB00043F48033D36015E07B6804330021184696
:10FFC00000F04AFB0346FB770CE07B6820330021FE
:10FFD000184600F027FC0346FB7703E00123FB777C
:10FFE00000E000BFFB7F002B0BD1584BD3F89C30B7
:10FFF00023F4E0627B681B6F54491343C1F89C30C3
:020000040801F1
:1000000001E0FB7FBB777B681B6803F40033002BA8
:1000100000F0AB800023FB754C4B9B6D03F08053CD
:10002000002B0DD1494B9B6D484A43F0805393659B
:10003000464B9B6D03F08053FB60FB680123FB750F
:10004000434B1B68424A43F480731360F8F71CFD6E
:1000500038610FE0F8F718FD02463B69D31A022B0E
:1000600008D93B4B1B6803F48073002B09D1032391
:10007000FB7706E0364B1B6803F48073002BE9D056
:1000800000E000BFFB7F002B64D1304BD3F89030F1
:1000900003F44073BB61BB69002B1FD07B68D3F8AE
:1000A0009030BA699A4219D0284BD3F8903023F493
:1000B0004073BB61254BD3F89030244A43F480331E
:1000C000C2F89030214BD3F89030204A23F480338B
:1000D000C2F890301D4ABB69C2F89030BB6903F08A
:1000E0000103002B1FD0F8F7CFFC386112E0F8F7BE
:1000F000CBFC02463B69D31A41F28832934209D9BC
:10010000124BD3F8903003F00203002B0AD10323E3
:10011000FB7707E00D4BD3F8903003F00203002B80
:10012000E5D000E000BFFB7F002B0CD1074BD3F8DC
:10013000903023F440727B68D3F890300349134326
:10014000C1F8903008E0FB7FBB7705E0001002406B
:1001500000700040FB7FBB77FB7D012B05D19C4BE2
:100160009B6D9B4A23F0805393657B681B6803F06B
:100170000103002B0AD0964BD3F8883023F00302FA
:100180007B685B6B92491343C1F888307B681B68BE
:1001900003F00203002B0AD08D4BD3F8883023F0F4
:1001A0000C027B689B6B8A491343C1F888307B68DB
:1001B0001B6803F00403002B0AD0854BD3F888306A
:1001C00023F030027B68DB6B81491343C1F8883030
:1001D0007B681B6803F00803002B0AD07C4BD3F824
:1001E000883023F0C0027B681B6C79491343C1F847
:1001F00088307B681B6803F01003002B0AD0744B17
:10020000D3F8883023F440727B685B6C70491343E9
:10021000C1F888307B681B6803F02003002B0AD0EC
:100220006B4BD3F8883023F440627B689B6C684941
:100230001343C1F888307B681B6803F40073002BFC
:100240000AD0634BD3F8883023F440227B68DB6DFF
:100250005F491343C1F888307B681B6803F48063EF
:10026000002B0AD05A4BD3F8883023F440127B6815
:100270001B6E57491343C1F888307B681B6803F431
:100280008003002B0AD0524BD3F8883023F440026D
:100290007B685B6E4E491343C1F888307B681B68EE
:1002A00003F00073002B31D07B689B6EB3F1007FAD
:1002B0000ED0B3F1007F14D8002B15D0B3F1807F9E
:1002C0000FD1434BDB68424A43F48013D3600CE008
:1002D0007B6804330021184600F0BEF90346FB7723
:1002E00003E00123FB7700E000BFFB7F002B0BD175
:1002F000374BD3F8883023F040727B689B6E3449CB
:100300001343C1F8883001E0FB7FBB777B681B6833
:1003100003F04003002B0AD02D4BD3F8883023F490
:1003200040527B68DB6C2A491343C1F888307B68F4
:100330001B6803F08003002B0AD0254BD3F88830CC
:1003400023F440427B681B6D21491343C1F8883078
:100350007B681B6803F48073002B0AD01C4BD3F816
:10036000883023F440327B685B6D19491343C1F830
:1003700088307B681B6803F48013002B0AD0144B71
:10038000D3F89C3023F003027B689B6D1049134324
:10039000C1F89C307B681B6803F40053002B2BD002
:1003A0000B4BD3F8883023F040627B685B6F0849C1
:1003B0001343C1F888307B685B6FB3F1006F09D1DC
:1003C000034BDB68024A43F48013D36014E000BFA0
:1003D000001002407B685B6FB3F1806F0CD17B68CB
:1003E00004330121184600F037F90346FB77FB7F01
:1003F000002B01D0FB7FBB777B681B6803F40023D5
:10040000002B4AD07B689B6FB3F5804F08D1704BAF
:10041000D3F89C306E4A43F48043C2F89C3012E01B
:100420006B4BD3F8883023F040627B689B6F684940
:100430001343C1F88830664BD3F89C30644A23F4E8
:100440008043C2F89C307B689B6FB3F1806F0DD105
:100450007B6804330121184600F0FEF80346FB7761
:10046000FB7F002B19D0FB7FBB7716E07B689B6F6F
:10047000B3F1006F06D1564BDB68554A43F4801345
:10048000D3600AE07B689B6FB3F5804F05D1504B7A
:10049000DB684F4A43F48033D3607B681B6803F406
:1004A0008023002B28D04A4BD3F8883023F04062B9
:1004B0007B68DB6F46491343C1F888307B68DB6F8C
:1004C000B3F1006F06D1424BDB68414A43F480131D
:1004D000D36011E07B68DB6FB3F1806F0CD17B6878
:1004E00004330121184600F0B7F80346FB77FB7F81
:1004F000002B01D0FB7FBB777B681B6803F4804334
:10050000002B1ED0324BD3F8883023F040527B684A
:10051000D3F880302E491343C1F888307B68D3F874
:100520008030B3F1805F0CD17B6804330221184620
:1005300000F092F80346FB77FB7F002B01D0FB7F96
:10054000BB777B681B6803F48033002B0BD0204BF8
:10055000D3F89C3023F004027B68D3F884301C4924
:100560001343C1F89C307B681B6803F40013002B15
:100570000BD0174BD3F89C3023F018027B68D3F8CC
:10058000883013491343C1F89C307B681B6803F023
:100590008073002B17D00E4BD3F89C3023F44012FD
:1005A0007B68D3F88C300A491343C1F89C307B68D0
:1005B000D3F88C30B3F5001F05D1054BDB68044A36
:1005C00043F48013D360BB7F18462037BD4680BDFF
:1005D0000010024080B485B000AF78601C4B9B6B6C
:1005E0001B4A43F080739363194B9B6B184A23F0AB
:1005F000807393637B681A687B685B681A437B68C7
:100600009B681343FB607B68DB68FA681343FB60FD
:100610007B681B691B04FA681343FB600D4AFB6887
:1006200053600C4B1B6823F4FE427B685B691B0222
:10063000084913430B60074B1B68064A43F06003ED
:10064000136000BF1437BD465DF8047B704700BFE0
:10065000001002400060004080B584B000AF7860B8
:1006600039600023FB737B681B68032B18D0032BB6
:100670001FD8012B02D0022B09D01AE0654B1B6852
:1006800003F00203002B17D10123FB7314E0614B2D
:100690001B6803F48063002B10D10123FB730DE072
:1006A0005C4B1B6803F4C023002B09D10123FB73AF
:1006B00006E00123FB7304E000BF02E000BF00E09E
:1006C00000BFFB7B002B40F09F80524B1B68514AC0
:1006D00023F080631360F8F7D7F9B8600FE0F8F7FC
:1006E000D3F90246BB68D31A022B08D9494B1B68C1
:1006F00003F00063002B09D00323FB7306E0454B96
:100700001B6803F00063002BE9D100E000BFFB7B16
:10071000002B79D13B68002B16D13E4B1A693E4B1A
:1007200013407A68926811027A68D268D20611433F
:100730007A685268013A120111437A6812680A43D2
:10074000344913430B6133E03B68012B18D1314B23
:100750001A69324B13407A68926811027A681269FA
:100760005208013A520511437A685268013A12015F
:1007700011437A6812680A43264913430B6117E054
:10078000244B1A69264B13407A68926811027A68E2
:1007900052695208013A520611437A685268013A86
:1007A000120111437A6812680A431A4913430B6114
:1007B000184B1B68174A43F080631360F8F764F91D
:1007C000B8600FE0F8F760F90246BB68D31A022B55
:1007D00008D9104B1B6803F00063002B09D10323D9
:1007E000FB7306E00B4B1B6803F00063002BE9D0A2
:1007F00000E000BFFB7B002B06D1064B1A697B682B
:100800009B69044913430B61FB7B18461037BD46B7
:1008100080BD00BF001002400C80FF070C809FFFCE
:100820000C80FFF980B584B000AF78603960002398
:10083000FB737B681B68032B18D0032B1FD8012B7D
:1008400002D0022B09D01AE04A4B1B6803F00203C6
:10085000002B17D10123FB7314E0464B1B6803F4F4
:100860008063002B10D10123FB730DE0414B1B680B
:1008700003F4C023002B09D10123FB7306E00123FD
:10088000FB7304E000BF02E000BF00E000BFFB7BA1
:10089000002B69D1374B1B68364A23F08053136015
:1008A000F8F7F2F8B8600FE0F8F7EEF80246BB6828
:1008B000D31A022B08D92F4B1B6803F00053002BCF
:1008C00009D00323FB7306E02A4B1B6803F0005397
:1008D000002BE9D100E000BFFB7B002B44D13B683B
:1008E000002B15D1234B5A69234B13407A68926829
:1008F00011027A68D268D20611437A685268013AC6
:10090000120111437A6812680A431A4913434B6172
:10091000184B1B68174A43F080531360F8F7B4F87C
:10092000B8600FE0F8F7B0F80246BB68D31A022BA4
:1009300008D9104B1B6803F00053002B09D1032387
:10094000FB7306E00B4B1B6803F00053002BE9D050
:1009500000E000BFFB7B002B06D1064B5A697B6889
:100960001B69044913434B61FB7B18461037BD4696
:1009700080BD00BF001002400C80FF0780B584B02E
:1009800000AF78607B68002B01D1012394E07B6885
:100990005B7ADBB2002B05D17B6800221A72786883
:1009A000F7F762FC7B6802225A727B681B681A6840
:1009B0007B681B6822F004021A607B681B681B6856
:1009C00023F0804323F020037A6852681A437B683F
:1009D0001B6842F080421A607B681B68384A1A61C3
:1009E0007B681B684AF2B3221A617B681B681A682D
:1009F0007B681B6822F080421A60F8F745F8F860BF
:100A000016E0F8F741F80246FB68D31A022B0FD91B
:100A10007B681B681B6803F08043B3F1804F07D1EC
:100A20007B6801225A727B680222DA60012343E06C
:100A30007B681B681B6803F08043B3F1804FE0D0F4
:100A40007B681B681A687B681B6842F004021A60A6
:100A50007B681B685B6803F04003402B04D17B6814
:100A600004225A72012327E0F8F70EF8F86015E027
:100A7000F8F70AF80246FB68D31A022B0ED97B68F6
:100A80001B685B6803F00403042B07D17B68042216
:100A90005A727B680222DA6001230DE07B681B68D2
:100AA0005B6803F00103012BE2D17B6801225A72DB
:100AB0007B680022DA60002318461037BD4680BDEF
:100AC000BC0A591780B584B000AF78603960002344
:100AD000FB737B681B7A012B01D1022365E07B68E5
:100AE00001221A727B685B7ADBB2012B54D17B68DE
:100AF00002225A727B681B685B6803F04003402B3C
:100B00000CD17B680822DA60786800F0C7F80346E9
:100B1000FB73FB7B012B01D1FB7B46E0F7F7B4FFB6
:100B2000B86018E0F7F7B0FF0246BB68D31A022B93
:100B300011D97B681B685B6803F00103012B0AD0A5
:100B40007B6801225A727B680222DA607B6800228D
:100B50001A72012329E07B681B685B6803F00103BC
:100B6000012BDFD17B681B689A687B681A617B6800
:100B70001B685B6803F04003402B05D17B680822AB
:100B8000DA600123FB7303E07B681A693B681A6033
:100B90007B6801225A7204E07B680422DA60012338
:100BA000FB737B6800221A72FB7B18461037BD4628
:100BB00080BD80B584B000AF78600023FB607B68A7
:100BC0001B685B68BB60BB6803F02003002B05D08B
:100BD0007B681022DA600123FB601FE0BB6803F032
:100BE0004003002B1AD0BB6803F00403002B08D18C
:100BF0007B681B685A687B681B6822F040025A6059
:100C00000CE07B680822DA600123FB607B681B68CC
:100C10001A687B681B6822F008021A60FB68012BC7
:100C20000BD17B6804225A727868F4F75FF87B680E
:100C30001B686FF060025A6022E0BB6803F001039A
:100C4000002B1DD07B681B681A687B681B6822F02C
:100C500008021A607B681B689A687B681A617B6867
:100C60005B7ADBB2042B0BD07B6801225A727B6863
:100C700000221A727B681B691946786800F003F835
:100C80001037BD4680BD80B483B000AF7860396056
:100C900000BF0C37BD465DF8047B704780B584B05B
:100CA00000AF78600023FB607B681B685B6803F023
:100CB0000403042B08D07B681B685A687B681B6898
:100CC00022F040025A605FE07B681B681A687B680C
:100CD0001B6842F080421A607B681B681A687B6858
:100CE0001B6822F080421A600223FB60FB68013B14
:100CF000FB60FB68002B10D17B6801225A727B6875
:100D0000DB6843F002027B68DA607B6800221A72BB
:100D10007868F3F7EBFF01233DE07B681B681B68F5
:100D200003F08043B3F1804FE0D07B681B685B68C1
:100D300003F04003402B07D17B681B685A687B682F
:100D40001B6822F040025A600223FB60FB68013BF3
:100D5000FB60FB68002B10D17B6801225A727B6814
:100D6000DB6843F002027B68DA607B6800221A725B
:100D70007868F3F7BBFF01230DE07B681B685B68B5
:100D800003F00403042BE1D07B68DB6823F0080246
:100D90007B68DA60002318461037BD4680BD80B5F9
:100DA00084B000AF78607B68002B01D1012395E00F
:100DB0007B685B6A002B08D17B685B68B3F5827F38
:100DC00009D07B680022DA6105E07B6800221A61A5
:100DD0007B6800225A617B6800229A627B6893F8E4
:100DE0005D30DBB2002B06D17B68002283F85C20EB
:100DF0007868F7F775FA7B68022283F85D207B68D4
:100E00001B681A687B681B6822F040021A607B68C6
:100E1000DB68B3F5E06F02D90023FB6002E04FF41A
:100E20008053FB607B68DB68B3F5706F07D07B682D
:100E3000DB68B3F5E06F02D07B6800229A627B68C2
:100E40005B6803F482727B689B6803F404431A4373
:100E50007B681B6903F002031A437B685B6903F03C
:100E600001031A437B689B6903F400731A437B6890
:100E7000DB6903F038031A437B681B6A03F08003C5
:100E800042EA03017B689B6A03F400527B681B689B
:100E90000A431A607B689B691B0C03F004027B68A1
:100EA0005B6A03F010031A437B685B6B03F0080373
:100EB0001A437B68DB6803F4706342EA0301FB6852
:100EC00003F480527B681B680A435A607B680022E7
:100ED0001A667B68012283F85D20002318461037CC
:100EE000BD4680BD80B487B000AFF860B9601346DE
:100EF000FB800023FB75BB68002B02D0FB88002B16
:100F000002D10123FB756DE0FB6893F85D30DBB225
:100F1000012B02D00223FB7564E0FB6893F85C3080
:100F2000012B01D102235EE0FB68012283F85C20E3
:100F3000FB68032283F85D20FB6800221A66FB68C9
:100F4000BA689A63FB68FA889A87FB68FA88DA8736
:100F5000FB6800221A64FB680022A3F84420FB68A7
:100F60000022A3F84620FB680022DA64FB68DB68F5
:100F7000B3F5E06F03D9FB681E4A1A6502E0FB680F
:100F80001D4A1A65FB689B68B3F5004F0FD1FB68DB
:100F90001B681A68FB681B6822F040021A60FB6835
:100FA0001B681A68FB681B6842F480421A60FB6881
:100FB0001B681B6803F04003402B07D0FB681B68CD
:100FC0001A68FB681B6842F040021A60FB68002246
:100FD00083F85C20FB681B685A68FB681B6842F05A
:100FE000A0025A60FB7D18461C37BD465DF8047BA5
:100FF000704700BF811201083B12010880B588B01C
:1010000000AF78607B681B685B68FB617B681B686E
:101010009B68BB61BB699B0903F00103002B0FD1E7
:10102000BB6903F00103002B0AD0FB699B0903F0A5
:101030000103002B04D07B68DB6C78689847D7E00D
:10104000BB695B0803F00103002B0AD0FB69DB09D5
:1010500003F00103002B04D07B681B6D7868984770
:10106000C6E0BB695B0903F00103002B0CD1BB692F
:101070009B0903F00103002B06D1BB691B0A03F097
:101080000103002B00F0B480FB695B0903F001034E
:10109000002B00F0AD80BB699B0903F00103002B1E
:1010A00023D07B6893F85D30DBB2032B11D07B68D3
:1010B0001B6E43F004027B681A6600237B617B6829
:1010C0001B68DB687B617B681B689B687B617B6955
:1010D0000BE000233B617B681B68DB683B617B683E
:1010E0001B689B683B613B6982E0BB695B0903F05D
:1010F0000103002B14D07B681B6E43F001027B6858
:101100001A660023FB607B681B689B68FB607B683A
:101110001B681A687B681B6822F040021A60FB6833
:10112000BB691B0A03F00103002B0CD07B681B6E0C
:1011300043F008027B681A660023BB607B681B686B
:101140009B68BB60BB687B681B6E002B4FD07B68C5
:101150001B685A687B681B6822F0E0025A607B6853
:10116000012283F85D20FB6903F00203002B04D108
:10117000FB6903F00103002B34D07B681B685A68BD
:101180007B681B6822F003025A607B689B6D002B12
:1011900011D07B689B6D184A1A647B689B6D18465A
:1011A000F9F7F1F90346002B05D07B681B6E43F07D
:1011B00040027B681A667B685B6D002B16D07B68EB
:1011C0005B6D0D4A1A647B685B6D1846F9F7DBF9B5
:1011D0000346002B0AD07B681B6E43F040027B68FD
:1011E0001A6603E0786800F009F800E000BF00BF6D
:1011F0002037BD4680BD00BF1112010880B483B006
:1012000000AF786000BF0C37BD465DF8047B7047C7
:1012100080B584B000AF78607B689B6AFB60FB6838
:101220000022A3F84620FB680022DA87F868FFF75F
:10123000E5FF00BF1037BD4680BD80B582B000AF6E
:1012400078607B689A6B7B681B680C3312781A7025
:101250007B689B6B5A1C7B689A637B68DB8F9BB2B5
:10126000013B9AB27B68DA877B68DB8F9BB2002BED
:1012700002D1786800F08AF900BF0837BD4680BD0A
:1012800080B582B000AF78607B689B6B1A887B6802
:101290001B68DA607B689B6B9A1C7B689A637B682F
:1012A000DB8F9BB2013B9AB27B68DA877B68DB8F6E
:1012B0009BB2002B02D1786800F068F900BF0837B4
:1012C000BD4680BD80B588B000AFF860B9603B60B6
:1012D0001346FB71F7F7D8FB0246BB6A9B1A3A68C4
:1012E0001344FB61F7F7D0FBB861394B1B685B0116
:1012F0001B0DFA6902FB03F37B6154E03B68B3F119
:10130000FF3F50D0F7F7C0FB0246BB69D31AFA691A
:101310009A4202D9FB69002B3DD1FB681B685A68D1
:10132000FB681B6822F0E0025A60FB685B68B3F55B
:10133000827F11D1FB689B68B3F5004F04D0FB6836
:101340009B68B3F5806F07D1FB681B681A68FB6860
:101350001B6822F040021A60FB689B6AB3F5005FCD
:101360000FD1FB681B681A68FB681B6822F40052E7
:101370001A60FB681B681A68FB681B6842F400521D
:101380001A60FB68012283F85D20FB68002283F865
:101390005C20032317E07B69002B01D10023FB6154
:1013A0007B69013B7B61FB681B689A68BB681340E3
:1013B000BA689A420CBF01230023DBB21A46FB79BC
:1013C0009A429BD1002318462037BD4680BD00BFFE
:1013D000D801032080B58AB000AFF860B9607A60A8
:1013E0003B600023FB75F7F74FFB02463B6B9B1AF4
:1013F0003A6813447B62F7F747FB3862FB681B6867
:101400000C33FB613D4B1A6813469B001344DA0012
:10141000D31A1B0D7A6A02FB03F3BB6160E0BB6861
:10142000B3F5C06F07D17B68002B04D1FB691B7833
:10143000DBB2FB75FB7D3B68B3F1FF3F50D0F7F7A4
:1014400023FB02463B6AD31A7A6A9A4202D97B6A24
:10145000002B3DD1FB681B685A68FB681B6822F0B3
:10146000E0025A60FB685B68B3F5827F11D1FB68CC
:101470009B68B3F5004F04D0FB689B68B3F5806FA1
:1014800007D1FB681B681A68FB681B6822F04002E2
:101490001A60FB689B6AB3F5005F0FD1FB681B689D
:1014A0001A68FB681B6822F400521A60FB681B680C
:1014B0001A68FB681B6842F400521A60FB6801223C
:1014C00083F85D20FB68002283F85C20032310E092
:1014D000BB69002B01D100237B62BB69013BBB616F
:1014E000FB681B689A68BB6813407A689A4296D179
:1014F000002318462837BD4680BD00BFD801032011
:1015000080B586B002AFF860B9607A607B680093FE
:10151000BB6800224FF4C051F868FFF75BFF034639
:10152000002B07D0FB681B6E43F02002FB681A6695
:10153000032327E07B680093BB6800228021F868C2
:10154000FFF7C0FE0346002B07D0FB681B6E43F07D
:101550002002FB681A66032314E07B680093BB68D3
:1015600000224FF4C061F868FFF734FF0346002BF8
:1015700007D0FB681B6E43F02002FB681A6603234A
:1015800000E0002318461037BD4680BD80B584B00A
:1015900000AF7860F7F778FAF8607B681B685A68E4
:1015A0007B681B6822F0A0025A60FA6864217868A0
:1015B000FFF7A6FF0346002B05D07B681B6E43F0A8
:1015C00020027B681A667B689B68002B0AD1002387
:1015D000BB607B681B68DB68BB607B681B689B68C3
:1015E000BB60BB687B68012283F85D207B681B6E53
:1015F000002B03D07868FFF701FE02E07868F3F76C
:1016000029FB00BF1037BD4680BD80B582B000AF5A
:1016100078607B68002B01D1012349E07B6893F857
:101620003D30DBB2002B06D17B68002283F83C20E2
:101630007868F6F71FFF7B68022283F83D207B68FD
:101640001A687B6804331946104600F03DFA7B683F
:10165000012283F848207B68012283F83E207B68C2
:10166000012283F83F207B68012283F840207B68B9
:10167000012283F841207B68012283F842207B68A5
:10168000012283F843207B68012283F844207B6891
:10169000012283F845207B68012283F846207B687D
:1016A000012283F847207B68012283F83D20002334
:1016B00018460837BD4680BD80B485B000AF78605D
:1016C0007B6893F83D30DBB2012B01D0012347E06A
:1016D0007B68022283F83D207B681B68234A934283
:1016E0001DD07B681B68B3F1804F18D07B681B68E6
:1016F0001F4A934213D07B681B681E4A93420ED048
:101700007B681B681C4A934209D07B681B681B4A94
:10171000934204D07B681B68194A934215D17B68B9
:101720001B689A68174B1340FB60FB68062B15D0AB
:10173000FB68B3F5803F11D07B681B681A687B6833
:101740001B6842F001021A6008E07B681B681A6897
:101750007B681B6842F001021A6000E000BF0023B2
:1017600018461437BD465DF8047B7047002C0140D5
:101770000004004000080040000C0040003401401C
:10178000004001400700010080B485B000AF7860E0
:101790007B6893F83D30DBB2012B01D001234FE091
:1017A0007B68022283F83D207B681B68DA687B68CF
:1017B0001B6842F00102DA607B681B68234A93428F
:1017C0001DD07B681B68B3F1804F18D07B681B6805
:1017D0001F4A934213D07B681B681E4A93420ED067
:1017E0007B681B681C4A934209D07B681B681B4AB4
:1017F000934204D07B681B68194A934215D17B68D9
:101800001B689A68174B1340FB60FB68062B15D0CA
:10181000FB68B3F5803F11D07B681B681A687B6852
:101820001B6842F001021A6008E07B681B681A68B6
:101830007B681B6842F001021A6000E000BF0023D1
:1018400018461437BD465DF8047B7047002C0140F4
:101850000004004000080040000C0040003401403B
:10186000004001400700010080B584B000AF7860FF
:101870007B681B68DB68FB607B681B681B69BB605F
:10188000BB6803F00203002B20D0FB6803F00203C7
:10189000002B1BD07B681B686FF002021A617B680B
:1018A00001221A777B681B689B6903F00303002BF6
:1018B00003D0786800F0E9F805E0786800F0DBF81C
:1018C000786800F0ECF87B6800221A77BB6803F0B8
:1018D0000403002B20D0FB6803F00403002B1BD073
:1018E0007B681B686FF004021A617B6802221A771A
:1018F0007B681B689B6903F44073002B03D07868F6
:1019000000F0C3F805E0786800F0B5F8786800F0FA
:10191000C6F87B6800221A77BB6803F00803002B27
:1019200020D0FB6803F00803002B1BD07B681B68EA
:101930006FF008021A617B6804221A777B681B68C3
:10194000DB6903F00303002B03D0786800F09DF8F7
:1019500005E0786800F08FF8786800F0A0F87B6800
:1019600000221A77BB6803F01003002B20D0FB681D
:1019700003F01003002B1BD07B681B686FF0100274
:101980001A617B6808221A777B681B68DB6903F49D
:101990004073002B03D0786800F077F805E0786892
:1019A00000F069F8786800F07AF87B6800221A770E
:1019B000BB6803F00103002B0CD0FB6803F00103AC
:1019C000002B07D07B681B686FF001021A617868F2
:1019D000F0F702F8BB6803F08003002B04D1BB686A
:1019E00003F40053002B0CD0FB6803F08003002BA2
:1019F00007D07B681B686FF402521A61786800F0A8
:101A00009BF9BB6803F48073002B0CD0FB6803F0D8
:101A10008003002B07D07B681B686FF480721A610B
:101A2000786800F093F9BB6803F04003002B0CD0FA
:101A3000FB6803F04003002B07D07B681B686FF046
:101A400040021A61786800F034F8BB6803F02003A4
:101A5000002B0CD0FB6803F02003002B07D07B6821
:101A60001B686FF020021A61786800F05BF900BF14
:101A70001037BD4680BD80B483B000AF786000BF32
:101A80000C37BD465DF8047B704780B483B000AF6F
:101A9000786000BF0C37BD465DF8047B704780B4AA
:101AA00083B000AF786000BF0C37BD465DF8047BA3
:101AB000704780B483B000AF786000BF0C37BD467C
:101AC0005DF8047B7047000080B485B000AF78609B
:101AD00039607B681B68FB607B68464A934213D081
:101AE0007B68B3F1804F0FD07B68434A93420BD0A1
:101AF0007B68424A934207D07B68414A934203D0B5
:101B00007B68404A934208D1FB6823F07003FB6076
:101B10003B685B68FA681343FB607B68354A934215
:101B20001FD07B68B3F1804F1BD07B68324A934251
:101B300017D07B68314A934213D07B68304A934276
:101B40000FD07B682F4A93420BD07B682E4A93427A
:101B500007D07B682D4A934203D07B682C4A93427E
:101B600008D1FB6823F44073FB603B68DB68FA68CC
:101B70001343FB60FB6823F080023B685B691343FF
:101B8000FB607B68FA681A603B689A687B68DA6277
:101B90003B681A687B689A627B68164A93420FD04A
:101BA0007B68184A93420BD07B68174A934207D050
:101BB0007B68164A934203D07B68154A934203D14F
:101BC0003B681A697B681A637B6801225A617B68EB
:101BD0001B6903F00103012B05D17B681B6923F00E
:101BE00001027B681A6100BF1437BD465DF8047BB3
:101BF000704700BF002C0140000400400008004076
:101C0000000C00400034014000400140004401400D
:101C10000048014080B485B000AF786039607B68CF
:101C200093F83C30012B01D1022368E07B6801224C
:101C300083F83C207B68022283F83D207B681B6888
:101C40005B68FB607B681B689B68BB607B681B688C
:101C50002E4A934204D07B681B682D4A934208D1D8
:101C6000FB6823F47003FB603B685B68FA6813430E
:101C7000FB60FB6823F07003FB603B681B68FA683D
:101C80001343FB607B681B68FA685A607B681B68BB
:101C90001E4A93421DD07B681B68B3F1804F18D059
:101CA0007B681B681B4A934213D07B681B681A4AE7
:101CB00093420ED07B681B68184A934209D07B6818
:101CC0001B68134A934204D07B681B68144A9342F2
:101CD0000CD1BB6823F08003BB603B689B68BA688B
:101CE0001343BB607B681B68BA689A607B680122FB
:101CF00083F83D207B68002283F83C2000231846AF
:101D00001437BD465DF8047B704700BF002C0140CE
:101D1000003401400004004000080040000C004076
:101D20000040014080B483B000AF786000BF0C3742
:101D3000BD465DF8047B704780B483B000AF786027
:101D400000BF0C37BD465DF8047B704780B483B09C
:101D500000AF786000BF0C37BD465DF8047B70476C
:101D600080B582B000AF78607B68002B01D1012381
:101D700042E07B68D3F88830002B06D17B680022D4
:101D800083F884207868F6F709FA7B682422C3F880
:101D900088207B681B681A687B681B6822F0010238
:101DA0001A607B689B6A002B02D0786800F042FFC3
:101DB000786800F03FFC0346012B01D101231BE0B2
:101DC0007B681B685A687B681B6822F490425A60E3
:101DD0007B681B689A687B681B6822F02A029A60FD
:101DE0007B681B681A687B681B6842F001021A60F6
:101DF000786800F0C1FF034618460837BD4680BD2D
:101E000080B491B000AFF860B9601346FB80FB6806
:101E1000D3F88830202B78D1BB68002B02D0FB8808
:101E2000002B01D1012371E0FB68BA681A65FB68D9
:101E3000FA88A3F85420FB68FA88A3F85620FB68B8
:101E400000229A67FB680022C3F89020FB682122D9
:101E5000C3F88820FB685B6EB3F1005F2AD1FB6892
:101E60009B68B3F5805F07D1FB681B69002B03D12A
:101E7000FB68294A9A6702E0FB68284A9A67FB6870
:101E80001B680833BB62BB6A53E8003F7B627B6A16
:101E900043F40003BB63FB681B680833BA6B7A63C7
:101EA0003B63396B7A6B41E80023FB62FB6A002BD2
:101EB000E5D128E0FB689B68B3F5805F07D1FB683C
:101EC0001B69002B03D1FB68154A9A6702E0FB6887
:101ED000144A9A67FB681B687B617B6953E8003F83
:101EE0003B613B6943F08003FB63FB681B681A4658
:101EF000FB6B3B62FA61F9693A6A41E80023BB6116
:101F0000BB69002BE6D1002300E0022318464437CA
:101F1000BD465DF8047B70473F3501085F3401081A
:101F20009D330108E532010880B58AB000AFF86042
:101F3000B9601346FB80FB68D3F88C30202B37D177
:101F4000BB68002B02D0FB88002B01D1012330E0BD
:101F5000FB680022DA66FB681B68184A93421FD0B0
:101F6000FB681B685B6803F40003002B18D0FB6858
:101F70001B687B617B6953E8003F3B613B6943F031
:101F800080637B62FB681B681A467B6A3B62FA616E
:101F9000F9693A6A41E80023BB61BB69002BE6D1CD
:101FA000FB881A46B968F86800F0FEFF034600E0B7
:101FB000022318462837BD4680BD00BF0080004080
:101FC00080B5BAB000AF78607B681B68DB69C7F882
:101FD000E4307B681B681B68C7F8E0307B681B68CF
:101FE0009B68C7F8DC30D7F8E42040F60F031340B5
:101FF000C7F8D830D7F8D830002B1BD1D7F8E43049
:1020000003F02003002B15D0D7F8E03003F02003B5
:10201000002B05D1D7F8DC3003F08053002B09D01A
:102020007B685B6F002B00F0E3827B685B6F7868F6
:102030009847DDE2D7F8D830002B00F02381D7F89D
:10204000DC208D4B1340002B06D1D7F8E0208B4BC2
:102050001340002B00F01681D7F8E43003F00103A1
:10206000002B11D0D7F8E03003F48073002B0BD095
:102070007B681B6801221A627B68D3F8903043F0BA
:1020800001027B68C3F89020D7F8E43003F0020324
:10209000002B11D0D7F8DC3003F00103002B0BD05C
:1020A0007B681B6802221A627B68D3F8903043F089
:1020B00004027B68C3F89020D7F8E43003F00403EF
:1020C000002B11D0D7F8DC3003F00103002B0BD02C
:1020D0007B681B6804221A627B68D3F8903043F057
:1020E00002027B68C3F89020D7F8E43003F00803BD
:1020F000002B17D0D7F8E03003F02003002B05D1D8
:10210000D7F8DC205C4B1340002B0BD07B681B689E
:1021100008221A627B68D3F8903043F008027B688B
:10212000C3F89020D7F8E43003F40063002B12D0FA
:10213000D7F8E03003F08063002B0CD07B681B687D
:102140004FF400621A627B68D3F8903043F02002AB
:102150007B68C3F890207B68D3F89030002B00F0A8
:102160004982D7F8E43003F02003002B13D0D7F8CE
:10217000E03003F02003002B05D1D7F8DC3003F06A
:102180008053002B07D07B685B6F002B03D07B68EC
:102190005B6F786898477B68D3F89030C7F8D43085
:1021A0007B681B689B6803F04003402B05D0D7F881
:1021B000D43003F02803002B54D0786801F016F8CF
:1021C0007B681B689B6803F04003402B46D17B680B
:1021D0001B680833C7F89C30D7F89C3053E8003FA1
:1021E000C7F89830D7F8983023F04003C7F8D030BC
:1021F0007B681B680833D7F8D020C7F8A820C7F839
:10220000A430D7F8A410D7F8A82041E80023C7F8D5
:10221000A030D7F8A030002BD9D17B68D3F880301C
:10222000002B17D07B68D3F88030154A1A647B687E
:10223000D3F880301846F8F7A6F90346002B19D0DA
:102240007B68D3F880301B6C7A68D2F88020104607
:1022500098470FE0786800F0D7F90BE0786800F055
:10226000D3F907E0786800F0CFF97B680022C3F863
:102270009020BFE100BFBDE101000010200100047B
:10228000B93201087B68DB6E012B40F05381D7F82F
:10229000E43003F01003002B00F04C81D7F8E0305D
:1022A00003F01003002B00F045817B681B681022AF
:1022B0001A627B681B689B6803F04003402B40F068
:1022C000BB807B68D3F880301B685B68A7F8BE30A2
:1022D000B7F8BE30002B00F08F817B68B3F85C301C
:1022E000B7F8BE209A4280F087817B68B7F8BE209D
:1022F000A3F85E207B68D3F880301B681B6803F06E
:102300002003002B40F087807B681B68C7F888306B
:10231000D7F8883053E8003FC7F88430D7F88430C6
:1023200023F48073C7F8B8307B681B681A46D7F867
:10233000B830C7F89430C7F89020D7F89010D7F885
:10234000942041E80023C7F88C30D7F88C30002B5C
:10235000DAD17B681B6808337B677B6F53E8003FEB
:102360003B673B6F23F00103C7F8B4307B681B6801
:102370000833D7F8B420C7F88020FB67F96FD7F887
:10238000802041E80023BB67BB6F002BE1D17B6855
:102390001B6808333B663B6E53E8003FFB65FB6DF3
:1023A00023F04003C7F8B0307B681B680833D7F8C8
:1023B000B020FA66BB66B96EFA6E41E800237B6610
:1023C0007B6E002BE3D17B682022C3F88C207B68D6
:1023D0000022DA667B681B68FB64FB6C53E8003FF5
:1023E000BB64BB6C23F01003C7F8AC307B681B6880
:1023F0001A46D7F8AC30BB657A65796DBA6D41E89D
:1024000000233B653B6D002BE4D17B68D3F8803023
:102410001846F8F75CF87B6802221A677B68B3F805
:102420005C207B68B3F85E309BB2D31A9BB219462E
:10243000786800F0F3F8DFE07B68B3F85C207B6835
:10244000B3F85E309BB2D31AA7F8CE307B68B3F8EE
:102450005E309BB2002B00F0D180B7F8CE30002B5D
:1024600000F0CC807B681B68BB63BB6B53E8003F0C
:102470007B637B6B23F49073C7F8C8307B681B6861
:102480001A46D7F8C8307B643A64396C7A6C41E8F4
:102490000023FB63FB6B002BE4D17B681B680833D4
:1024A0007B627B6A53E8003F3B623B6A23F08053C8
:1024B00023F00103C7F8C4307B681B680833D7F8E2
:1024C000C4203A63FB62F96A3A6B41E80023BB62BD
:1024D000BB6A002BE1D17B682022C3F88C207B688B
:1024E0000022DA667B6800225A677B681B683B61C2
:1024F0003B6953E8003FFB60FB6823F01003C7F81B
:10250000C0307B681B681A46D7F8C030FB61BA61DF
:10251000B969FA6941E800237B617B69002BE4D14A
:102520007B6802221A67B7F8CE301946786800F047
:1025300075F863E0D7F8E43003F48013002B0ED075
:10254000D7F8DC3003F48003002B08D07B681B68CD
:102550004FF480121A62786801F0AEFD51E0D7F8AE
:10256000E43003F08003002B14D0D7F8E03003F000
:102570008003002B05D1D7F8DC3003F40003002BD7
:1025800008D07B689B6F002B3AD07B689B6F786884
:10259000984735E0D7F8E43003F04003002B09D02A
:1025A000D7F8E03003F04003002B03D0786801F047
:1025B0003BF826E0D7F8E43003F40003002B09D001
:1025C000D7F8E03003F08043002B03D0786801F0A7
:1025D00087FD16E0D7F8E43003F08073002B10D0AD
:1025E000D7F8E030002B0CDA786801F06FFD08E0D6
:1025F00000BF06E000BF04E000BF02E000BF00E053
:1026000000BFE837BD4680BD80B483B000AF7860BE
:1026100000BF0C37BD465DF8047B704780B483B0C3
:1026200000AF78600B467B8000BF0C37BD465DF87D
:10263000047B70472DE9B04F8CB000AF7861002368
:1026400087F82A307B699A687B691B691A437B6922
:102650005B691A437B69DB691343FB627B691B6817
:102660001A68AA4B13407A691268F96A0B4313601F
:102670007B691B685B6823F440517B69DA687B697E
:102680001B680A435A607B699B69FB627B691B6814
:102690009F4A934204D07B691B6AFA6A1343FB6228
:1026A0007B691B689B6823F06E4323F430637A696F
:1026B0001268F96A0B4393607B691B68DB6A23F03D
:1026C0000F017B695A6A7B691B680A43DA627B697E
:1026D0001B68904A934225D18F4BD3F8883003F082
:1026E0000303032B1AD801A252F823F0FD26010898
:1026F0000D2701080527010815270108012387F880
:102700002B3016E1022387F82B3012E1042387F8DF
:102710002B300EE1082387F82B300AE1102387F8CD
:102720002B3006E17B691B687C4A934238D17A4B97
:10273000D3F8883003F00C030C2B2DD801A252F8EB
:1027400023F000BF7927010899270108992701087C
:102750009927010889270108992701089927010865
:10276000992701088127010899270108992701085D
:102770009927010891270108002387F82B30D8E01A
:10278000022387F82B30D4E0042387F82B30D0E0E5
:10279000082387F82B30CCE0102387F82B30C8E0D3
:1027A0007B691B685E4A934225D15B4BD3F8883026
:1027B00003F03003302B16D0302B18D8202B0AD042
:1027C000202B14D8002B02D0102B08D00FE00023B0
:1027D00087F82B30ADE0022387F82B30A9E00423E3
:1027E00087F82B30A5E0082387F82B30A1E01023D1
:1027F00087F82B309DE07B691B684A4A934225D1BC
:10280000454BD3F8883003F0C003C02B16D0C02B43
:1028100018D8802B0AD0802B14D8002B02D0402B44
:1028200008D00FE0002387F82B3082E0022387F8DE
:102830002B307EE0042387F82B307AE0082387F8DA
:102840002B3076E0102387F82B3072E07B691B6811
:10285000354A93422AD1304BD3F8883003F4407381
:10286000B3F5407F1AD0B3F5407F1BD8B3F5007F96
:102870000CD0B3F5007F15D8002B03D0B3F5807FC3
:1028800008D00FE0002387F82B3052E0022387F8AE
:102890002B304EE0042387F82B304AE0082387F8DA
:1028A0002B3046E0102387F82B3042E07B691B6811
:1028B000174A93423AD1184BD3F8883003F4406357
:1028C000B3F5406F1AD0B3F5406F1BD8B3F5006F66
:1028D0000CD0B3F5006F15D8002B03D0B3F5806F83
:1028E00008D00FE0002387F82B3022E0022387F87E
:1028F0002B301EE0042387F82B301AE0082387F8DA
:102900002B3016E0102387F82B3012E0F369FFCF4D
:1029100000800040003801400010024000440040A8
:1029200000480040004C004000500040102387F851
:102930002B307B691B68B04A934240F09B8097F82C
:102940002B30082B27D801A252F823F07129010857
:102950007929010881290108972901088729010897
:102960009729010897290108972901088F2901084B
:10297000FDF780F9786214E0FDF790F9786210E0D5
:102980009E4B7B620DE0FDF7C3F8786209E04FF4DF
:1029900000437B6205E000237B62012387F82A3035
:1029A00000BF7B6A002B00F030817B695B6A944A30
:1029B00032F813301A467B6AB3FBF2F3BB617B69D2
:1029C0005A6813465B001344BA699A4205D37B697F
:1029D0005B681B03BA699A4203D9012387F82A303E
:1029E00013E17B6A0022BB60FA607B695B6A844A00
:1029F00032F813309BB200223B607A60D7E90023A3
:102A0000D7E90201EDF726FC02460B4610461946AF
:102A10004FF000024FF000030B0243EA1063020282
:102A200079694968490800200C46054612EB0408FC
:102A300043EB05097B695B6800229A469346524640
:102A40005B4640464946EDF705FC02460B461346F9
:102A50003B623B6AB3F5407F08D33B6AB3F5801F06
:102A600004D27B691B683A6ADA60CEE0012387F8FA
:102A70002A30CAE07B69DB69B3F5004F66D197F86D
:102A80002B30082B27D801A252F823F0B12A0108D5
:102A9000B92A0108C12A0108D72A0108C72A010852
:102AA000D72A0108D72A0108D72A0108CF2A010806
:102AB000FDF7E0F8786214E0FDF7F0F8786210E0D6
:102AC0004E4B7B620DE0FDF723F8786209E04FF48E
:102AD00000437B6205E000237B62012387F82A30F4
:102AE00000BF7B6A002B00F090807B695B6A444AE0
:102AF00032F813301A467B6AB3FBF2F35A007B6953
:102B00005B685B081A447B695B68B2FBF3F33B626A
:102B10003B6A0F2B16D93B6AB3F5803F12D23B6A52
:102B20009BB223F00F03FB833B6A5B089BB203F06D
:102B300007039AB2FB8B1343FB837B691B68FA8BF9
:102B4000DA6062E0012387F82A305EE097F82B30E4
:102B5000082B28D801A252F823F000BF812B0108CE
:102B6000892B0108912B0108A72B0108972B01083D
:102B7000A72B0108A72B0108A72B01089F2B0108F1
:102B8000FDF778F8786214E0FDF788F8786210E0D5
:102B90001A4B7B620DE0FCF7BBFF786209E04FF453
:102BA00000437B6205E000237B62012387F82A3023
:102BB00000BF7B6A002B28D07B695B6A104A32F821
:102BC00013301A467B6AB3FBF2F27B695B685B08E1
:102BD0001A447B695B68B2FBF3F33B623B6A0F2BE1
:102BE00010D93B6AB3F5803F0CD23B6A9AB27B693D
:102BF0001B68DA6009E000BF008000400024F40098
:102C000048F30108012387F82A307B690122A3F8E1
:102C10006A207B690122A3F868207B6900225A6739
:102C20007B6900229A6797F82A3018463037BD46EC
:102C3000BDE8B08F80B483B000AF78607B689B6ADA
:102C400003F00803002B0AD07B681B685B6823F441
:102C500000417B689A6B7B681B680A435A607B68FB
:102C60009B6A03F00103002B0AD07B681B685B683A
:102C700023F400317B68DA6A7B681B680A435A6078
:102C80007B689B6A03F00203002B0AD07B681B68F9
:102C90005B6823F480317B681A6B7B681B680A438E
:102CA0005A607B689B6A03F00403002B0AD07B68A0
:102CB0001B685B6823F480217B685A6B7B681B6808
:102CC0000A435A607B689B6A03F01003002B0AD00A
:102CD0007B681B689B6823F480517B68DA6B7B6898
:102CE0001B680A439A607B689B6A03F02003002BF1
:102CF0000AD07B681B689B6823F400517B681A6CC0
:102D00007B681B680A439A607B689B6A03F04003F8
:102D1000002B1AD07B681B685B6823F480117B68EA
:102D20005A6C7B681B680A435A607B685B6CB3F51E
:102D3000801F0AD17B681B685B6823F4C0017B6835
:102D40009A6C7B681B680A435A607B689B6A03F035
:102D50008003002B0AD07B681B685B6823F400218A
:102D60007B68DA6C7B681B680A435A6000BF0C37CB
:102D7000BD465DF8047B704780B598B002AF7860BF
:102D80007B680022C3F89020F5F77EFE78657B68AB
:102D90001B681B6803F00803082B2FD16FF07E43DC
:102DA00000937B6D00224FF40011786800F08EF8DC
:102DB0000346002B22D07B681B68BB63BB6B53E8C8
:102DC000003F7B637B6B23F080033B657B681B6864
:102DD0001A463B6D7B643A64396C7A6C41E8002397
:102DE000FB63FB6B002BE6D17B682022C3F88820B5
:102DF0007B68002283F88420032363E07B681B68E0
:102E00001B6803F00403042B49D16FF07E43009349
:102E10007B6D00224FF48001786800F057F803467C
:102E2000002B3CD07B681B687B627B6A53E8003FC9
:102E30003B623B6A23F49073FB647B681B681A4611
:102E4000FB6C3B63FA62F96A3A6B41E80023BB62B0
:102E5000BB6A002BE6D17B681B6808333B613B698A
:102E600053E8003FFB60FB6823F00103BB647B6811
:102E70001B680833BA6CFA61BB61B969FA6941E849
:102E800000237B617B69002BE5D17B682022C3F89E
:102E90008C207B68002283F88420032312E07B6867
:102EA0002022C3F888207B682022C3F88C207B680E
:102EB0000022DA667B6800221A677B68002283F8AA
:102EC0008420002318465837BD4680BD80B584B0A5
:102ED00000AFF860B9603B601346FB714FE0BB691F
:102EE000B3F1FF3F4BD0F5F7CFFD02463B68D31A55
:102EF000BA699A4202D3BB69002B01D103234EE089
:102F0000FB681B681B6803F00403002B37D0BB6809
:102F1000802B34D0BB68402B31D0FB681B68DB6949
:102F200003F00803082B10D1FB681B6808221A6203
:102F3000F86800F05BF9FB680822C3F89020FB6892
:102F4000002283F88420012329E0FB681B68DB69E9
:102F500003F40063B3F5006F11D1FB681B684FF4F5
:102F600000621A62F86800F041F9FB682022C3F899
:102F70009020FB68002283F8842003230FE0FB6885
:102F80001B68DA69BB681340BA689A420CBF012318
:102F90000023DBB21A46FB799A42A0D000231846E0
:102FA0001037BD4680BD000080B4A3B000AFF8600C
:102FB000B9601346FB80FB68BA689A65FB68FA88BB
:102FC000A3F85C20FB68FA88A3F85E20FB68002267
:102FD0005A67FB689B68B3F5805F0ED1FB681B697D
:102FE000002B05D1FB6840F2FF12A3F860202DE012
:102FF000FB68FF22A3F8602028E0FB689B68002B99
:103000000DD1FB681B69002B04D1FB68FF22A3F8DC
:1030100060201BE0FB687F22A3F8602016E0FB68BD
:103020009B68B3F1805F0DD1FB681B69002B04D155
:10303000FB687F22A3F8602008E0FB683F22A3F82A
:10304000602003E0FB680022A3F86020FB680022F8
:10305000C3F89020FB682222C3F88C20FB681B6811
:1030600008337B667B6E53E8003F3B663B6E43F064
:103070000103C7F88430FB681B680833D7F8842045
:103080003A67FB66F96E3A6F41E80023BB66BB6E98
:10309000002BE3D1FB685B6EB3F1005F4FD1FB689F
:1030A000B3F86830FA889A4249D3FB689B68B3F555
:1030B000805F07D1FB681B69002B03D1FB68474A7F
:1030C0005A6702E0FB68464A5A67FB681B69002B97
:1030D0001AD0FB681B683B653B6D53E8003FFB64FF
:1030E000FB6C43F48073C7F88030FB681B681A469A
:1030F000D7F88030FB65BA65B96DFA6D41E80023F9
:103100007B657B6D002BE4D1FB681B680833FB6398
:10311000FB6B53E8003FBB63BB6B43F08053FB6723
:10312000FB681B680833FA6FBA647B64796CBA6C0D
:1031300041E800233B643B6C002BE5D146E0FB6893
:103140009B68B3F5805F07D1FB681B69002B03D137
:10315000FB68244A5A6702E0FB68234A5A67FB6807
:103160001B69002B19D0FB681B68BB62BB6A53E864
:10317000003F7B627B6A43F490737B67FB681B684C
:103180001A467B6F7B633A63396B7A6B41E80023A5
:10319000FB62FB6A002BE6D118E0FB681B687B61D1
:1031A0007B6953E8003F3B613B6943F02003BB6709
:1031B000FB681B681A46BB6F3B62FA61F9693A6AA1
:1031C00041E80023BB61BB69002BE6D10023184610
:1031D0008C37BD465DF8047B704700BF513D010848
:1031E000F1390108393801088136010880B495B0F9
:1031F00000AF78607B681B687B637B6B53E8003FA4
:103200003B633B6B23F49073FB647B681B681A463B
:10321000FB6C3B64FA63F96B3A6C41E80023BB63D7
:10322000BB6B002BE6D17B681B6808333B623B6AB3
:1032300053E8003FFB61FB6923F0805323F0010357
:10324000BB647B681B680833BA6CFA62BB62B96AFC
:10325000FA6A41E800237B627B6A002BE3D17B683A
:10326000DB6E012B18D17B681B68FB60FB6853E8A1
:10327000003FBB60BB6823F010037B647B681B6866
:103280001A467B6CBB617A617969BA6941E80023AF
:103290003B613B69002BE6D17B682022C3F88C2080
:1032A0007B680022DA667B6800225A6700BF5437C9
:1032B000BD465DF8047B704780B584B000AF786090
:1032C0007B689B6AFB60FB680022A3F85E20FB68BA
:1032D0000022A3F85620F868FFF796F900BF1037D0
:1032E000BD4680BD80B48FB000AF78607B68D3F8F6
:1032F0008830212B4CD17B68B3F856309BB2002B21
:1033000032D17B681B683B623B6A53E8003FFB613C
:10331000FB6923F080037B637B681B681A467B6B29
:10332000FB62BA62B96AFA6A41E800237B627B6A8F
:10333000002BE6D17B681B68FB60FB6853E8003F0D
:10334000BB60BB6843F040033B637B681B681A4665
:103350003B6BBB617A617969BA6941E800233B61E3
:103360003B69002BE6D113E07B681B6D1A787B6804
:103370001B689A627B681B6D5A1C7B681A657B68A8
:10338000B3F856309BB2013B9AB27B68A3F8562043
:1033900000BF3C37BD465DF8047B704780B491B0F8
:1033A00000AF78607B68D3F88830212B51D17B68DF
:1033B000B3F856309BB2002B32D17B681B687B621E
:1033C0007B6A53E8003F3B623B6A23F08003BB63A8
:1033D0007B681B681A46BB6B3B63FA62F96A3A6BFF
:1033E00041E80023BB62BB6A002BE6D17B681B6807
:1033F0003B613B6953E8003FFB60FB6843F04003DF
:103400007B637B681B681A467B6BFB61BA61B96999
:10341000FA6941E800237B617B69002BE6D118E063
:103420007B681B6DFB63FB6B1B881A467B681B6804
:10343000C2F308029A627B681B6D9A1C7B681A654E
:103440007B68B3F856309BB2013B9AB27B68A3F815
:10345000562000BF4437BD465DF8047B704780B4FA
:1034600091B000AF78607B68D3F88830212B60D1B1
:103470007B68B3F86A30FB8757E07B68B3F8563057
:103480009BB2002B33D17B681B6808337B627B6A5D
:1034900053E8003F3B623B6A23F40003BB637B6855
:1034A0001B680833BA6B3A63FB62F96A3A6B41E80E
:1034B0000023BB62BB6A002BE5D17B681B683B61C4
:1034C0003B6953E8003FFB60FB6843F040037B63CC
:1034D0007B681B681A467B6BFB61BA61B969FA6944
:1034E00041E800237B617B69002BE6D121E07B680A
:1034F0001B68DB6903F08003002B13D07B681B6D16
:103500001A787B681B689A627B681B6D5A1C7B6803
:103510001A657B68B3F856309BB2013B9AB27B6860
:10352000A3F85620FB8F013BFB87FB8F002BA4D118
:10353000FFE700BF4437BD465DF8047B704780B4A9
:1035400091B000AF78607B68D3F88830212B65D1CB
:103550007B68B3F86A30FB875CE07B68B3F8563071
:103560009BB2002B33D17B681B6808333B623B6AFC
:1035700053E8003FFB61FB6923F400037B637B6836
:103580001B6808337A6BFA62BB62B96AFA6A41E86F
:1035900000237B627B6A002BE5D17B681B68FB60A4
:1035A000FB6853E8003FBB60BB6843F040033B63EC
:1035B0007B681B681A463B6BBB617A617969BA69A3
:1035C00041E800233B613B69002BE6D126E07B68A4
:1035D0001B68DB6903F08003002B18D07B681B6D30
:1035E000BB63BB6B1B881A467B681B68C2F308026F
:1035F0009A627B681B6D9A1C7B681A657B68B3F8BE
:1036000056309BB2013B9AB27B68A3F85620FB8FE1
:10361000013BFB87FB8F002B9FD1FFE700BF4437A7
:10362000BD465DF8047B704780B588B000AF786018
:103630007B681B68FB60FB6853E8003FBB60BB68AE
:1036400023F04003FB617B681B681A46FB69BB6182
:103650007A617969BA6941E800233B613B69002BD3
:10366000E6D17B682022C3F888207B6800229A6715
:103670007868EDF745FD00BF2037BD4680BD0000EE
:1036800080B59CB000AF78607B68B3F86030A7F875
:103690006E307B68D3F88C30222B40F0BE807B6884
:1036A0001B685B6AA7F86C30B7F86C30D9B2B7F812
:1036B0006E30DAB27B689B6D0A40D2B21A707B68BA
:1036C0009B6D5A1C7B689A657B68B3F85E309BB231
:1036D000013B9AB27B68A3F85E207B68B3F85E304A
:1036E0009BB2002B40F0A1807B681B68FB64FB6CE5
:1036F00053E8003FBB64BB6C23F49073BB667B68EC
:103700001B681A46BB6EBB657A65796DBA6D41E878
:1037100000233B653B6D002BE6D17B681B680833BB
:10372000BB63BB6B53E8003F7B637B6B23F0010300
:103730007B667B681B6808337A6E7A643B64396CFD
:103740007A6C41E80023FB63FB6B002BE5D17B68BF
:103750002022C3F88C207B6800225A677B680022F5
:103760001A677B681B68334A93421FD07B681B68CB
:103770005B6803F40003002B18D07B681B687B6236
:103780007B6A53E8003F3B623B6A23F080633B6601
:103790007B681B681A463B6E3B63FA62F96A3A6BB8
:1037A00041E80023BB62BB6A002BE6D17B68DB6E7D
:1037B000012B2ED17B680022DA667B681B683B6197
:1037C0003B6953E8003FFB60FB6823F01003FB6597
:1037D0007B681B681A46FB6DFB61BA61B969FA69BF
:1037E00041E800237B617B69002BE6D17B681B6885
:1037F000DB6903F01003102B03D17B681B681022D8
:103800001A627B68B3F85C3019467868FEF706FFE9
:103810000BE07868EDF796FC07E07B681B689A6917
:103820007B681B6842F008029A6100BF7037BD4692
:1038300080BD00BF0080004080B59CB000AF7860C4
:103840007B68B3F86030A7F86E307B68D3F88C30B3
:10385000222B40F0BE807B681B685B6AA7F86C3047
:103860007B689B6DBB66B7F86C20B7F86E30134071
:103870009AB2BB6E1A807B689B6D9A1C7B689A65B6
:103880007B68B3F85E309BB2013B9AB27B68A3F8C9
:103890005E207B68B3F85E309BB2002B40F0A180C5
:1038A0007B681B68BB64BB6C53E8003F7B647B6C2C
:1038B00023F490737B667B681B681A467B6E7B657E
:1038C0003A65396D7A6D41E80023FB64FB6C002B8F
:1038D000E6D17B681B6808337B637B6B53E8003F52
:1038E0003B633B6B23F001033B667B681B6808333B
:1038F0003A6E3A64FB63F96B3A6C41E80023BB63B0
:10390000BB6B002BE5D17B682022C3F88C207B6841
:1039100000225A677B6800221A677B681B68334A5B
:1039200093421FD07B681B685B6803F40003002B85
:1039300018D07B681B683B623B6A53E8003FFB6121
:10394000FB6923F08063FB657B681B681A46FB6D8F
:10395000FB62BA62B96AFA6A41E800237B627B6A59
:10396000002BE6D17B68DB6E012B2ED17B68002219
:10397000DA667B681B68FB60FB6853E8003FBB604E
:10398000BB6823F01003BB657B681B681A46BB6DE0
:10399000BB617A617969BA6941E800233B613B699F
:1039A000002BE6D17B681B68DB6903F01003102B4A
:1039B00003D17B681B6810221A627B68B3F85C3005
:1039C00019467868FEF72AFE0BE07868EDF7BAFB37
:1039D00007E07B681B689A697B681B6842F00802F5
:1039E0009A6100BF7037BD4680BD00BF00800040B7
:1039F00080B5ACB000AF78607B68B3F86030A7F8F2
:103A0000AA307B681B68DB69C7F8AC307B681B6831
:103A10001B68C7F8A4307B681B689B68C7F8A03098
:103A20007B68D3F88C30222B40F082817B68B3F81E
:103A30006830A7F89E3025E17B681B685B6AA7F8B1
:103A40009C30B7F89C30D9B2B7F8AA30DAB27B68AC
:103A50009B6D0A40D2B21A707B689B6D5A1C7B68C2
:103A60009A657B68B3F85E309BB2013B9AB27B6883
:103A7000A3F85E207B681B68DB69C7F8AC30D7F819
:103A8000AC3003F00703002B53D0D7F8AC3003F071
:103A90000103002B11D0D7F8A43003F48073002B5E
:103AA0000BD07B681B6801221A627B68D3F89030C8
:103AB00043F001027B68C3F89020D7F8AC3003F0E4
:103AC0000203002B11D0D7F8A03003F00103002B24
:103AD0000BD07B681B6802221A627B68D3F8903097
:103AE00043F004027B68C3F89020D7F8AC3003F0B1
:103AF0000403002B11D0D7F8A03003F00103002BF2
:103B00000BD07B681B6804221A627B68D3F8903064
:103B100043F002027B68C3F890207B68D3F89030B2
:103B2000002B06D07868FEF76FFD7B680022C3F893
:103B300090207B68B3F85E309BB2002B40F0A280EF
:103B40007B681B683B673B6F53E8003FFB66FB6E7F
:103B500023F48073C7F898307B681B681A46D7F83F
:103B60009830FB67BA67B96FFA6F41E800237B674B
:103B70007B6F002BE4D17B681B680833FB65FB6D12
:103B800053E8003FBB65BB6D23F0805323F0010376
:103B9000C7F894307B681B680833D7F89420BA665E
:103BA0007B66796EBA6E41E800233B663B6E002B64
:103BB000E1D17B682022C3F88C207B6800225A6701
:103BC0007B6800221A677B681B685F4A934221D09A
:103BD0007B681B685B6803F40003002B1AD07B68CA
:103BE0001B68BB64BB6C53E8003F7B647B6C23F0B9
:103BF0008063C7F890307B681B681A46D7F890300E
:103C00007B653A65396D7A6D41E80023FB64FB6C96
:103C1000002BE4D17B68DB6E012B30D17B68002266
:103C2000DA667B681B687B637B6B53E8003F3B6312
:103C30003B6B23F01003C7F88C307B681B681A4677
:103C4000D7F88C303B64FA63F96B3A6C41E8002397
:103C5000BB63BB6B002BE4D17B681B68DB6903F0A3
:103C60001003102B03D17B681B6810221A627B683B
:103C7000B3F85C3019467868FEF7D0FC02E078684B
:103C8000EDF760FAB7F89E30002B06D0D7F8AC30CD
:103C900003F02003002B7FF4CFAE7B68B3F85E30D7
:103CA000A7F88A30B7F88A30002B49D07B68B3F880
:103CB0006830B7F88A209A4242D27B681B68083382
:103CC0003B623B6A53E8003FFB61FB6923F0805392
:103CD000C7F884307B681B680833D7F88420FA6201
:103CE000BB62B96AFA6A41E800237B627B6A002BF7
:103CF000E3D17B68154A5A677B681B68FB60FB68E9
:103D000053E8003FBB60BB6843F02003C7F8803036
:103D10007B681B681A46D7F88030BB617A61796985
:103D2000BA6941E800233B613B69002BE4D107E01D
:103D30007B681B689A697B681B6842F008029A617D
:103D400000BFB037BD4680BD00800040813601080D
:103D500080B5AEB000AF78607B68B3F86030A7F88C
:103D6000B2307B681B68DB69C7F8B4307B681B68BE
:103D70001B68C7F8AC307B681B689B68C7F8A83025
:103D80007B68D3F88C30222B40F086817B68B3F8B7
:103D90006830A7F8A63029E17B681B685B6AA7F842
:103DA000A4307B689B6DC7F8A030B7F8A420B7F8A3
:103DB000B23013409AB2D7F8A0301A807B689B6D5E
:103DC0009A1C7B689A657B68B3F85E309BB2013BB6
:103DD0009AB27B68A3F85E207B681B68DB69C7F832
:103DE000B430D7F8B43003F00703002B53D0D7F822
:103DF000B43003F00103002B11D0D7F8AC3003F43A
:103E00008073002B0BD07B681B6801221A627B68D1
:103E1000D3F8903043F001027B68C3F89020D7F8C4
:103E2000B43003F00203002B11D0D7F8A83003F010
:103E30000103002B0BD07B681B6802221A627B688F
:103E4000D3F8903043F004027B68C3F89020D7F891
:103E5000B43003F00403002B11D0D7F8A83003F0DE
:103E60000103002B0BD07B681B6804221A627B685D
:103E7000D3F8903043F002027B68C3F890207B684F
:103E8000D3F89030002B06D07868FEF7BDFB7B6836
:103E90000022C3F890207B68B3F85E309BB2002B01
:103EA00040F0A4807B681B687B677B6F53E8003F12
:103EB0003B673B6F23F48073C7F89C307B681B68BB
:103EC0001A46D7F89C30C7F88030FA67F96FD7F8F0
:103ED000802041E80023BB67BB6F002BE2D17B68E9
:103EE0001B6808333B663B6E53E8003FFB65FB6D88
:103EF00023F0805323F00103C7F898307B681B68D8
:103F00000833D7F89820FA66BB66B96EFA6E41E8B6
:103F100000237B667B6E002BE1D17B682022C3F8F7
:103F20008C207B6800225A677B6800221A677B68B6
:103F30001B685F4A934221D07B681B685B6803F46F
:103F40000003002B1AD07B681B68FB64FB6C53E8F2
:103F5000003FBB64BB6C23F08063C7F894307B6880
:103F60001B681A46D7F89430BB657A65796DBA6DCF
:103F700041E800233B653B6D002BE4D17B68DB6EA1
:103F8000012B30D17B680022DA667B681B68BB633B
:103F9000BB6B53E8003F7B637B6B23F01003C7F8D8
:103FA00090307B681B681A46D7F890307B643A647F
:103FB000396C7A6C41E80023FB63FB6B002BE4D186
:103FC0007B681B68DB6903F01003102B03D17B684F
:103FD0001B6810221A627B68B3F85C301946786857
:103FE000FEF71CFB02E07868EDF7ACF8B7F8A630F6
:103FF000002B06D0D7F8B43003F02003002B7FF459
:10400000CBAE7B68B3F85E30A7F88E30B7F88E3051
:10401000002B49D07B68B3F86830B7F88E209A42FD
:1040200042D27B681B6808337B627B6A53E8003F9F
:104030003B623B6A23F08053C7F888307B681B687B
:104040000833D7F888203A63FB62F96A3A6B41E893
:104050000023BB62BB6A002BE3D17B68154A5A6719
:104060007B681B683B613B6953E8003FFB60FB6872
:1040700043F02003C7F884307B681B681A46D7F8E2
:104080008430FB61BA61B969FA6941E800237B6158
:104090007B69002BE4D107E07B681B689A697B6829
:1040A0001B6842F008029A6100BFB837BD4680BD68
:1040B000008000403938010880B483B000AF7860D8
:1040C00000BF0C37BD465DF8047B704780B483B0F9
:1040D00000AF786000BF0C37BD465DF8047B7047C9
:1040E00080B483B000AF786000BF0C37BD465DF888
:1040F000047B704780B485B000AF78607B6893F82C
:104100008430012B01D1022327E07B68012283F850
:1041100084207B682422C3F888207B681B681B6886
:10412000FB607B681B681A687B681B6822F00102D1
:104130001A60FB6823F00053FB607B6800225A661C
:104140007B681B68FA681A607B682022C3F88820A5
:104150007B68002283F88420002318461437BD466C
:104160005DF8047B704780B584B000AF786039603B
:104170007B6893F88430012B01D102232DE07B680A
:10418000012283F884207B682422C3F888207B687E
:104190001B681B68FB607B681B681A687B681B6870
:1041A00022F001021A607B681B689B6823F0604163
:1041B0007B681B683A680A439A60786800F050F898
:1041C0007B681B68FA681A607B682022C3F8882025
:1041D0007B68002283F88420002318461037BD46F0
:1041E00080BD80B584B000AF786039607B6893F89B
:1041F0008430012B01D102232DE07B68012283F85A
:1042000084207B682422C3F888207B681B681B6895
:10421000FB607B681B681A687B681B6822F00102E0
:104220001A607B681B689B6823F060617B681B6871
:104230003A680A439A60786800F012F87B681B6855
:10424000FA681A607B682022C3F888207B68002205
:1042500083F88420002318461037BD4680BD000037
:1042600080B485B000AF78607B685B6E002B08D1AE
:104270007B680122A3F86A207B680122A3F86820EA
:1042800031E00823FB730823BB737B681B689B68C2
:104290005B0EDBB203F007037B737B681B689B68D4
:1042A0005B0FDBB203F007033B73BB7B3A7B114927
:1042B0008A5C02FB03F33A7B0F498A5C93FBF2F3BF
:1042C0009AB27B68A3F86A20FB7B7A7B09498A5CF7
:1042D00002FB03F37A7B08498A5C93FBF2F39AB200
:1042E0007B68A3F8682000BF1437BD465DF8047BE7
:1042F000704700BF60F3010868F3010880B485B01F
:1043000000AF78604BF68073FB607B68B3F8403099
:104310009AB2FB689BB2DB439BB213409AB27B68B4
:10432000A3F84020002318461437BD465DF8047BEF
:10433000704780B485B000AFF8603B1D83E806008D
:10434000FB680122A3F84020FB680022A3F840206C
:10435000FB680022A3F84420FB680022A3F8502049
:10436000002318461437BD465DF8047B70470000F3
:1043700080B49DB000AF78603960002387F86F305B
:104380007A683B681B789B0013441B889BB223F41C
:10439000EC4323F07003A7F86C303B68DB78032B09
:1043A0001FD801A252F823F0B9430108D5430108F0
:1043B000EB430108C7430108B7F86C3043F40073BE
:1043C000A7F86C3012E0B7F86C3043F4C063A7F87C
:1043D0006C300BE0B7F86C3043F48063A7F86C30B6
:1043E00004E0012387F86F3000E000BF7A683B6883
:1043F0001B789B001A44B7F86C3043F07F4343F4BA
:104400007F0343F4004343F080039BB213807A6838
:104410003B681B789B0013441B889BB21BB223F4A0
:10442000E04323F070031AB23B681B781BB21343BE
:104430001BB2A7F866307A683B681B789B001A4469
:10444000B7F8663043F07F4343F47F0343F40043FF
:1044500043F080039BB213803B681B7B002B40F032
:1044600078813B685B78002B00F084807B68BB61BF
:104470007B68B3F850309BB21A46BB691344BB61EA
:104480003B681B78DA00BB69134403F580637B61EA
:104490003B68DB885B089BB25B009AB27B691A8041
:1044A0007A683B681B789B0013441B887B827B8A5D
:1044B00003F04003002B1BD07A683B681B789B00FD
:1044C00013441B889BB223F4E04323F070033B8228
:1044D0007A683B681B789B001A443B8A43F07F4311
:1044E00043F47F0343F4004343F0C0039BB21380C3
:1044F0003B68DB78012B20D07A683B681B789B00F7
:1045000013441B889BB223F4E04323F04003BB8198
:10451000BB8983F02003BB817A683B681B789B00D2
:104520001A44BB8943F07F4343F47F0343F40043C1
:1045300043F080039BB21380D5E27A683B681B7816
:104540009B0013441B889BB223F4E04323F04003F9
:10455000FB817A683B681B789B001A44FB8943F017
:104560007F4343F47F0343F4004343F080039BB253
:104570001380B8E27B683B637B68B3F850309BB232
:104580001A463B6B13443B633B681B78DA003B6B7A
:10459000134403F20443FB623B68DB885B089BB275
:1045A0005B009AB2FB6A1A807B68BB627B68B3F8D7
:1045B00050309BB21A46BB6A1344BB623B681B78FF
:1045C000DA00BB6A134403F206437B627B6A1B88F2
:1045D0009BB2C3F309039AB27B6A1A803B681B69DA
:1045E000002B0AD17B6A1B889BB26FEA43436FEAB8
:1045F00053439AB27B6A1A8039E03B681B693E2BB1
:1046000018D83B681B695B08BB663B681B6903F0F5
:104610000103002B02D0BB6E0133BB667B6A1B8893
:104620009AB2BB6E9BB29B029BB213439AB27B6A57
:104630001A801CE03B681B695B09BB663B681B6911
:1046400003F01F03002B02D1BB6E013BBB667B6AEC
:104650001B889AB2BB6E9BB29B029BB213439BB268
:104660006FEA43436FEA53439AB27B6A1A807A68CF
:104670003B681B789B0013441B887B847B8C03F472
:104680008043002B1BD07A683B681B789B00134447
:104690001B889BB223F4E04323F070033B847A68C9
:1046A0003B681B789B001A443B8C43F07F4343F4E8
:1046B0007F0343F4404343F080039BB213803B6885
:1046C0001B78002B24D17A683B681B789B0013442D
:1046D0001B889BB223F4804323F07003BB83BB8B06
:1046E00083F48053BB83BB8B83F40053BB837A6812
:1046F0003B681B789B001A44BB8B43F07F4343F419
:104700007F0343F4004343F080039BB21380EAE14C
:104710007A683B681B789B0013441B889BB223F488
:10472000804323F07003FB83FB8B83F40053FB83F4
:104730007A683B681B789B001A44FB8B43F07F43ED
:1047400043F47F0343F4004343F080039BB21380A0
:10475000C9E13B68DB78022B1ED17A683B681B7885
:104760009B0013441B889BB223F4E04323F07003A7
:10477000A7F862307A683B681B789B001A44B7F848
:10478000623043F07F4343F47F0343F4014343F03B
:1047900080039BB213801DE07A683B681B789B0006
:1047A00013441B889BB223F4E24323F07003A7F861
:1047B00064307A683B681B789B001A44B7F8643011
:1047C00043F07F4343F47F0343F4004343F080030B
:1047D0009BB213807B68FB657B68B3F850309BB25B
:1047E0001A46FB6D1344FB653B681B78DA00FB6DD2
:1047F000134403F58063BB653B681B895B089BB270
:104800005B009AB2BB6D1A807B687B657B68B3F8EE
:1048100050309BB21A467B6D13447B653B681B7816
:10482000DA007B6D134403F204433B653B685B890C
:104830005B089BB25B009AB23B6D1A803B685B7869
:10484000002B40F093807A683B681B789B001344F0
:104850001B88A7F84030B7F8403003F48043002BA2
:104860001BD07A683B681B789B0013441B889BB263
:1048700023F4E04323F07003FB877A683B681B78DE
:104880009B001A44FB8F43F07F4343F47F0343F4C0
:10489000404343F080039BB213807A683B681B78E7
:1048A0009B0013441B88BB87BB8F03F04003002B86
:1048B0001BD07A683B681B789B0013441B889BB213
:1048C00023F4E04323F070037B877A683B681B780E
:1048D0009B001A447B8F43F07F4343F47F0343F4F0
:1048E000004343F0C0039BB213807A683B681B7897
:1048F0009B0013441B889BB223F4804323F0700376
:104900003B873B8F83F480533B873B8F83F400537B
:104910003B877A683B681B789B001A443B8F43F0C7
:104920007F4343F47F0343F4004343F080039BB28F
:1049300013807A683B681B789B0013441B889BB2EA
:1049400023F4E04323F04003FB867A683B681B783E
:104950009B001A44FB8E43F07F4343F47F0343F4F0
:10496000004343F080039BB21380BCE07A683B684D
:104970001B789B0013441B88A7F84E30B7F84E30C5
:1049800003F48043002B1DD07A683B681B789B00A2
:1049900013441B889BB223F4E04323F07003A7F871
:1049A0004C307A683B681B789B001A44B7F84C304F
:1049B00043F07F4343F47F0343F4404343F08003D9
:1049C0009BB213807A683B681B789B0013441B885A
:1049D000A7F84A30B7F84A3003F04003002B1DD047
:1049E0007A683B681B789B0013441B889BB223F4B6
:1049F000E04323F07003A7F848307A683B681B78DF
:104A00009B001A44B7F8483043F07F4343F47F03D8
:104A100043F4004343F0C0039BB213803B68DB7850
:104A2000012B24D07A683B681B789B0013441B88B9
:104A30009BB223F4E04323F04003A7F84430B7F8D7
:104A4000443083F02003A7F844307A683B681B7831
:104A50009B001A44B7F8443043F07F4343F47F038C
:104A600043F4004343F080039BB213801DE07A6857
:104A70003B681B789B0013441B889BB223F4E043E4
:104A800023F04003A7F846307A683B681B789B0008
:104A90001A44B7F8463043F07F4343F47F0343F4AE
:104AA000004343F080039BB213807A683B681B7815
:104AB0009B0013441B889BB223F4804323F07003B4
:104AC000A7F842307A683B681B789B001A44B7F815
:104AD000423043F07F4343F47F0343F4004343F009
:104AE00080039BB2138097F86F3018467437BD4629
:104AF0005DF8047B704700BF80B5C2B000AF07F51A
:104B00008473A3F58273186007F58473A3F5847327
:104B1000196007F58473A3F584731B685B78012B18
:104B200040F0B78607F58473A3F584731B689A6910
:104B300007F58473A3F584731B681B699A4208D92F
:104B400007F58473A3F584731B681B69C7F80431E8
:104B500007E007F58473A3F584731B689B69C7F8A6
:104B6000043107F58473A3F584731B681B7B002B4A
:104B70003AD107F58473A3F584731B68596907F567
:104B80008473A3F584731B68DA88D7F804319BB269
:104B900007F58470A0F58270006801F082FC07F5CB
:104BA0008473A3F582731B683B6107F58473A3F5D7
:104BB00082731B68B3F850309BB21A463B691344AA
:104BC0003B6107F58473A3F584731B681B78DA00D7
:104BD0003B69134403F20243FB60D7F804319AB2F5
:104BE000FB681A8000F01FBE07F58473A3F5847379
:104BF0001B68DB78022B40F0628407F58473A3F511
:104C000084731B681A6A07F58473A3F584731B68A1
:104C10001B699A4240F2DF8307F58473A3F5827320
:104C20001A6807F58473A3F584731B681B789B00CF
:104C300013441B889BB223F4E04323F07003A7F8CE
:104C4000563007F58473A3F582731A6807F58473E9
:104C5000A3F584731B681B789B001A44B7F8563081
:104C600043F07F4343F47F0343F4014343F0800365
:104C70009BB2138007F58473A3F584731B681A6ACB
:104C8000D7F80431D21A07F58473A3F584731B682F
:104C90001A6207F58473A3F582731A6807F58473A3
:104CA000A3F584731B681B789B0013441B889BB27D
:104CB00003F04003002B00F0C78107F58473A3F5D0
:104CC00082731B683B6307F58473A3F584731B68C9
:104CD0005B78002B77D107F58473A3F582731B688B
:104CE000BB6207F58473A3F582731B68B3F8503079
:104CF0009BB21A46BB6A1344BB6207F58473A3F5E3
:104D000084731B681B78DA00BB6A134403F2064302
:104D10007B627B6A1B889BB2C3F309039AB27B6AEE
:104D20001A80D7F80431002B0AD17B6A1B889BB20A
:104D30006FEA43436FEA53439AB27B6A1A8067E093
:104D4000D7F804313E2B1CD8D7F804315B08C7F8DC
:104D50000031D7F8043103F00103002B04D0D7F859
:104D600000310133C7F800317B6A1B889AB2D7F84B
:104D700000319BB29B029BB213439AB27B6A1A80AA
:104D800046E0D7F804315B09C7F80031D7F80431A1
:104D900003F01F03002B04D1D7F80031013BC7F803
:104DA00000317B6A1B889AB2D7F800319BB29B0214
:104DB0009BB213439BB26FEA43436FEA53439AB2E9
:104DC0007B6A1A8024E007F58473A3F584731B685B
:104DD0005B78012B1CD107F58473A3F582731B68E4
:104DE000B3F850309BB21A463B6B13443B6307F554
:104DF0008473A3F584731B681B78DA003B6B134440
:104E000003F20643FB62D7F804319AB2FB6A1A80B8
:104E100007F58473A3F584731B685B89A7F8763064
:104E200007F58473A3F584731B685969D7F80431B7
:104E30009BB2B7F8762007F58470A0F58270006801
:104E400001F02FFB07F58473A3F584731B685A697F
:104E5000D7F804311A4407F58473A3F584731B68EB
:104E60005A6107F58473A3F584731B681A6A07F502
:104E70008473A3F584731B681B699A420FD907F5E5
:104E80008473A3F584731B681A6AD7F80431D21AA5
:104E900007F58473A3F584731B681A620EE007F5A7
:104EA0008473A3F584731B681B6AC7F8043107F584
:104EB0008473A3F584731B6800221A6207F5847358
:104EC000A3F584731B685B78002B77D107F5847397
:104ED000A3F582731B68BB6107F58473A3F5827326
:104EE0001B68B3F850309BB21A46BB691344BB61D0
:104EF00007F58473A3F584731B681B78DA00BB691C
:104F0000134403F202437B617B691B889BB2C3F3AA
:104F100009039AB27B691A80D7F80431002B0AD1B1
:104F20007B691B889BB26FEA43436FEA53439AB293
:104F30007B691A806DE0D7F804313E2B1CD8D7F876
:104F400004315B08C7F8FC30D7F8043103F00103E3
:104F5000002B04D0D7F8FC300133C7F8FC307B6954
:104F60001B889AB2D7F8FC309BB29B029BB21343CA
:104F70009AB27B691A804CE0D7F804315B09C7F814
:104F8000FC30D7F8043103F01F03002B04D1D7F80D
:104F9000FC30013BC7F8FC307B691B889AB2D7F81C
:104FA000FC309BB29B029BB213439BB26FEA43431C
:104FB0006FEA53439AB27B691A802AE007F584733B
:104FC000A3F584731B685B78012B22D107F58473EA
:104FD000A3F582731B683B6207F58473A3F58273A4
:104FE0001B68B3F850309BB21A463B6A13443B62CD
:104FF00007F58473A3F584731B681B78DA003B6A9A
:10500000134403F20243FB61D7F804319AB2FB69FF
:105010001A8007F58473A3F584731B681B89A7F8AE
:10502000763007F58473A3F584731B685969D7F844
:1050300004319BB2B7F8762007F58470A0F5827032
:10504000006801F02EFAEEE307F58473A3F584738C
:105050001B685B78002B77D107F58473A3F5827307
:105060001B68BB6407F58473A3F582731B68B3F8F0
:1050700050309BB21A46BB6C1344BB6407F5847373
:10508000A3F584731B681B78DA00BB6C134403F22E
:1050900002437B647B6C1B889BB2C3F309039AB207
:1050A0007B6C1A80D7F80431002B0AD17B6C1B88EB
:1050B0009BB26FEA43436FEA53439AB27B6C1A8008
:1050C0006DE0D7F804313E2B1CD8D7F804315B08CB
:1050D000C7F8F830D7F8043103F00103002B04D0EF
:1050E000D7F8F8300133C7F8F8307B6C1B889AB2D8
:1050F000D7F8F8309BB29B029BB213439AB27B6CF9
:105100001A804CE0D7F804315B09C7F8F830D7F8BB
:10511000043103F01F03002B04D1D7F8F830013B12
:10512000C7F8F8307B6C1B889AB2D7F8F8309BB27E
:105130009B029BB213439BB26FEA43436FEA534314
:105140009AB27B6C1A802AE007F58473A3F5847306
:105150001B685B78012B22D107F58473A3F582735A
:105160001B683B6507F58473A3F582731B68B3F86E
:1051700050309BB21A463B6D13443B6507F5847370
:10518000A3F584731B681B78DA003B6D134403F2AC
:105190000243FB64D7F804319AB2FB6C1A8007F51E
:1051A0008473A3F584731B681B89A7F8763007F511
:1051B0008473A3F584731B685969D7F804319BB2D3
:1051C000B7F8762007F58470A0F58270006801F0CA
:1051D00068F907F58473A3F584731B685A69D7F8D7
:1051E00004311A4407F58473A3F584731B685A616C
:1051F00007F58473A3F584731B681A6A07F5847333
:10520000A3F584731B681B699A420FD907F5847351
:10521000A3F584731B681A6AD7F80431D21A07F50C
:105220008473A3F584731B681A620EE007F5847318
:10523000A3F584731B681B6AC7F8043107F58473F0
:10524000A3F584731B6800221A6207F58473A3F523
:1052500082731B683B6407F58473A3F584731B6832
:105260005B78002B77D107F58473A3F582731B68F5
:10527000BB6307F58473A3F582731B68B3F85030E2
:105280009BB21A46BB6B1344BB6307F58473A3F54B
:1052900084731B681B78DA00BB6B134403F206436C
:1052A0007B637B6B1B889BB2C3F309039AB27B6B56
:1052B0001A80D7F80431002B0AD17B6B1B889BB274
:1052C0006FEA43436FEA53439AB27B6B1A8067E0FD
:1052D000D7F804313E2B1CD8D7F804315B08C7F847
:1052E000F430D7F8043103F00103002B04D0D7F8D1
:1052F000F4300133C7F8F4307B6B1B889AB2D7F8CF
:10530000F4309BB29B029BB213439AB27B6B1A8020
:1053100046E0D7F804315B09C7F8F430D7F8043118
:1053200003F01F03002B04D1D7F8F430013BC7F87A
:10533000F4307B6B1B889AB2D7F8F4309BB29B0297
:105340009BB213439BB26FEA43436FEA53439AB253
:105350007B6B1A8024E007F58473A3F584731B68C4
:105360005B78012B1CD107F58473A3F582731B684E
:10537000B3F850309BB21A463B6C13443B6407F5BC
:105380008473A3F584731B681B78DA003B6C1344A9
:1053900003F20643FB63D7F804319AB2FB6B1A8021
:1053A00007F58473A3F584731B685B89A7F87630CF
:1053B00007F58473A3F584731B685969D7F8043122
:1053C0009BB2B7F8762007F58470A0F5827000686C
:1053D00001F067F827E207F58473A3F584731B686F
:1053E0001B6AC7F8043107F58473A3F582731A6842
:1053F00007F58473A3F584731B681B789B00134423
:105400001B889BB223F4E24323F07003A7F86230B9
:1054100007F58473A3F582731A6807F58473A3F5FF
:1054200084731B681B789B001A44B7F8623043F002
:105430007F4343F47F0343F4004343F080039BB274
:10544000138007F58473A3F582731B68FB6507F56A
:105450008473A3F582731B68B3F850309BB21A466D
:10546000FB6D1344FB6507F58473A3F584731B6818
:105470001B78DA00FB6D134403F20243BB65D7F8D7
:1054800004319AB2BB6D1A8007F58473A3F5847357
:105490001B681B89A7F8763007F58473A3F584731E
:1054A0001B685969D7F804319BB2B7F8762007F525
:1054B0008470A0F58270006800F0F3FFB3E107F597
:1054C0008473A3F584731B681A6AD7F80431D21A5F
:1054D00007F58473A3F584731B681A6207F5847358
:1054E000A3F582731A6807F58473A3F584731B68A8
:1054F0001B789B0013441B889BB203F04003002BD6
:1055000000F0C68007F58473A3F582731B683B67C0
:1055100007F58473A3F584731B685B78002B77D140
:1055200007F58473A3F582731B68BB6607F5847364
:10553000A3F582731B68B3F850309BB21A46BB6E5A
:105540001344BB6607F58473A3F584731B681B784B
:10555000DA00BB6E134403F206437B667B6E1B8846
:105560009BB2C3F309039AB27B6E1A80D7F8043159
:10557000002B0AD17B6E1B889BB26FEA43436FEA14
:1055800053439AB27B6E1A8067E0D7F804313E2B02
:105590001CD8D7F804315B08C7F8F030D7F80431CD
:1055A00003F00103002B04D0D7F8F0300133C7F823
:1055B000F0307B6E1B889AB2D7F8F0309BB29B021A
:1055C0009BB213439AB27B6E1A8046E0D7F804313F
:1055D0005B09C7F8F030D7F8043103F01F03002B44
:1055E00004D1D7F8F030013BC7F8F0307B6E1B8850
:1055F0009AB2D7F8F0309BB29B029BB213439BB296
:105600006FEA43436FEA53439AB27B6E1A8024E0F9
:1056100007F58473A3F584731B685B78012B1CD199
:1056200007F58473A3F582731B68B3F850309BB2FF
:105630001A463B6F13443B6707F58473A3F58473E5
:105640001B681B78DA003B6F134403F20643FB66CA
:10565000D7F804319AB2FB6E1A8007F58473A3F56C
:1056600084731B685B89A7F8763007F58473A3F50C
:1056700084731B685969D7F804319BB2B7F8762058
:1056800007F58470A0F58270006800F00AFFCAE098
:1056900007F58473A3F584731B685B78002B77D1BF
:1056A00007F58473A3F582731B68FB6707F58473A2
:1056B000A3F582731B68B3F850309BB21A46FB6F98
:1056C0001344FB6707F58473A3F584731B681B7889
:1056D000DA00FB6F134403F20243BB67BB6F1B8806
:1056E0009BB2C3F309039AB2BB6F1A80D7F8043197
:1056F000002B0AD1BB6F1B889BB26FEA43436FEA52
:1057000053439AB2BB6F1A8073E0D7F804313E2B33
:105710001CD8D7F804315B08C7F8EC30D7F804314F
:1057200003F00103002B04D0D7F8EC300133C7F8A5
:10573000EC30BB6F1B889AB2D7F8EC309BB29B025F
:105740009BB213439AB2BB6F1A8052E0D7F8043170
:105750005B09C7F8EC30D7F8043103F01F03002BC6
:1057600004D1D7F8EC30013BC7F8EC30BB6F1B8895
:105770009AB2D7F8EC309BB29B029BB213439BB218
:105780006FEA43436FEA53439AB2BB6F1A8030E02B
:1057900007F58473A3F584731B685B78012B28D10C
:1057A00007F58473A3F582731B68C7F8843007F587
:1057B0008473A3F582731B68B3F850309BB21A460A
:1057C000D7F884301344C7F8843007F58473A3F501
:1057D00084731B681B78DA00D7F88430134403F213
:1057E0000243C7F88030D7F804319AB2D7F8803036
:1057F0001A8007F58473A3F584731B681B89A7F8C7
:10580000763007F58473A3F584731B685969D7F85C
:1058100004319BB2B7F8762007F58470A0F582704A
:10582000006800F03EFE07F58473A3F582731A68E2
:1058300007F58473A3F584731B681B789B001344DE
:105840001B889BB223F4E04323F040037B817B89D8
:1058500083F010037B817B8983F020037B8107F534
:105860008473A3F582731A6807F58473A3F58473B0
:105870001B681B789B001A447B8943F07F4343F4E9
:105880007F0343F4004343F080039BB2138000F096
:10589000DFBC07F58473A3F584731B681B7B002BA7
:1058A00040F0BC8007F58473A3F584731B689A6984
:1058B00007F58473A3F584731B681B699A4217D993
:1058C00007F58473A3F584731B681B69C7F804315B
:1058D00007F58473A3F584731B689A69D7F80431BC
:1058E000D21A07F58473A3F584731B689A610EE0DE
:1058F00007F58473A3F584731B689B69C7F80431AB
:1059000007F58473A3F584731B6800229A6107F579
:105910008473A3F582731B68C7F8903007F584730E
:10592000A3F582731B68B3F850309BB21A46D7F8C0
:1059300090301344C7F8903007F58473A3F584734F
:105940001B681B78DA00D7F89030134403F2064343
:10595000C7F88C30D7F88C301B889BB2C3F309038F
:105960009AB2D7F88C301A80D7F80431002B0DD1B9
:10597000D7F88C301B889BB26FEA43436FEA5343DE
:105980009AB2D7F88C301A8000F028BCD7F80431CE
:105990003E2B1FD8D7F804315B08C7F8E830D7F89A
:1059A000043103F00103002B04D0D7F8E8300133B1
:1059B000C7F8E830D7F88C301B889AB2D7F8E830AF
:1059C0009BB29B029BB213439AB2D7F88C301A80D9
:1059D00000F004BCD7F804315B09C7F8E830D7F809
:1059E000043103F01F03002B04D1D7F8E830013B4A
:1059F000C7F8E830D7F88C301B889AB2D7F8E8306F
:105A00009BB29B029BB213439BB26FEA43436FEA84
:105A100053439AB2D7F88C301A80DFE307F58473CA
:105A2000A3F584731B68DB78022B40F0188207F51E
:105A30008473A3F584731B685B78002B40F09D8012
:105A400007F58473A3F582731B68C7F8AC3007F5BC
:105A50008473A3F582731B68B3F850309BB21A4667
:105A6000D7F8AC301344C7F8AC3007F58473A3F50E
:105A700084731B681B78DA00D7F8AC30134403F248
:105A80000243C7F8A830D7F8A8301B889BB2C3F3ED
:105A900009039AB2D7F8A8301A8007F58473A3F5E2
:105AA00084731B681B69002B0CD1D7F8A8301B88A6
:105AB0009BB26FEA43436FEA53439AB2D7F8A830D8
:105AC0001A808FE007F58473A3F584731B681B6944
:105AD0003E2B26D807F58473A3F584731B681B69D6
:105AE0005B08C7F8E43007F58473A3F584731B687B
:105AF0001B6903F00103002B04D0D7F8E430013315
:105B0000C7F8E430D7F8A8301B889AB2D7F8E43049
:105B10009BB29B029BB213439AB2D7F8A8301A806B
:105B200060E007F58473A3F584731B681B695B0948
:105B3000C7F8E43007F58473A3F584731B681B6909
:105B400003F01F03002B04D1D7F8E430013BC7F862
:105B5000E430D7F8A8301B889AB2D7F8E4309BB26B
:105B60009B029BB213439BB26FEA43436FEA5343DA
:105B70009AB2D7F8A8301A8034E007F58473A3F5F9
:105B800084731B685B78012B2CD107F58473A3F514
:105B900082731B68C7F8B43007F58473A3F582736A
:105BA0001B68B3F850309BB21A46D7F8B430134490
:105BB000C7F8B43007F58473A3F584731B681B78AA
:105BC000DA00D7F8B430134403F20243C7F8B03018
:105BD00007F58473A3F584731B681B699AB2D7F821
:105BE000B0301A8007F58473A3F582731B68C7F879
:105BF000A43007F58473A3F584731B685B78002BCE
:105C000040F09D8007F58473A3F582731B68C7F885
:105C10009C3007F58473A3F582731B68B3F850308A
:105C20009BB21A46D7F89C301344C7F89C3007F54E
:105C30008473A3F584731B681B78DA00D7F89C3053
:105C4000134403F20643C7F89830D7F898301B88FE
:105C50009BB2C3F309039AB2D7F898301A8007F5BC
:105C60008473A3F584731B681B69002B0CD1D7F8D0
:105C700098301B889BB26FEA43436FEA53439AB252
:105C8000D7F898301A8088E007F58473A3F58473F9
:105C90001B681B693E2B26D807F58473A3F5847314
:105CA0001B681B695B08C7F8E03007F58473A3F530
:105CB00084731B681B6903F00103002B04D0D7F821
:105CC000E0300133C7F8E030D7F898301B889AB23B
:105CD000D7F8E0309BB29B029BB213439AB2D7F83D
:105CE00098301A8059E007F58473A3F584731B6814
:105CF0001B695B09C7F8E03007F58473A3F584736B
:105D00001B681B6903F01F03002B04D1D7F8E03098
:105D1000013BC7F8E030D7F898301B889AB2D7F823
:105D2000E0309BB29B029BB213439BB26FEA4343AA
:105D30006FEA53439AB2D7F898301A802DE007F5EE
:105D40008473A3F584731B685B78012B25D107F559
:105D50008473A3F582731B68B3F850309BB21A4664
:105D6000D7F8A4301344C7F8A43007F58473A3F51B
:105D700084731B681B78DA00D7F8A430134403F24D
:105D80000643C7F8A03007F58473A3F584731B6836
:105D90001B699AB2D7F8A0301A8007F58473A3F56F
:105DA00084731B68DB69002B00F0188207F584738D
:105DB000A3F582731A6807F58473A3F584731B68CF
:105DC0001B789B0013441B88A7F89630B7F89630D1
:105DD00003F48043002B05D0B7F8963003F040035E
:105DE000002B0DD1B7F8963003F48043002B40F020
:105DF000F581B7F8963003F04003002B40F0EE81B8
:105E000007F58473A3F582731A6807F58473A3F505
:105E100084731B681B789B0013441B889BB223F47C
:105E2000E04323F07003A7F8943007F58473A3F5DB
:105E300082731A6807F58473A3F584731B681B7853
:105E40009B001A44B7F8943043F07F4343F47F0338
:105E500043F4004343F0C0039BB21380BEE107F557
:105E60008473A3F584731B68DB78012B40F0B48145
:105E700007F58473A3F584731B689A6907F5847327
:105E8000A3F584731B681B699A4217D907F58473BD
:105E9000A3F584731B681B69C7F8043107F5847385
:105EA000A3F584731B689A69D7F80431D21A07F5F1
:105EB0008473A3F584731B689A610EE007F58473FD
:105EC000A3F584731B689B69C7F8043107F58473D5
:105ED000A3F584731B6800229A6107F58473A3F508
:105EE00084731B685B78002B40F0858007F5847312
:105EF000A3F582731B68C7F8CC3007F58473A3F54C
:105F000082731B68B3F850309BB21A46D7F8CC3076
:105F10001344C7F8CC3007F58473A3F584731B686A
:105F20001B78DA00D7F8CC30134403F20243C7F8E9
:105F3000C830D7F8C8301B889BB2C3F309039AB2A4
:105F4000D7F8C8301A80D7F80431002B0CD1D7F815
:105F5000C8301B889BB26FEA43436FEA53439AB23F
:105F6000D7F8C8301A8077E0D7F804313E2B1ED816
:105F7000D7F804315B08C7F8DC30D7F8043103F0F8
:105F80000103002B04D0D7F8DC300133C7F8DC3034
:105F9000D7F8C8301B889AB2D7F8DC309BB29B0286
:105FA0009BB213439AB2D7F8C8301A8054E0D7F89E
:105FB00004315B09C7F8DC30D7F8043103F01F0364
:105FC000002B04D1D7F8DC30013BC7F8DC30D7F820
:105FD000C8301B889AB2D7F8DC309BB29B029BB2C8
:105FE00013439BB26FEA43436FEA53439AB2D7F825
:105FF000C8301A8030E007F58473A3F584731B68FA
:106000005B78012B28D107F58473A3F582731B6895
:10601000C7F8D43007F58473A3F582731B68B3F80F
:1060200050309BB21A46D7F8D4301344C7F8D43056
:1060300007F58473A3F584731B681B78DA00D7F81F
:10604000D430134403F20243C7F8D030D7F80431F8
:106050009AB2D7F8D0301A8007F58473A3F582730B
:106060001B68C7F8C43007F58473A3F584731B68F5
:106070005B78002B40F0858007F58473A3F582736D
:106080001B68C7F8BC3007F58473A3F582731B68DF
:10609000B3F850309BB21A46D7F8BC301344C7F857
:1060A000BC3007F58473A3F584731B681B78DA0092
:1060B000D7F8BC30134403F20643C7F8B830D7F81A
:1060C000B8301B889BB2C3F309039AB2D7F8B83033
:1060D0001A80D7F80431002B0CD1D7F8B8301B88C0
:1060E0009BB26FEA43436FEA53439AB2D7F8B83092
:1060F0001A8073E0D7F804313E2B1ED8D7F804314C
:106100005B08C7F8D830D7F8043103F00103002B3F
:1061100004D0D7F8D8300133C7F8D830D7F8B83022
:106120001B889AB2D7F8D8309BB29B029BB213431C
:106130009AB2D7F8B8301A8050E0D7F804315B092A
:10614000C7F8D830D7F8043103F01F03002B04D16F
:10615000D7F8D830013BC7F8D830D7F8B8301B880B
:106160009AB2D7F8D8309BB29B029BB213439BB232
:106170006FEA43436FEA53439AB2D7F8B8301A80B4
:106180002CE007F58473A3F584731B685B78012BFF
:1061900024D107F58473A3F582731B68B3F85030DC
:1061A0009BB21A46D7F8C4301344C7F8C43007F579
:1061B0008473A3F584731B681B78DA00D7F8C430A6
:1061C000134403F20643C7F8C030D7F804319AB23B
:1061D000D7F8C0301A8001E001233AE007F5847354
:1061E000A3F582731A6807F58473A3F584731B689B
:1061F0001B789B0013441B889BB223F4804323F03D
:106200007003A7F88A30B7F88A3083F48053A7F870
:106210008A30B7F88A3083F40053A7F88A3007F53C
:106220008473A3F582731A6807F58473A3F58473E6
:106230001B681B789B001A44B7F88A3043F07F43F1
:1062400043F47F0343F4004343F080039BB2138085
:106250000023184607F58477BD4680BD80B485B01D
:1062600000AF786039603B685B78002B20D07A689B
:106270003B681B789B0013441B889BB223F4E043CC
:1062800023F04003BB81BB8983F01003BB817A6894
:106290003B681B789B001A44BB8943F07F4343F45F
:1062A0007F0343F4004343F080039BB213801FE05D
:1062B0007A683B681B789B0013441B889BB223F4CD
:1062C000804323F07003FB81FB8983F48053FB81BF
:1062D0007A683B681B789B001A44FB8943F07F4334
:1062E00043F47F0343F4004343F080039BB21380E5
:1062F000002318461437BD465DF8047B704780B410
:1063000087B000AF786039603B681B7B002B40F0A2
:106310009D803B685B78002B4CD07A683B681B788B
:106320009B0013441B883B823B8A03F04003002BF5
:106330001BD07A683B681B789B0013441B889BB278
:1063400023F4E04323F07003FB817A683B681B78F9
:106350009B001A44FB8943F07F4343F47F0343F4DB
:10636000004343F0C0039BB213803B68DB78012BF2
:106370006CD07A683B681B789B0013441B889BB2E7
:1063800023F4E04323F04003BB81BB8983F0200367
:10639000BB817A683B681B789B001A44BB8943F039
:1063A0007F4343F47F0343F4004343F080039BB2F5
:1063B00013804BE07A683B681B789B0013441B8872
:1063C000FB82FB8A03F48043002B1BD07A683B6876
:1063D0001B789B0013441B889BB223F4E04323F0FB
:1063E0007003BB827A683B681B789B001A44BB8AA7
:1063F00043F07F4343F47F0343F4404343F080037F
:106400009BB213807A683B681B789B0013441B88FF
:106410009BB223F4804323F070037B827B8A83F456
:1064200080537B827B8A83F400537B827A683B684B
:106430001B789B001A447B8A43F07F4343F47F031D
:1064400043F4004343F080039BB2138000231846BB
:106450001C37BD465DF8047B704780B483B000AF45
:1064600078600B46FB70FB78002B03D17B688022A1
:10647000A3F84C20002318460C37BD465DF8047B7A
:10648000704780B485B000AF78607B68B3F8443063
:106490009BB2FB60FB6818461437BD465DF8047B71
:1064A000704780B48BB000AFF860B96011461A46EF
:1064B0000B46FB801346BB80BB8801335B08BB6186
:1064C000FB687B61BB68FB61FA887B69134403F559
:1064D00080633B62BB697B621CE0FB691B787B824B
:1064E000FB6901331B781BB21B021AB2B7F91230D9
:1064F00013431BB27B823B6A7A8A1A803B6A02335F
:106500003B62FB690133FB61FB690133FB617B6A21
:10651000013B7B627B6A002BDFD100BF00BF2C37C1
:10652000BD465DF8047B704780B48BB000AFF86067
:10653000B96011461A460B46FB801346BB80BB88E8
:106540005B089BB2BB61FB687B61BB68FB61FA883F
:106550007B69134403F580633B62BB697B6218E08F
:106560003B6A1B889BB23B613B6A02333B623B69DF
:10657000DAB2FB691A70FB690133FB613B691B0AE4
:10658000DAB2FB691A70FB690133FB617B6A013B7C
:106590007B627B6A002BE3D1BB8803F001039BB2D3
:1065A000002B07D03B6A1B889BB23B613B69DAB288
:1065B000FB691A7000BF2C37BD465DF8047B70473D
:1065C00080B483B000AF78607B689B6843F00102C1
:1065D0007B689A6000BF0C37BD465DF8047B70474E
:1065E00080B483B000AF786039607B689B6823F02B
:1065F00018023B681A437B689A6000BF0C37BD469F
:106600005DF8047B704780B483B000AF7860396078
:106610007B683A685A6100BF0C37BD465DF8047B61
:10662000704780B483B000AF786039607B683A68A7
:106630001A6000BF0C37BD465DF8047B704780B41C
:1066400085B000AF78600B467B807B68FB60FB68A1
:106650007A881A8000BF1437BD465DF8047B704706
:1066600080B483B000AF78607B681B689BB218462B
:106670000C37BD465DF8047B7047000080B485B0E0
:1066800000AF7860084B9A6C07497B6813438B64B2
:10669000054B9A6C7B681340FB60FB6800BF1437A6
:1066A000BD465DF8047B70470010024080B590B095
:1066B00000AF0346FB710523BB760023FB63002379
:1066C000BB6300237B6300233B630023FB62002347
:1066D000BB6200237B6200233B620023FB614FF01F
:1066E00000024FF00003C7E904230023FB760023D8
:1066F000FB8102F0F1FC0346002B02D00E2301F0D7
:10670000CBB802F0E1FBA54B01221A70A44B1B8809
:106710004FF6FF7293420DD0A14B1B88002B06D081
:106720009F4B1B889B025A089E4B134004E04FF47A
:10673000802301E04FF480234FF47832B2FBF3F171
:1067400001FB03F3D31ADB0AFB6350E0FB6B03F599
:106750008033DA02924B1B884FF6FF718B420DD0CB
:106760008F4B1B88002B06D08D4B1B889B02590832
:106770008C4B0B4004E04FF4802301E04FF4802366
:106780004FF47831B1FBF3F1854B1B884FF6FF7066
:1067900083420DD0824B1B88002B06D0804B1B8878
:1067A0009B0258087F4B034004E04FF4802301E034
:1067B0004FF4802301FB03F31344BB6300237B638B
:1067C0000EE0BA6B7B6B1344774A1360BA6B7B6B3A
:1067D0001344D3E90023C7E904237B6B08337B63AD
:1067E0007B6BB3F5006FECD3FB6B0133FB636C4B3E
:1067F0001B884FF6FF7293420DD0694B1B88002B0C
:1068000006D0674B1B889B025A08664B134004E076
:106810004FF4802301E04FF480234FF47832B2FB31
:10682000F3F101FB03F3D31ADB0A0433FA6B9A4248
:106830008CD35A4B00221A70594B1B884FF6FF72AB
:1068400093420DD0564B1B88002B06D0544B1B880F
:106850009B025A08534B134004E04FF4802301E09D
:106860004FF480234FF47832B2FBF3F101FB03F3D2
:10687000D31ADB0AFB6356E0FB6B03F58033DA02C5
:10688000474B1B884FF6FF718B420DD0444B1B8842
:10689000002B06D0424B1B889B025908414B0B40F2
:1068A00004E04FF4802301E04FF480234FF478316B
:1068B000B1FBF3F13A4B1B884FF6FF7083420DD0CA
:1068C000374B1B88002B06D0354B1B889B02580882
:1068D000344B034004E04FF4802301E04FF4802365
:1068E00001FB03F31344BB63B86B02F08BFA03465E
:1068F000BB76BB7E022B02D0BB7E012B03D1FB6A91
:106900000133FB620CE0BB7E032B09D1BB6A002B79
:1069100001D1FB6B3B62FB6B7B62BB6A0133BB62E9
:10692000FB6B0133FB631E4B1B884FF6FF729342D8
:106930000DD01B4B1B88002B06D0194B1B889B02CC
:106940005A08184B134004E04FF4802301E04FF441
:1069500080234FF47832B2FBF3F101FB03F3D31A37
:10696000DB0A0433FA6B9A4286D3FB6A002B40F0B1
:10697000DC80BB6A002B00F0D280094B1B884FF6ED
:10698000FF72934215D0064B1B88002B0ED0044B90
:106990001B889B025A08034B13400CE0642B032016
:1069A000E005FA0B00FE1F00602B03204FF480234C
:1069B00001E04FF480234FF47832B2FBF3F101FB96
:1069C00003F3D31ADB0A3A6AD31A033303F0030141
:1069D000A14B1B884FF6FF7293420DD09E4B1B8834
:1069E000002B06D09C4B1B889B025A089B4B1340E4
:1069F00004E04FF4802301E04FF480234FF4783219
:106A0000B2FBF3F000FB03F3D31ADB0A0B4403F5EC
:106A10008033DA02904B1B884FF6FF718B420DD00A
:106A20008D4B1B88002B06D08B4B1B889B02590873
:106A30008A4B0B4004E04FF4802301E04FF48023A5
:106A40004FF47831B1FBF3F1834B1B884FF6FF70A5
:106A500083420DD0804B1B88002B06D07E4B1B88B9
:106A60009B0258087D4B034004E04FF4802301E073
:106A70004FF4802301FB03F31344184602F0C2F9DC
:106A80000346042B51D1744B1B884FF6FF7293427F
:106A90000DD0714B1B88002B06D06F4B1B889B02BF
:106AA0005A086E4B134004E04FF4802301E04FF48A
:106AB00080234FF47832B2FBF3F101FB03F3D31AD6
:106AC000DB0A7A6AD31A013303F00301624B1B8895
:106AD0004FF6FF7293420DD05F4B1B88002B06D000
:106AE0005D4B1B889B025A085C4B134004E04FF43B
:106AF000802301E04FF480234FF47832B2FBF3F0AF
:106B000000FB03F3D31ADB0A0B440121184602F001
:106B10002FF80346002B08D0022300F0BDBE002052
:106B200000F0C2FE034600F0B7BE4B4B1B884FF689
:106B3000FF7293420DD0484B1B88002B06D0464B6A
:106B40001B889B025A08454B134004E04FF48023F6
:106B500001E04FF480234FF47832B2FBF3F101FBF4
:106B600003F3D31ADB0AFB63A9E1FB6B03F5803364
:106B7000DA02394B1B884FF6FF718B420DD0364B32
:106B80001B88002B06D0344B1B889B025908334BC3
:106B90000B4004E04FF4802301E04FF480234FF4D6
:106BA0007831B1FBF3F12C4B1B884FF6FF70834219
:106BB0000DD0294B1B88002B06D0274B1B889B022E
:106BC0005808264B034004E04FF4802301E04FF4C3
:106BD000802301FB03F31344BB63B86B02F012F98B
:106BE0000346BB76BB7E012B40F066811A4B1B88A7
:106BF0004FF6FF7293420DD0174B1B88002B06D027
:106C0000154B1B889B025A08144B134004E04FF4A9
:106C1000802301E04FF480234FF47832B2FBF3F18C
:106C200001FB03F3D31ADB0AFA6B9A4200F0AB8044
:106C3000094B1B884FF6FF72934211D0064B1B88FD
:106C4000002B06D0044B1B889B025A08034B1340B1
:106C500008E04FF4802305E0E005FA0B00FE1F007A
:106C60004FF480234FF47832B2FBF3F101FB03F3CE
:106C7000D31ADB0A0233FA6B9A4200F08480AC4BE1
:106C80001B884FF6FF7293420DD0A94B1B88002B37
:106C900006D0A74B1B889B025A08A64B134004E062
:106CA0004FF4802301E04FF480234FF47832B2FB9D
:106CB000F3F101FB03F3D31ADB0AFA6BD31A0333A4
:106CC00003F003019A4B1B884FF6FF7293420DD0DD
:106CD000974B1B88002B06D0954B1B889B025A08AC
:106CE000944B134004E04FF4802301E04FF48023E1
:106CF0004FF47832B2FBF3F000FB03F3D31ADB0A54
:106D00000B4403F58033DA02894B1B884FF6FF7181
:106D10008B420DD0864B1B88002B06D0844B1B88E2
:106D20009B025908834B0B4004E04FF4802301E0A1
:106D30004FF480234FF47831B1FBF3F17C4B1B8887
:106D40004FF6FF7083420DD0794B1B88002B06D085
:106D5000774B1B889B025808764B034004E04FF4A6
:106D6000802301E04FF4802301FB03F31344184612
:106D700002F048F80346032B02D10023FB7685E09E
:106D80000123FB7682E06A4B1B884FF6FF72934229
:106D90000DD0674B1B88002B06D0654B1B889B02D0
:106DA0005A08644B134004E04FF4802301E04FF491
:106DB00080234FF47832B2FBF3F101FB03F3D31AD3
:106DC000DB0AFA6BD31A013303F00301584B1B881B
:106DD0004FF6FF7293420DD0554B1B88002B06D007
:106DE000534B1B889B025A08524B134004E04FF44C
:106DF000802301E04FF480234FF47832B2FBF3F0AC
:106E000000FB03F3D31ADB0A0B4403F58033DA02E9
:106E1000474B1B884FF6FF718B420DD0444B1B88AC
:106E2000002B06D0424B1B889B025908414B0B405C
:106E300004E04FF4802301E04FF480234FF47831D5
:106E4000B1FBF3F13A4B1B884FF6FF7083420DD034
:106E5000374B1B88002B06D0354B1B889B025808EC
:106E6000344B034004E04FF4802301E04FF48023CF
:106E700001FB03F31344184601F0C4FF0346002B43
:106E800002D10023FB7601E00123FB76FB7E002B81
:106E900012D1FB6BDAB2284B1A70012200210020BC
:106EA00001F05EFA0346B3F5807F02D00C2300F0B8
:106EB000F3BC0123FB6125E0FB6B0133FB631C4B3F
:106EC0001B884FF6FF7293420DD0194B1B88002B85
:106ED00006D0174B1B889B025A08164B134004E040
:106EE0004FF4802301E04FF480234FF47832B2FB5B
:106EF000F3F101FB03F3D31ADB0A0433FA6B9A4272
:106F0000FFF433AE00233B63094B1B884FF6FF723F
:106F1000934213D0064B1B88002B06D0044B1B88D2
:106F20009B025A08034B13400AE04FF4802307E00A
:106F3000E005FA0B00FE1F005E2B03204FF48023B8
:106F40004FF47832B2FBF3F101FB03F3D31ADB0AFF
:106F5000FB63A9E1FB6B03F58033DA02AF4B1B88BF
:106F60004FF6FF718B420DD0AC4B1B88002B06D027
:106F7000AA4B1B889B025908A94B0B4004E04FF415
:106F8000802301E04FF480234FF47831B1FBF3F11B
:106F9000A24B1B884FF6FF7083420DD09F4B1B887E
:106FA000002B06D09D4B1B889B0258089C4B03402E
:106FB00004E04FF4802301E04FF4802301FB03F34E
:106FC0001344BB63B86B01F01DFF0346BB76BB7E69
:106FD000022B40F06181914B1B884FF6FF72934268
:106FE0000DD08E4B1B88002B06D08C4B1B889B0230
:106FF0005A088B4B134004E04FF4802301E04FF418
:1070000080234FF47832B2FBF3F101FB03F3D31A80
:10701000DB0AFA6B9A4200F0A780804B1B884FF680
:10702000FF7293420DD07D4B1B88002B06D07B4B0B
:107030001B889B025A087A4B134004E04FF48023CC
:1070400001E04FF480234FF47832B2FBF3F101FBFF
:1070500003F3D31ADB0A0233FA6B9A4200F08480FE
:107060006E4B1B884FF6FF7293420DD06B4B1B8803
:10707000002B06D0694B1B889B025A08684B1340B3
:1070800004E04FF4802301E04FF480234FF4783282
:10709000B2FBF3F101FB03F3D31ADB0AFA6BD31A49
:1070A000033303F003015D4B1B884FF6FF729342DD
:1070B0000DD05A4B1B88002B06D0584B1B889B02C7
:1070C0005A08574B134004E04FF4802301E04FF47B
:1070D00080234FF47832B2FBF3F000FB03F3D31AB2
:1070E000DB0A0B4403F58033DA024C4B1B884FF666
:1070F000FF718B420DD0494B1B88002B06D0474BAC
:107100001B889B025908464B0B4004E04FF4802338
:1071100001E04FF480234FF47831B1FBF3F13F4BA2
:107120001B884FF6FF7083420DD03C4B1B88002B11
:1071300006D03A4B1B889B025808394B034004E0A9
:107140004FF4802301E04FF4802301FB03F3134449
:10715000184601F057FE0346032B02D10023FB76AD
:107160008AE00123FB7687E02C4B1B884FF6FF72E9
:1071700093420DD0294B1B88002B06D0274B1B8830
:107180009B025A08264B134004E04FF4802301E091
:107190004FF480234FF47832B2FBF3F101FB03F399
:1071A000D31ADB0AFA6BD31A013303F003011B4B2A
:1071B0001B884FF6FF7293420DD0184B1B88002B93
:1071C00006D0164B1B889B025A08154B134004E04F
:1071D0004FF4802301E04FF480234FF47832B2FB68
:1071E000F3F000FB03F3D31ADB0A0B4403F58033FF
:1071F000DA020A4B1B884FF6FF718B4212D0074B05
:107200001B88002B06D0054B1B889B025908044B9A
:107210000B4009E04FF4802306E000BFE005FA0BC5
:1072200000FE1F004FF480234FF47831B1FBF3F1DF
:107230009A4B1B884FF6FF7083420DD0974B1B88EB
:10724000002B06D0954B1B889B025808944B03409B
:1072500004E04FF4802301E04FF4802301FB03F3AB
:107260001344184601F0CEFD0346002B02D1002343
:10727000FB7601E00123FB76FB7E002B11D13B6BFB
:10728000002B07D1FB6BDAB2864B1A703B6B0133D4
:107290003B6306E00A23FFE2BB7E032B01D1FB6BBD
:1072A0007B62FB6B0133FB637C4B1B884FF6FF72E9
:1072B00093420DD0794B1B88002B06D0774B1B884F
:1072C0009B025A08764B134004E04FF4802301E000
:1072D0004FF480234FF47832B2FBF3F101FB03F358
:1072E000D31ADB0A0433FA6B9A42FFF433AE3B6BDA
:1072F000002B55D17B6AD9B2684B1B884FF6FF72C1
:1073000093420DD0654B1B88002B06D0634B1B8826
:107310009B025A08624B134004E04FF4802301E0C3
:107320004FF480234FF47832B2FBF3F000FB03F309
:10733000D31ADB0ADBB2CB1ADBB20133DBB203F0C8
:107340000303D9B2554B1B884FF6FF7293420DD001
:10735000524B1B88002B06D0504B1B889B025A08AF
:107360004F4B134004E04FF4802301E04FF480239F
:107370004FF47832B2FBF3F000FB03F3D31ADB0ACD
:10738000DBB20B44DAB2474B1A70464B1B78022132
:10739000184601F0EDFB0346002B01D002237BE2EF
:1073A000414B00221A80414B20221A6020237B632C
:1073B00053E03C4B1B7803F58033DA02374B1B88D4
:1073C0004FF6FF718B420DD0344B1B88002B06D03B
:1073D000324B1B889B025908314B0B4004E04FF4A1
:1073E000802301E04FF480234FF47831B1FBF3F1B7
:1073F0002A4B1B884FF6FF7083420DD0274B1B880A
:10740000002B06D0254B1B889B025808244B0340B9
:1074100004E04FF4802301E04FF4802301FB03F3E9
:107420001A447B6B1344D3E90023C7E90423D7E94B
:107430000423B3F1FF3F08BFB2F1FF3F12D01A4B54
:107440001B8801339AB2184B1A80184B1B680833FB
:10745000164A13607B6B08337B637B6BB3F5006F5D
:10746000A7D300E000BF0F4B1B78FB630D4B1B78CD
:107470003B6296E0094B1B884FF6FF72934217D090
:10748000064B1B88002B06D0044B1B889B025A0816
:10749000034B13400EE04FF480230BE0E005FA0BA2
:1074A00000FE1F005E2B03205C2B03200002032044
:1074B0004FF480234FF47832B2FBF3F101FB03F376
:1074C000D31ADB0AFA6BD31A033303F00301A44B7C
:1074D0001B884FF6FF7293420DD0A14B1B88002BE7
:1074E00006D09F4B1B889B025A089E4B134004E01A
:1074F0004FF4802301E04FF480234FF47832B2FB45
:10750000F3F000FB03F3D31ADB0A0B44FB63FB6BC2
:1075100003F58033DA02924B1B884FF6FF718B42E2
:107520000DD08F4B1B88002B06D08D4B1B889B02E8
:1075300059088C4B0B4004E04FF4802301E04FF4DA
:1075400080234FF47831B1FBF3F1854B1B884FF664
:10755000FF7083420DD0824B1B88002B06D0804BDE
:107560001B889B0258087F4B034004E04FF48023A4
:1075700001E04FF4802301FB03F31344184601F0AC
:1075800041FC0346BB76BB7E032B08D1764B1B88A0
:10759000FC339AB2744B1A80FB6B3B6201E00A2306
:1075A0007AE16F4B1B884FF6FF7293420DD06C4B04
:1075B0001B88002B06D06A4B1B889B025A08694B1C
:1075C000134004E04FF4802301E04FF480234FF494
:1075D0007832B2FBF3F101FB03F3D31ADB0AFA6B47
:1075E0009A4222D05E4B1B884FF6FF7293420DD019
:1075F0005B4B1B88002B06D0594B1B889B025A08FB
:10760000584B134004E04FF4802301E04FF48023F3
:107610004FF47832B2FBF3F101FB03F3D31ADB0A28
:107620000233FA6B9A427FF425AF504B1B78184611
:107630004B4B1B884FF6FF7293420DD0484B1B8873
:10764000002B06D0464B1B889B025A08454B134023
:1076500004E04FF4802301E04FF480234FF47832AC
:10766000B2FBF3F101FB03F3D31ADB0AC31A0133B4
:1076700003F003013A4B1B884FF6FF7293420DD083
:10768000374B1B88002B06D0354B1B889B025A08B2
:10769000344B134004E04FF4802301E04FF4802387
:1076A0004FF47832B2FBF3F000FB03F3D31ADB0A9A
:1076B0000B44FB63FB6B03F58033DA02284B1B881A
:1076C0004FF6FF718B420DD0254B1B88002B06D047
:1076D000234B1B889B025908224B0B4004E04FF4BC
:1076E000802301E04FF480234FF47831B1FBF3F1B4
:1076F0001B4B1B884FF6FF7083420DD0184B1B8825
:10770000002B06D0164B1B889B025808154B0340D4
:1077100004E04FF4802301E04FF4802301FB03F3E6
:107720001344BB639FE0FB79002B08D10121F86B68
:1077300001F00CFC0346002B1AD00123ACE04FF4FF
:107740000061B86B00F049FC0346102B10D10121F9
:10775000F86B01F0FBFB0346002B09D001239BE0F3
:10776000E005FA0B00FE1F005C2B03205E2B0320BC
:107770004B4B1B884FF6FF7293420DD0484B1B8832
:10778000002B06D0464B1B889B025A08454B1340E2
:1077900004E04FF4802301E04FF480234FF478326B
:1077A000B2FBF3F101FB03F3D31ADB0AFA6BD31A32
:1077B000013303F003013A4B1B884FF6FF729342EB
:1077C0000DD0374B1B88002B06D0354B1B889B02F6
:1077D0005A08344B134004E04FF4802301E04FF487
:1077E00080234FF47832B2FBF3F000FB03F3D31A9B
:1077F000DB0A0B44FB63FB6B03F58033DA02284B97
:107800001B884FF6FF718B420DD0254B1B88002B38
:1078100006D0234B1B889B025908224B0B4004E0E7
:107820004FF4802301E04FF480234FF47831B1FB13
:10783000F3F11B4B1B884FF6FF7083420DD0184BA2
:107840001B88002B06D0164B1B889B025808154B33
:10785000034004E04FF4802301E04FF4802301FB58
:1078600003F31344BB63FA6B3B6A9A427FF45BAF4A
:1078700001F0D2FBFB69002B0DD10021002001F0AB
:10788000CFF80346FB81FB89002B04D0FB89122B28
:1078900001D0022300E0002318464037BD4680BDDA
:1078A000E005FA0B00FE1F0080B584B000AF034670
:1078B000FB710023FB6001F00FFC0346002B01D09D
:1078C0000E23E9E0764B1B884FF6FF7293420DD0F2
:1078D000734B1B88002B06D0714B1B889B025A08E8
:1078E000704B134004E04FF4802301E04FF48023F9
:1078F0004FF47832B2FBF3F101FB03F3D31ADB0A46
:10790000FB6056E0FB79002B08D10121F86801F0FB
:107910001DFB0346002B49D00123BDE0FB6803F5A6
:107920008033DA025E4B1B884FF6FF718B420DD01D
:107930005B4B1B88002B06D0594B1B889B025908B8
:10794000584B0B4004E04FF4802301E04FF48023B8
:107950004FF47831B1FBF3F1514B1B884FF6FF70B8
:1079600083420DD04E4B1B88002B06D04C4B1B88FE
:107970009B0258084B4B034004E04FF4802301E086
:107980004FF4802301FB03F313444FF400611846C6
:1079900000F023FB0346102B08D10121F86801F009
:1079A000D5FA0346002B01D0012375E0FB680133B3
:1079B000FB603B4B1B884FF6FF7293420DD0384B58
:1079C0001B88002B06D0364B1B889B025A08354B70
:1079D000134004E04FF4802301E04FF480234FF480
:1079E0007832B2FBF3F101FB03F3D31ADB0A043361
:1079F000FA689A4286D301F00FFB294B1B884FF699
:107A0000FF7293420DD0264B1B88002B06D0244BCF
:107A10001B889B025A08234B134004E04FF4802339
:107A200001E04FF480234FF47832B2FBF3F101FB15
:107A300003F3D31ADB0A0221184601F099F8034632
:107A4000002B01D0022327E0174B00221A80144B91
:107A50001B884FF6FF7293420DD0114B1B88002BF1
:107A600006D00F4B1B889B025A080E4B134004E0B4
:107A70004FF4802301E04FF480234FF47832B2FBBF
:107A8000F3F101FB03F3D31ADB0ADAB2074B1A70E6
:107A9000074B20221A60002318461037BD4680BDD0
:107AA000E005FA0B00FE1F005C2B03205E2B032079
:107AB0000002032080B584B000AF03463960FB802C
:107AC000FB88002B16D0FB884FF6FF72934211D033
:107AD0000023BB600023FB8107F10802FB881146ED
:107AE000184600F021F90346FB81BA683B681A602A
:107AF000FB8900E0082318461037BD4680BD80B5DD
:107B000082B000AF03463960FB80FB88002B0BD0AE
:107B1000FB884FF6FF72934206D0FB8839681846FF
:107B200000F03CFA034600E0082318460837BD463B
:107B300080BD000080B586B000AF00237B610023CC
:107B40003B610023FB600023BB600523FB71052321
:107B5000BB71734B1B884FF6FF7293420DD0704B75
:107B60001B88002B06D06E4B1B889B025A086D4B5E
:107B7000134004E04FF4802301E04FF480234FF4DE
:107B80007832B2FBF3F101FB03F3D31ADB0A7B611A
:107B90009DE07B6903F58033DA02614B1B884FF669
:107BA000FF718B420DD05E4B1B88002B06D05C4BC7
:107BB0001B889B0259085B4B0B4004E04FF4802369
:107BC00001E04FF480234FF47831B1FBF3F1544BD3
:107BD0001B884FF6FF7083420DD0514B1B88002B42
:107BE00006D04F4B1B889B0258084E4B034004E0C5
:107BF0004FF4802301E04FF4802301FB03F313448F
:107C0000FB60F86801F0FEF80346FB71FB79042B7A
:107C10005AD17B6901333B6144E03B6903F5803312
:107C2000DA023F4B1B884FF6FF718B420DD03C4B65
:107C30001B88002B06D03A4B1B889B025908394BF6
:107C40000B4004E04FF4802301E04FF480234FF415
:107C50007831B1FBF3F1324B1B884FF6FF70834252
:107C60000DD02F4B1B88002B06D02D4B1B889B0261
:107C700058082C4B034004E04FF4802301E04FF4FC
:107C8000802301FB03F31344BB60B86801F0BAF82A
:107C90000346BB71BB79042B01D005233BE03B6954
:107CA00001333B617B6902333A699A42B5D30221C1
:107CB000786901F04BF90346002B01D001232AE03B
:107CC00001F0AAF9002326E07B6902337B61144BA3
:107CD0001B884FF6FF7293420DD0114B1B88002B6F
:107CE00006D00F4B1B889B025A080E4B134004E032
:107CF0004FF4802301E04FF480234FF47832B2FB3D
:107D0000F3F101FB03F3D31ADB0A04337A699A42D5
:107D1000FFF43FAF052318461837BD4680BD00BFAE
:107D2000E005FA0B00FE1F0080B58AB000AF0346E5
:107D30003960FB804FF000024FF00003C7E90423D5
:107D400000237B6200233B620023FB610023FB6076
:107D50000523FB76002000F065F978627B6AB3F1B9
:107D6000FF3F01D1032311E17B6A03F58033DA027F
:107D7000884B1B884FF6FF718B420DD0854B1B88BB
:107D8000002B06D0834B1B889B025908824B0B406B
:107D900004E04FF4802301E04FF480234FF4783166
:107DA000B1FBF3F17B4B1B884FF6FF7083420DD084
:107DB000784B1B88002B06D0764B1B889B025808FB
:107DC000754B034004E04FF4802301E04FF480231F
:107DD00001FB03F313443B62386A01F013F80346D6
:107DE000FB76C6E04FF4FF63FB613FE03A6AFB6954
:107DF0001344D3E90023C7E90423D7E90423B3F1EB
:107E0000FF3F08BFB2F1FF3F2DD03B8AFA889A426C
:107E100029D1D7E904014FF000024FF000030A0016
:107E200000233B8A1946104601F062F80346FB60C6
:107E3000D7E904014FF000024FF00003020C42EAC0
:107E400001420B0C93B21A46FB6893420BD1D7E95F
:107E500004014FF000024FF000030A0000233B68CA
:107E60001A60002392E0FB69083BFB61FB691F2B52
:107E7000BCD8484B1B884FF6FF7293420DD0454B40
:107E80001B88002B06D0434B1B889B025A08424B91
:107E9000134004E04FF4802301E04FF480234FF4BB
:107EA0007832B2FBF3F101FB03F3D31ADB0A7A6AEF
:107EB000D31A033303F00301364B1B884FF6FF72CE
:107EC00093420DD0334B1B88002B06D0314B1B88BF
:107ED0009B025A08304B134004E04FF4802301E02A
:107EE0004FF480234FF47832B2FBF3F000FB03F33E
:107EF000D31ADB0A0B447B627B6A03F58033DA0218
:107F0000244B1B884FF6FF718B420DD0214B1B88F1
:107F1000002B06D01F4B1B889B0259081E4B0B40A1
:107F200004E04FF4802301E04FF480234FF47831D4
:107F3000B1FBF3F1174B1B884FF6FF7083420DD056
:107F4000144B1B88002B06D0124B1B889B02580831
:107F5000114B034004E04FF4802301E04FF48023F1
:107F600001FB03F313443B62386A00F04BFF034606
:107F7000FB76FB7E022B3FF435AFFB7E032B3FF4F9
:107F800031AFFB7E042B3FF42DAF07231846283773
:107F9000BD4680BDE005FA0B00FE1F0080B584B031
:107FA00000AF03463960FB800023FB81FB88396802
:107FB000184600F035FD0346FB81FB89122B07D1E3
:107FC000FB8800223968184600F0CAF9034600E031
:107FD000FB8918461037BD4680BD80B485B000AF20
:107FE000786039601123FB810023BB600FE07A6861
:107FF000BB681344D3E90023B3F1FF3F08BFB2F1DC
:10800000FF3F01D01023FB81BB680833BB60BA6817
:108010003B689A42EBD3FB8918461437BD465DF89E
:10802000047B704780B586B000AF0346FB71052323
:10803000FB750523BB7500233B610023FB60002318
:10804000BB60A64B1B783B613B6903F58033DA02CA
:10805000A34B1B884FF6FF718B420DD0A04B1B88A2
:10806000002B06D09E4B1B889B0259089D4B0B4052
:1080700004E04FF4802301E04FF480234FF4783183
:10808000B1FBF3F1964B1B884FF6FF7083420DD086
:10809000934B1B88002B06D0914B1B889B025808E2
:1080A000904B034004E04FF4802301E04FF4802321
:1080B00001FB03F31344184600F0A4FE0346FB75CE
:1080C000874B1B884FF6FF7293420DD0844B1B8861
:1080D000002B06D0824B1B889B025A08814B134011
:1080E00004E04FF4802301E04FF480234FF4783212
:1080F000B2FBF3F101FB03F3D31ADB0A3A69D31A9B
:10810000013303F00301764B1B884FF6FF72934255
:108110000DD0734B1B88002B06D0714B1B889B0224
:108120005A08704B134004E04FF4802301E04FF4F1
:1081300080234FF47832B2FBF3F000FB03F3D31A41
:10814000DB0A0B44FB60FB6803F58033DA02644B07
:108150001B884FF6FF718B420DD0614B1B88002BA3
:1081600006D05F4B1B889B0259085E4B0B4004E016
:108170004FF4802301E04FF480234FF47831B1FBBA
:10818000F3F1574B1B884FF6FF7083420DD0544BD1
:108190001B88002B06D0524B1B889B025808514B62
:1081A000034004E04FF4802301E04FF4802301FBFF
:1081B00003F31344184600F025FE0346BB75484BF5
:1081C0001B884FF6FF7293420DD0454B1B88002B46
:1081D00006D0434B1B889B025A08424B134004E0D5
:1081E0004FF4802301E04FF480234FF47832B2FB48
:1081F000F3F101FB03F3D31ADB0A3A69D31A033311
:1082000003F00301364B1B884FF6FF7293420DD0EB
:10821000334B1B88002B06D0314B1B889B025A081E
:10822000304B134004E04FF4802301E04FF48023EF
:108230004FF47832B2FBF3F000FB03F3D31ADB0AFE
:108240000B44BB60FB79022B79D0022B7FDC002B27
:1082500068D0012B7BD1FB7D022B2AD1224B1B68DE
:10826000B3F5006F01D23B6973E0BB7D042B07D1EE
:10827000FFF760FC0346002B02D04FF0FF3368E0AD
:108280000321386900F074FC0346002B02D04FF044
:10829000FF335EE00221F86800F06AFC0346002B21
:1082A00002D04FF0FF3354E00F4B20221A60FB68DE
:1082B0004FE0FB7D012B32D10B4B1B68B3F5006FF8
:1082C00001D23B6945E0BB7D042B0FD1FFF732FCA7
:1082D0000346002B0AD04FF0FF333AE05E2B032019
:1082E000E005FA0B00FE1F0000020320032138699D
:1082F00000F03EFC0346002B02D04FF0FF3328E095
:108300000121F86800F034FC0346002B02D04FF046
:10831000FF331EE0114B20221A60FB6819E04FF07A
:10832000FF3316E0FB7D022B01D13B6911E0FB7DA1
:10833000012B01D1BB680CE04FF0FF3309E0BB7D9E
:10834000002B01D1FB6804E04FF0FF3301E04FF058
:10835000FF3318461837BD4680BD00BF000203201A
:1083600080B58AB000AF03463960FB8013467B714D
:10837000052387F827300023BB6100233B620023DD
:10838000FB614FF000024FF00003C7E90423002314
:10839000FB810023BB607B79002B01D1022300E02D
:1083A00001231846FFF73EFE38623B6AB3F1FF3FF8
:1083B00001D104232CE3A84B00221A803B6ADAB2D5
:1083C000A64B1A70A64B20221A607B79002B08D18D
:1083D0000121386A00F0CCFB0346002B01D00223B8
:1083E00016E3A04B1B884FF6FF7293420DD09D4BB6
:1083F0001B88002B06D09B4B1B889B025A089A4B6C
:10840000134004E04FF4802301E04FF480234FF445
:108410007832B2FBF3F101FB03F3D31ADB0A3A6AB9
:10842000D31A033303F003018E4B1B884FF6FF7200
:1084300093420DD08B4B1B88002B06D0894B1B8899
:108440009B025A08884B134004E04FF4802301E05C
:108450004FF480234FF47832B2FBF3F000FB03F3C8
:10846000D31ADB0A0B443B623B6A03F58033DA0222
:108470007C4B1B884FF6FF718B420DD0794B1B88CC
:10848000002B06D0774B1B889B025908764B0B407C
:1084900004E04FF4802301E04FF480234FF478315F
:1084A000B1FBF3F16F4B1B884FF6FF7083420DD089
:1084B0006C4B1B88002B06D06A4B1B889B0258080C
:1084C000694B034004E04FF4802301E04FF4802324
:1084D00001FB03F31344BB61B86900F093FC03464E
:1084E00087F8273097F82730022B04D097F82730E9
:1084F000042B40F0338197F82730022B08D1042158
:10850000386A00F035FB0346002B01D002237FE2DE
:10851000544B1B884FF6FF7293420DD0514B1B8872
:10852000002B06D04F4B1B889B025A084E4B134022
:1085300004E04FF4802301E04FF480234FF47832BD
:10854000B2FBF3F101FB03F3D31ADB0A3A6AD31A45
:10855000033303F00301434B1B884FF6FF72934232
:108560000DD0404B1B88002B06D03E4B1B889B0236
:108570005A083D4B134004E04FF4802301E04FF4D0
:1085800080234FF47832B2FBF3F000FB03F3D31AED
:10859000DB0A0B443B623B6A03F58033DA02314B62
:1085A0001B884FF6FF718B420DD02E4B1B88002B82
:1085B00006D02C4B1B889B0259082B4B0B4004E028
:1085C0004FF4802301E04FF480234FF47831B1FB66
:1085D000F3F1244B1B884FF6FF7083420DD0214BE3
:1085E0001B88002B06D01F4B1B889B0258081E4B74
:1085F000034004E04FF4802301E04FF4802301FBAB
:1086000003F31344BB61B86900F0FCFB034687F831
:10861000273098E097F82730032B08D10421386AD7
:1086200000F0A6FA0346002B01D00223F0E10D4B27
:108630001B884FF6FF72934218D00A4B1B88002B01
:1086400006D0084B1B889B025A08074B13400FE0CB
:108650004FF480230CE000BF5C2B03205E2B032033
:1086600000020320E005FA0B00FE1F004FF48023F8
:108670004FF47832B2FBF3F101FB03F3D31ADB0AB8
:108680003A6AD31A033303F00301A74B1B884FF652
:10869000FF7293420DD0A44B1B88002B06D0A24B37
:1086A0001B889B025A08A14B134004E04FF480231F
:1086B00001E04FF480234FF47832B2FBF3F000FB7B
:1086C00003F3D31ADB0A0B443B623B6A03F58033A6
:1086D000DA02954B1B884FF6FF718B420DD0924BFF
:1086E0001B88002B06D0904B1B889B0259088F4B90
:1086F0000B4004E04FF4802301E04FF480234FF45B
:108700007831B1FBF3F1884B1B884FF6FF70834241
:108710000DD0854B1B88002B06D0834B1B889B02FA
:108720005808824B034004E04FF4802301E04FF4EB
:10873000802301FB03F31344BB61B86900F062FBC3
:10874000034687F8273097F82730032B3FF462AFB2
:1087500097F82730042B3FF45DAF08E07B79012BBD
:1087600003D197F82730032B01D00A2350E17B79FE
:10877000012B40F001812023FB6153E06C4B1B78FF
:1087800003F58033DA02684B1B884FF6FF718B428A
:108790000DD0654B1B88002B06D0634B1B889B02BA
:1087A0005908624B0B4004E04FF4802301E04FF482
:1087B00080234FF47831B1FBF3F15B4B1B884FF60C
:1087C000FF7083420DD0584B1B88002B06D0564BB0
:1087D0001B889B025808554B034004E04FF480234C
:1087E00001E04FF4802301FB03F31A44FB691344B7
:1087F000D3E90023C7E90423D7E90423B3F1FF3FFA
:1088000008BFB2F1FF3F12D04A4B1B8801339AB226
:10881000484B1A80484B1B680833474A1360FB6972
:108820000833FB61FB69B3F5006FA7D300E000BF1D
:108830003F4B1B783B620023FB6197E03A4B1B8860
:108840004FF6FF7293420DD0374B1B88002B06D09A
:10885000354B1B889B025A08344B134004E04FF4FD
:10886000802301E04FF480234FF47832B2FBF3F120
:1088700001FB03F3D31ADB0A3A6AD31A033303F07A
:108880000301294B1B884FF6FF7293420DD0264BF4
:108890001B88002B06D0244B1B889B025A08234BB5
:1088A000134004E04FF4802301E04FF480234FF4A1
:1088B0007832B2FBF3F000FB03F3D31ADB0A0B446C
:1088C0003B623B6A03F58033DA02174B1B884FF695
:1088D000FF718B420DD0144B1B88002B06D0124B1E
:1088E0001B889B025908114B0B4004E04FF4802376
:1088F00001E04FF480234FF47831B1FBF3F10A4BE0
:108900001B884FF6FF70834218D0074B1B88002B43
:1089100006D0054B1B889B025808044B03400FE010
:108920004FF480230CE000BFE005FA0B00FE1F00AF
:108930005E2B03205C2B0320000203204FF48023D6
:1089400001FB03F31344184600F05CFA034687F872
:10895000273097F82730032B0DD12F4B1B88FC3382
:108960009AB22D4B1A80FB690133FB61FB69032B23
:108970007FF664AF00E000BFFB883968184600F05E
:108980004FF80346002B01D0022341E0224B1B8805
:10899000022B03D9204B1B88023B00E00123FB6123
:1089A00026E0FB88FA699A421FD0FB699BB207F167
:1089B000080211461846FFF7B7F90346FB81FB8909
:1089C000002B0DD1FB699BB2BA681146184600F026
:1089D00027F80346FB81FB89002B06D0FB8917E0B3
:1089E000FB89072B01D0FB8912E0FB690133FB6196
:1089F000FB69FA2BD5D9094B1B780221184600F0E8
:108A0000B7F80346002B01D0022301E04FF4807336
:108A100018462837BD4680BD5C2B03205E2B032003
:108A20002DE9F04F8BB000AF03463961FB82002384
:108A30007B624B4B1B88B3F5FC7F01D312238AE08A
:108A40000120FFF7EFFA38620023FB613B6AB3F1C4
:108A5000FF3F01D103237EE03B6A03F58033D90257
:108A6000404B1B884FF6FF7293420DD03D4B1B8845
:108A7000002B06D03B4B1B889B025A083A4B1340F5
:108A800004E04FF4802301E04FF480234FF4783268
:108A9000B2FBF3F0334B1B884FF6FF7293420DD0BD
:108AA000304B1B88002B06D02E4B1B889B025A088C
:108AB0002D4B134004E04FF4802301E04FF480235A
:108AC00000FB03F30B44FB613B69002B05D1FB8AE0
:108AD000002B02D100237B6206E0FB8A194638692D
:108AE00000F006FA03467B62204B1A68FB69D01837
:108AF0003B690022BB60FA604FF000024FF00003B8
:108B0000B9680B000022796A090400268A46B34638
:108B100042EA0A0443EA0B05FB8A00229846914682
:108B200044EA08033B6045EA09037B60D7E9002378
:108B300000F0FAF90346002B01D002230BE00B4BA7
:108B40001B680833094A1360054B1B8801339AB22E
:108B5000034B1A80002318462C37BD46BDE8F08F22
:108B60005C2B0320E005FA0B00FE1F00000203202F
:108B700080B586B000AF78600B46FB7000237B6148
:108B800000233B610023FB600023BB607B6803F58F
:108B90008033DA02984B1B884FF6FF718B420DD061
:108BA000954B1B88002B06D0934B1B889B025908C2
:108BB000924B0B4004E04FF4802301E04FF48023FC
:108BC0004FF47831B1FBF3F18B4B1B884FF6FF70FC
:108BD00083420DD0884B1B88002B06D0864B1B8808
:108BE0009B025808854B034004E04FF4802301E0CA
:108BF0004FF4802301FB03F313447B617B6803F58F
:108C00008033DA027C4B1B884FF6FF718B420DD00C
:108C1000794B1B88002B06D0774B1B889B02590889
:108C2000764B0B4004E04FF4802301E04FF48023A7
:108C30004FF47831B1FBF3F16F4B1B884FF6FF70A7
:108C400083420DD06C4B1B88002B06D06A4B1B88CF
:108C50009B025808694B034004E04FF4802301E075
:108C60004FF4802301FB03F3134408333B617B681B
:108C700003F58033DA02604B1B884FF6FF718B429D
:108C80000DD05D4B1B88002B06D05B4B1B889B02D5
:108C900059085A4B0B4004E04FF4802301E04FF495
:108CA00080234FF47831B1FBF3F1534B1B884FF61F
:108CB000FF7083420DD0504B1B88002B06D04E4BCB
:108CC0001B889B0258084D4B034004E04FF480235F
:108CD00001E04FF4802301FB03F313441033FB60E6
:108CE0007B6803F58033DA02434B1B884FF6FF7134
:108CF0008B420DD0404B1B88002B06D03E4B1B886F
:108D00009B0259083D4B0B4004E04FF4802301E0E7
:108D10004FF480234FF47831B1FBF3F1364B1B88CD
:108D20004FF6FF7083420DD0334B1B88002B06D0CB
:108D3000314B1B889B025808304B034004E04FF432
:108D4000802301E04FF4802301FB03F31344183325
:108D5000BB60FB78013B032B44D801A252F823F0FF
:108D6000718D0108938D0108B58D0108CD8D010825
:108D70004FF0AA324FF0AA33786900F0D5F80346D5
:108D8000002B01D0022333E07B68DAB21C4B1A704F
:108D90002DE04FF0AA324FF0AA33386900F0C4F842
:108DA0000346002B01D0022322E07B68DAB2144B89
:108DB0001A701CE04FF0AA324FF0AA33F86800F0A6
:108DC000B3F80346002B0FD0022311E04FF0AA3274
:108DD0004FF0AA33B86800F0A7F80346002B05D07F
:108DE000022305E000BF02E000BF00E000BF002357
:108DF00018461837BD4680BDE005FA0B00FE1F007F
:108E00005E2B032080B48BB000AF78604FF000027F
:108E10004FF00003C7E908234FF000024FF00003B2
:108E2000C7E906234FF000024FF00003C7E904230F
:108E30004FF000024FF00003C7E902237B68D3E93B
:108E40000023C7E908237B680833D3E90023C7E977
:108E500006237B681033D3E90023C7E904237B682A
:108E60001833D3E90023C7E90223D7E90223B3F17A
:108E7000FF3F08BFB2F1FF3F01D004231EE0D7E956
:108E80000423B3F1FF3F08BFB2F1FF3F01D003233A
:108E900014E0D7E90623B3F1FF3F08BFB2F1FF3F6B
:108EA00001D002230AE0D7E90823B3F1FF3F08BF4E
:108EB000B2F1FF3F01D0012300E0002318462C3718
:108EC000BD465DF8047B704780B500AF4FF480501D
:108ED000FDF7D4FB48F205010448FDF794FB082197
:108EE0000248FDF77DFB00BF80BD00BF003002409F
:108EF00080B582B000AF78600B467B800948FDF7F3
:108F00005FFB79680748FDF78CFB7B8819460548AD
:108F1000FDF795FB0348FDF7A3FB0346184608370A
:108F2000BD4680BD0030024080B584B000AFF8601F
:108F3000C7E90023D7E90023F9680120F2F7DAFC3A
:108F4000034618461037BD4680BD000080B58AB084
:108F500000AF78600B467B800023FB8401233B62DB
:108F60000023FB607B6803F58033DA02284B1B8803
:108F70004FF6FF718B420DD0254B1B88002B06D07E
:108F8000234B1B889B025908224B0B4004E04FF4F3
:108F9000802301E04FF480234FF47831B1FBF3F1EB
:108FA0001B4B1B884FF6FF7083420DD0184B1B885C
:108FB000002B06D0164B1B889B025808154B03400C
:108FC00004E04FF4802301E04FF4802301FB03F31E
:108FD0001344184600F028F8386202233B617B886E
:108FE000FB617B68BB613B6A7B6107F10C0207F1A7
:108FF000100311461846F2F7C3FD0346002B01D0BB
:109000000123FB84FB8C18462837BD4680BD00BF7A
:10901000E005FA0B00FE1F0080B400AF00BFBD46A4
:109020005DF8047B7047000080B485B000AF7860C5
:109030000023FB60244B1B6C03F48013002B1ED118
:10904000224B1B884FF6FF7293420ED01F4B1B889A
:10905000002B08D01D4B1B889B025A081C4B134049
:1090600003F1006302E01B4B00E01A4B7A68934265
:1090700002D90123FB6020E00223FB601DE0134BBB
:109080001B884FF6FF7293420ED0104B1B88002BAB
:1090900008D00E4B1B889B025A080D4B134003F15E
:1090A000006302E00B4B00E00A4B7A68934202D95E
:1090B0000223FB6001E00123FB60FB6818461437C4
:1090C000BD465DF8047B704700200240E005FA0BC6
:1090D00000FE1F000000040880B58AB000AFFF2327
:1090E0007B603B461846F2F723FEBB6903F480031E
:1090F000002B02D00023FB8401E00E23FB84FB8CB9
:1091000018462837BD4680BD80B483B000AF786074
:10911000002318460C37BD465DF8047B704780B5C8
:1091200084B000AF78600B46FB700323FB737B6851
:10913000D3F8B832002B09D07B68D3F8B8321B685B
:10914000FA781146786898470346FB73FB7B18460C
:109150001037BD4680BD80B582B000AF78600B4649
:10916000FB707B68D3F8B832002B07D07B68D3F84C
:10917000B8325B68FA781146786898470023184639
:109180000837BD4680BD80B584B000AF78603960D7
:109190007B6803F2AA233968184600F041FF7B6818
:1091A0000122C3F894227B68B3F8B0321A467B6878
:1091B000C3F898227B6893F8AA32C02B0CD17B6845
:1091C00093F8AA3223F07F03DBB21946786804F0E3
:1091D0002FFE0346FB7338E07B6893F8AA3203F056
:1091E0001F03022B1AD0022B22D8002B02D0012BF6
:1091F0000AD01DE07B6803F2AA231946786800F0C4
:10920000EFF90346FB7320E07B6803F2AA231946BB
:10921000786800F053FA0346FB7316E07B6803F2AC
:10922000AA231946786800F092FA0346FB730CE013
:109230007B6893F8AA3223F07F03DBB21946786883
:1092400004F0F6FD0346FB7300BFFB7B18461037A6
:10925000BD4680BD80B586B000AFF8600B467A6031
:10926000FB72FB7A002B38D1FB6803F5AA733B61D4
:10927000FB68D3F89432032B4AD13B699A683B6967
:10928000DB689A4213D93B699A683B69DB68D21A5A
:109290003B699A603B69DA683B699B68934228BFE7
:1092A00013461A467968F86800F031FF30E0FB6831
:1092B00093F89C32DBB2032B0BD1FB68D3F8B832A6
:1092C0001B69002B05D0FB68D3F8B8321B69F8681E
:1092D0009847F86800F02CFF1AE0FB6893F89C327E
:1092E000DBB2032B14D1FB68D3F8B8329B69002B97
:1092F0000ED0FB68D3F8B8329B69FA7A1146F86849
:1093000098470346FB75FB7D002B01D0FB7D00E0F9
:10931000002318461837BD4680BD80B586B000AF23
:10932000F8600B467A60FB72FB7A002B6BD1FB680E
:1093300014333B61FB68D3F89432022B56D13B695E
:109340009A683B69DB689A4214D93B699A683B6921
:10935000DB68D21A3B699A603B699B681A46796858
:10936000F86800F0C3FE002300220021F86804F032
:1093700009FE3BE03B69DA683B699B689A421CD175
:109380003B695A683B69DB689A4216D33B695A6865
:10939000FB68D3F898329A420FD200220021F86875
:1093A00000F0A4FEFB680022C3F8982200230022EC
:1093B0000021F86804F0E6FD18E0FB6893F89C32A1
:1093C000DBB2032B0BD1FB68D3F8B832DB68002B80
:1093D00005D0FB68D3F8B832DB68F868984780217D
:1093E000F86804F025FDF86800F0B5FEFB6893F816
:1093F000A032012B22D1F868FFF786FEFB6800221D
:1094000083F8A0221AE0FB6893F89C32DBB2032BAE
:1094100014D1FB68D3F8B8325B69002B0ED0FB681F
:10942000D3F8B8325B69FA7A1146F8689847034670
:10943000FB75FB7D002B01D0FB7D00E0002318466F
:109440001837BD4680BD80B582B000AF78607B68BC
:10945000012283F89C227B680022C3F894227B6857
:1094600000225A607B680022C3F8A4227B68D3F8EC
:10947000B832002B01D103232FE07B68D3F8BC3234
:10948000002B0FD07B68D3F8B8325B68002B09D073
:109490007B68D3F8B8325B687A685268D2B21146FA
:1094A00078689847402300220021786804F09AFCED
:1094B0007B680122A3F864217B684022C3F8602105
:1094C000402300228021786804F08CFC7B68012214
:1094D0009A847B6840221A62002318460837BD46EA
:1094E00080BD80B483B000AF78600B46FB707B68B2
:1094F000FA781A74002318460C37BD465DF8047BD1
:10950000704780B483B000AF78607B6893F89C327A
:10951000DAB27B6883F89D227B68042283F89C2260
:10952000002318460C37BD465DF8047B704780B4B5
:1095300083B000AF78607B6893F89C32DBB2042B79
:1095400006D17B6893F89D32DAB27B6883F89C225F
:10955000002318460C37BD465DF8047B704780B584
:1095600082B000AF78607B68D3F8B832002B01D1AD
:10957000032312E07B6893F89C32DBB2032B0BD100
:109580007B68D3F8B832DB69002B05D07B68D3F851
:10959000B832DB6978689847002318460837BD461B
:1095A00080BD80B487B000AF78607B687B617B69E9
:1095B0001B787B827B6901337B617B691B783B82F3
:1095C000B7F910301B021AB2B7F9123013431BB2AD
:1095D000FB81FB8918461C37BD465DF8047B70474C
:1095E00080B584B000AF786039600023FB733B68BE
:1095F0001B7803F06003402B05D0402B53D8002B81
:109600000BD0202B4FD17B68D3F8B8329B683968D8
:10961000786898470346FB734AE03B685B78092B00
:109620003BD801A252F823F07D96010891960108DB
:109630009B960108879601089B9601085B96010896
:10964000519601089B9601087396010865960108DA
:109650003968786800F0DEF924E03968786800F04D
:1096600055FB1FE03968786800F094FB0346FB73F4
:1096700018E03968786800F033FC13E039687868DE
:1096800000F064FC0EE03968786800F093FC09E0B3
:109690003968786800F0A2FC04E03968786800F066
:1096A000F9FC00BF04E03968786800F0F3FC00BF03
:1096B000FB7B18461037BD4680BD00BF80B584B027
:1096C00000AF786039600023FB733B681B7803F0C0
:1096D0006003402B05D0402B2FD8002B01D0202B2E
:1096E0002BD17B6893F89C32DBB2013B022B1DD857
:1096F0003B689B88DBB2032B13D87B68D3F8B83266
:109700009B683968786898470346FB733B68DB8839
:10971000002B10D1FB7B002B0DD1786800F008FDE9
:1097200009E03968786800F0B5FC04E039687868C9
:1097300000F0B0FC00E000BF04E03968786800F099
:10974000A9FC00BFFB7B18461037BD4680BD80B525
:1097500084B000AF786039600023FB733B689B885E
:10976000BB733B681B7803F06003402B07D0402B92
:1097700000F24581002B0CD0202B40F040817B680B
:10978000D3F8B8329B683968786898470346FB730A
:109790003AE13B685B78032B07D0032B00F3298168
:1097A000002B7FD0012B3CD023E17B6893F89C32C7
:1097B000DBB2022B02D0032B16D02CE0BB7B002B9C
:1097C0000DD0BB7B802B0AD0BB7B1946786804F098
:1097D0002FFB8021786804F02BFB00BF20E0396864
:1097E000786800F057FC1BE03B685B88002B0ED1CB
:1097F000BB7B002B0BD0BB7B802B08D03B68DB886E
:10980000002B04D1BB7B1946786804F011FB786803
:1098100000F08EFC04E03968786800F03BFC00BF83
:10982000ECE07B6893F89C32DBB2022B02D0032B76
:1098300016D030E0BB7B002B0DD0BB7B802B0AD039
:10984000BB7B1946786804F0F3FA8021786804F04D
:10985000EFFA00BF25E03968786800F01BFC20E0D3
:109860003B685B88002B1BD1BB7B03F07F03002B85
:1098700004D0BB7B1946786804F0F9FA786800F0E8
:1098800057FC7B68D3F8B8329B683968786898478A
:109890000346FB7304E03968786800F0FBFB00E0E6
:1098A00000BFABE07B6893F89C32DBB2022B02D0A6
:1098B000032B32D097E0BB7B002B07D0BB7B802BE8
:1098C00004D03968786800F0E5FB91E097F90E3034
:1098D000002B0BDABB7B03F07F0213469B00134483
:1098E0009B0010337A68134404330BE0BB7B03F016
:1098F0007F0213469B0013449B0003F5A8737A680C
:1099000013440433BB60BB6800221A60BB680222A8
:109910001946786800F0CFFB6AE097F90E30002B0B
:1099200011DABB7B03F00F02796813469B001344E6
:109930009B000B4424331B88002B17D139687868AF
:1099400000F0A8FB54E0BB7B03F00F0279681346DC
:109950009B0013449B000B4403F5B2731B88002B40
:1099600004D13968786800F095FB41E097F90E3032
:10997000002B0BDABB7B03F07F0213469B001344E2
:109980009B0010337A68134404330BE0BB7B03F075
:109990007F0213469B0013449B0003F5A8737A686B
:1099A00013440433BB60BB7B002B02D0BB7B802BFA
:1099B00003D1BB6800221A600EE0BB7B19467868B1
:1099C00004F074FA0346002B03D0BB6801221A602E
:1099D00002E0BB6800221A60BB6802221946786860
:1099E00000F069FB04E03968786800F053FB00BFC1
:1099F00004E03968786800F04DFB00BF04E0396886
:109A0000786800F047FB00BFFB7B18461037BD4667
:109A100080BD000080B584B000AF7860396000235D
:109A20003B810023FB600023FB723B685B881B0AC1
:109A30009BB2013B062B00F23B8101A252F823F0BE
:109A40005D9A0108759A0108B59A0108B19C010850
:109A5000B19C0108519C01087D9C01087B68D3F8EA
:109A6000B4321B687A68127C07F1080110469847E7
:109A7000F86025E17B681B7C002B0DD17B68D3F857
:109A8000B8329B6A07F1080210469847F860FB68F5
:109A9000013302221A7013E17B68D3F8B832DB6A13
:109AA00007F1080210469847F860FB68013302226C
:109AB0001A7005E13B685B88DBB2052B00F2AC80D5
:109AC00001A252F823F000BFE19A0108159B01089A
:109AD000499B01087D9B0108B19B0108E59B01089A
:109AE0007B68D3F8B4325B68002B0BD07B68D3F86B
:109AF000B4325B687A68127C07F108011046984717
:109B0000F860A4E03968786800F0C4FAFB7A0133A1
:109B1000FB729CE07B68D3F8B4329B68002B0BD0BF
:109B20007B68D3F8B4329B687A68127C07F108012D
:109B300010469847F8608AE03968786800F0AAFA19
:109B4000FB7A0133FB7282E07B68D3F8B432DB68C6
:109B5000002B0BD07B68D3F8B432DB687A68127CB8
:109B600007F1080110469847F86070E03968786896
:109B700000F090FAFB7A0133FB7268E07B68D3F85F
:109B8000B4321B69002B0BD07B68D3F8B4321B694D
:109B90007A68127C07F1080110469847F86056E091
:109BA0003968786800F076FAFB7A0133FB724EE090
:109BB0007B68D3F8B4325B69002B0BD07B68D3F899
:109BC000B4325B697A68127C07F108011046984745
:109BD000F8603CE03968786800F05CFAFB7A0133A1
:109BE000FB7234E07B68D3F8B4329B69002B0BD056
:109BF0007B68D3F8B4329B697A68127C07F108015C
:109C000010469847F86022E03968786800F042FA18
:109C1000FB7A0133FB721AE07B68D3F8B8329B6B96
:109C2000002B0CD07B68D3F8B8329B6B3A68528813
:109C3000D1B207F1080278689847F86006E0396801
:109C4000786800F027FAFB7A0133FB7200BF37E037
:109C50007B681B7C002B09D17B68D3F8B8325B6B27
:109C600007F1080210469847F86029E039687868DB
:109C700000F010FAFB7A0133FB7221E07B681B7C59
:109C8000002B0DD17B68D3F8B8321B6B07F10802AB
:109C900010469847F860FB68013307221A700FE0FE
:109CA0003968786800F0F6F9FB7A0133FB7207E057
:109CB0003968786800F0EEF9FB7A0133FB7200BF77
:109CC000FB7A002B1ED13B68DB88002B16D03B892A
:109CD000002B0ED03B68DA883B89934228BF13469D
:109CE0009BB23B813B891A46F968786800F0E3F93A
:109CF00009E03968786800F0CDF904E0786800F090
:109D000017FA00E000BF1037BD4680BD80B584B0B3
:109D100000AF786039603B689B88002B31D13B688D
:109D2000DB88002B2DD13B685B887F2B29D83B68D3
:109D30005B88DBB203F07F03FB737B6893F89C3294
:109D4000DBB2032B04D13968786800F0A3F91DE079
:109D50007B68FA7B83F89E22FB7B1946786804F0C7
:109D6000D1F8786800F0E4F9FB7B002B04D07B6825
:109D7000022283F89C2209E07B68012283F89C225E
:109D800004E03968786800F085F900BF00BF10373B
:109D9000BD4680BD80B584B000AF786039600023D7
:109DA000FB733B685B88DAB24C4B1A704B4B1B78E9
:109DB000012B05D93968786800F06CF9032388E035
:109DC0007B6893F89C32DBB2022B02D0032B25D0A8
:109DD00071E0424B1B78002B1CD0404B1B781A467D
:109DE0007B685A603D4B1B7819467868FFF797F9F6
:109DF0000346FB73FB7B002B04D03968786800F0C6
:109E000049F965E0786800F093F97B68032283F8EC
:109E10009C225DE0786800F08BF959E02F4B1B78AD
:109E2000002B12D17B68022283F89C222B4B1B78DB
:109E30001A467B685A60294B1B7819467868FFF7E9
:109E40008AF9786800F074F942E0244B1B781A46CE
:109E50007B685B689A422AD07B685B68DBB21946F4
:109E60007868FFF778F91D4B1B781A467B685A60B3
:109E70001A4B1B7819467868FFF751F90346FB73B4
:109E8000FB7B002B0FD03968786800F003F97B6802
:109E90005B68DBB219467868FFF75DF97B680222E0
:109EA00083F89C2214E0786800F042F910E07868AA
:109EB00000F03EF90CE03968786800F0EBF8074BE9
:109EC0001B7819467868FFF746F90323FB7300BF38
:109ED000FB7B18461037BD4680BD00BF652B0320B5
:109EE00080B582B000AF786039603B68DB88012BB9
:109EF00004D03968786800F0CDF823E07B6893F8E7
:109F00009C32DBB2022B02DC002B03DC15E0032BBE
:109F10000BD012E07B6800229A607B680833012234
:109F20001946786800F0C7F80CE07B68043301221A
:109F30001946786800F0BFF804E03968786800F0E6
:109F4000A9F800BF00BF0837BD4680BD80B582B00C
:109F500000AF786039607B6893F89C32DBB2013BDC
:109F6000022B1ED83B68DB88022B04D03968786846
:109F700000F090F81AE07B680022DA607B68D3F882
:109F8000A432002B05D07B68DB6843F002027B68BB
:109F9000DA607B680C3302221946786800F08BF88F
:109FA00004E03968786800F075F800BF00BF083732
:109FB000BD4680BD80B582B000AF786039603B6837
:109FC0005B88012B06D17B680122C3F8A422786844
:109FD00000F0AEF800BF0837BD4680BD80B582B046
:109FE00000AF786039607B6893F89C32DBB2013B4C
:109FF000022B0BD83B685B88012B0CD17B680022BD
:10A00000C3F8A422786800F093F804E0396878680F
:10A0100000F040F800E000BF00BF0837BD4680BD3B
:10A0200080B584B000AF786039603B68FB60FB6846
:10A030001A787B681A70FB680133FB60FB681A783A
:10A040007B685A70FB680133FB60F868FFF7A9FA78
:10A0500003461A467B685A80FB680133FB60FB6845
:10A060000133FB60F868FFF79CFA03461A467B68E9
:10A070009A80FB680133FB60FB680133FB60F86882
:10A08000FFF78FFA03461A467B68DA8000BF103765
:10A09000BD4680BD80B582B000AF78603960802158
:10A0A000786803F0C5FE0021786803F0C1FE00BFA8
:10A0B0000837BD4680BD80B584B000AFF860B96098
:10A0C0007A60FB680222C3F89422FB687A689A617E
:10A0D000FB687A68DA617B68BA680021F86803F087
:10A0E00030FF002318461037BD4680BD80B584B0D0
:10A0F00000AFF860B9607A607B68BA680021F868E0
:10A1000003F01FFF002318461037BD4680BD80B501
:10A1100084B000AFF860B9607A607B68BA680021EB
:10A12000F86803F02FFF002318461037BD4680BDA6
:10A1300080B582B000AF78607B680422C3F89422B7
:10A14000002300220021786803F0FBFE002318465C
:10A150000837BD4680BD80B582B000AF78607B68AF
:10A160000522C3F89422002300220021786803F01E
:10A1700009FF002318460837BD4680BD80B483B070
:10A1800000AF03463960FB7197F90730002B0ADBFB
:10A190003B68DAB20C4997F907305201D2B20B444E
:10A1A00083F800230AE03B68DAB20849FB7903F040
:10A1B0000F03043B5201D2B20B441A7600BF0C3796
:10A1C000BD465DF8047B704700E100E000ED00E073
:10A1D00080B500AF054B1B6802F00CFA0346012B5B
:10A1E00001D003F00FFA00BF80BD00BF10E000E017
:10A1F00080B500AF00216FF00400FFF7BFFF00BF84
:10A2000080BD000080B483B000AFEFF305833B60F6
:10A210003B68002B03D06FF005037B600CE00A4B1A
:10A220001B68002B05D1084B01221A6000237B60BC
:10A2300002E04FF0FF337B607B6818460C37BD4669
:10A240005DF8047B704700BF682B032080B582B0A7
:10A2500000AFEFF305833B603B68002B03D06FF04A
:10A2600005037B6010E00B4B1B68012B09D1FFF746
:10A27000BFFF084B02221A6001F04CFD00237B60F7
:10A2800002E04FF0FF337B607B6818460837BD461D
:10A2900080BD00BF682B032080B58EB004AFF8608E
:10A2A000B9607A6000233B61EFF305837B617B69D2
:10A2B000002B7FD1FB68002B7CD04FF480733B6276
:10A2C0001823FB6100237B624FF0FF33BB617B6887
:10A2D000002B45D07B681B68002B02D07B681B6875
:10A2E0007B627B689B69002B02D07B689B69FB616A
:10A2F000FB69002B08D0FB69382B05D87B685B68AD
:10A3000003F00103002B01D0002354E07B685B695C
:10A31000002B03D07B685B699B083B627B689B6872
:10A32000002B0ED07B68DB68AB2B0AD97B681B69DE
:10A33000002B06D07B685B69002B02D00123BB6138
:10A3400010E07B689B68002B0CD17B68DB68002BDE
:10A3500008D17B681B69002B04D10023BB6101E09D
:10A360000023BB61BB69012B10D17B681B697A6834
:10A37000926802920193FB690093BB683A6A796A1A
:10A38000F86801F044FA03463B6113E0BB69002B17
:10A3900010D13B6A9AB207F110030193FB69009355
:10A3A000BB68796AF86801F07AFA0346012B01D09C
:10A3B00000233B613B6918462837BD4680BD80B508
:10A3C00084B000AF7860EFF30583BB60BB68002BFF
:10A3D00003D06FF00503FB6007E00023FB607B68A0
:10A3E000002B02D0786801F06FFCFB68184610372C
:10A3F000BD4680BD80B485B000AFF860B9607A60BA
:10A40000FB68074A1A60BB68064A1A607B684FF40B
:10A4100080721A6000BF1437BD465DF8047B704738
:10A420006C2B0320182C032080B485B000AFF8609B
:10A43000B9607A60FB68074A1A60BB68064A1A600E
:10A440007B684FF400721A6000BF1437BD465DF898
:10A45000047B704718300320C430032080B483B0DD
:10A4600000AF78607B6803F108027B685A607B6804
:10A470004FF0FF329A607B6803F108027B68DA6074
:10A480007B6803F108027B681A617B6800221A600E
:10A4900000BF0C37BD465DF8047B704780B483B0C5
:10A4A00000AF78607B6800221A6100BF0C37BD46A0
:10A4B0005DF8047B704780B485B000AF7860396088
:10A4C0007B685B68FB603B68FA685A60FB689A6867
:10A4D0003B689A60FB689B683A685A60FB683A6818
:10A4E0009A603B687A681A617B681B685A1C7B68B3
:10A4F0001A6000BF1437BD465DF8047B704780B416
:10A5000085B000AF786039603B681B68BB60BB6892
:10A51000B3F1FF3F03D17B681B69FB600CE07B68F4
:10A520000833FB6002E0FB685B68FB60FB685B680C
:10A530001B68BA689A42F6D2FB685A683B685A6050
:10A540003B685B683A689A603B68FA689A60FB68A7
:10A550003A685A603B687A681A617B681B685A1CC3
:10A560007B681A6000BF1437BD465DF8047B7047F6
:10A5700080B485B000AF78607B681B69FB607B6846
:10A580005B687A6892689A607B689B687A685268B0
:10A590005A60FB685B687A689A4203D17B689A6864
:10A5A000FB685A607B6800221A61FB681B685A1EB0
:10A5B000FB681A60FB681B6818461437BD465DF8D7
:10A5C000047B704780B584B000AF786039607B68E9
:10A5D000FB60FB68002B03D103F01EF900BFFDE711
:10A5E00002F0E4FFFB681A68FB68DB6BF968096C32
:10A5F00001FB03F31A44FB689A60FB6800229A632C
:10A60000FB681A68FB685A60FB681A68FB68DB6BBA
:10A61000013BF968096C01FB03F31A44FB68DA603B
:10A62000FB68FF2283F84420FB68FF2283F8452063
:10A630003B68002B0ED1FB681B69002B14D0FB6814
:10A640001033184601F008FE0346002B0CD002F030
:10A650009BFF09E0FB6810331846FFF7FFFEFB681D
:10A6600024331846FFF7FAFE02F0B2FF0123184622
:10A670001037BD4680BD80B588B002AFF860B960C4
:10A680007A603B60FB68002B03D103F0C5F800BF84
:10A69000FDE73B68002B03D103F0BEF800BFFDE7E8
:10A6A0007B68002B02D0BB68002B01D0012300E0A7
:10A6B0000023002B03D103F0AFF800BFFDE77B6858
:10A6C000002B02D1BB68002B01D1012300E0002345
:10A6D000002B03D103F0A0F800BFFDE750233B613E
:10A6E0003B69502B03D003F097F800BFFDE73B69AF
:10A6F0003B687B617B69002B0DD07B69012283F86D
:10A70000462097F820207B69009313467A68B96841
:10A71000F86800F005F87B6918461837BD4680BD1B
:10A7200080B584B000AFF860B9607A60FB70BB6838
:10A73000002B03D1BB69BA691A6002E0BB697A6871
:10A740001A60BB69FA68DA63BB69BA681A640121E6
:10A75000B869FFF737FFBB69FA7883F84C2000BF70
:10A760001037BD4680BD80B582B000AF78607B6891
:10A77000002B0ED07B6800229A607B6800221A6052
:10A780007B680022DA60002300220021786800F054
:10A790001FF800BF0837BD4680BD80B588B002AF46
:10A7A00003463960FB7101237B6100233B61FB7928
:10A7B00000933B68002239697869FFF75CFFF86015
:10A7C000F868FFF7D0FFFB6818461837BD4680BD14
:10A7D00080B58AB000AFF860B9607A603B60002352
:10A7E0007B62FB683B623B6A002B03D103F014F8E9
:10A7F00000BFFDE7BB68002B03D13B6A1B6C002B3D
:10A8000001D1012300E00023002B03D103F004F861
:10A8100000BFFDE73B68022B03D13B6ADB6B012BDA
:10A8200001D1012300E00023002B03D102F0F4FF4B
:10A8300000BFFDE701F0DEFE0346002B02D17B687E
:10A84000002B01D1012300E00023002B03D102F0F3
:10A85000E3FF00BFFDE702F0A9FE3B6A9A6B3B6A8B
:10A86000DB6B9A4202D33B68022B1DD13A68B96870
:10A87000386A00F0A3FAF8613B6A5B6A002B0AD0E1
:10A880003B6A2433184601F0E7FC0346002B07D04F
:10A8900002F07AFE04E0FB69002B01D002F074FEA6
:10A8A00002F096FE01235CE07B68002B03D102F0EE
:10A8B0008FFE002355E07B6A002B06D107F11403BD
:10A8C000184601F045FD01237B6202F081FE01F094
:10A8D00083FA02F06BFE3B6A93F844305BB2B3F14B
:10A8E000FF3F03D13B6A002283F844203B6A93F880
:10A8F00045305BB2B3F1FF3F03D13B6A002283F8DE
:10A90000452002F065FE3A1D07F114031146184672
:10A9100001F034FD0346002B1DD1386A00F046FBE0
:10A920000346002B11D03B6A10337A681146184653
:10A9300001F050FC386A00F0D1FA01F05BFA0346EE
:10A94000002B88D102F020FE85E7386A00F0C6FAB5
:10A9500001F050FA7FE7386A00F0C0FA01F04AFAD5
:10A96000002318462837BD4680BD80B58AB000AFA9
:10A97000F860B9607A603B60FB683B623B6A002B21
:10A9800003D102F049FF00BFFDE7BB68002B03D1F4
:10A990003B6A1B6C002B01D1012300E00023002B3C
:10A9A00003D102F039FF00BFFDE73B68022B03D162
:10A9B0003B6ADB6B012B01D1012300E00023002B5C
:10A9C00003D102F029FF00BFFDE702F025FFF86187
:10A9D0003B6A9A6B3B6ADB6B9A4202D33B68022B61
:10A9E0002DD13B6A93F84530FB763B6A9B6B7B61CC
:10A9F0003A68B968386A00F0E1F997F91B30B3F1A9
:10AA0000FF3F12D13B6A5B6A002B15D03B6A2433AF
:10AA1000184601F021FC0346002B0DD07B68002B6B
:10AA20000AD07B6801221A6006E0FB7E0133DBB2AC
:10AA30005AB23B6A83F8452001237B6201E0002380
:10AA40007B62F86902F0F5FE7B6A18462837BD463E
:10AA500080BD80B58AB000AFF860B9607A6000232D
:10AA60007B62FB683B623B6A002B03D102F0D4FEA1
:10AA700000BFFDE7BB68002B03D13B6A1B6C002BBA
:10AA800001D1012300E00023002B03D102F0C4FE1A
:10AA900000BFFDE701F0AEFD0346002B02D17B684D
:10AAA000002B01D1012300E00023002B03D102F091
:10AAB000B3FE00BFFDE702F079FD3B6A9B6BFB61D3
:10AAC000FB69002B19D0B968386A00F0E1F9FB691D
:10AAD0005A1E3B6A9A633B6A1B69002B09D03B6A8A
:10AAE0001033184601F0B8FB0346002B01D002F0EA
:10AAF0004BFD02F06DFD012363E07B68002B03D169
:10AB000002F066FD00235CE07B6A002B06D107F1B2
:10AB10001403184601F01CFC01237B6202F058FD6F
:10AB200001F05AF902F042FD3B6A93F844305BB2FF
:10AB3000B3F1FF3F03D13B6A002283F844203B6A14
:10AB400093F845305BB2B3F1FF3F03D13B6A00227B
:10AB500083F8452002F03CFD3A1D07F1140311462D
:10AB6000184601F00BFC0346002B1DD1386A00F09B
:10AB700007FA0346002B11D03B6A24337A6811464A
:10AB8000184601F027FB386A00F0A8F901F032F905
:10AB90000346002B8FD102F0F7FC8CE7386A00F0F7
:10ABA0009DF901F027F986E7386A00F097F901F07E
:10ABB00021F9386A00F0E4F90346002B3FF47BAF3B
:10ABC000002318462837BD4680BD80B58AB000AF47
:10ABD0007860396000237B627B68FB6100233B6205
:10ABE000FB69002B03D102F017FE00BFFDE7FB69F4
:10ABF0001B6C002B03D002F00FFE00BFFDE701F03D
:10AC0000F9FC0346002B02D13B68002B01D1012344
:10AC100000E00023002B03D102F0FEFD00BFFDE7A2
:10AC200002F0C4FCFB699B6BBB61BB69002B1ED0AF
:10AC3000BB695A1EFB699A63FB691B68002B04D130
:10AC400001F032FE0246FB699A60FB691B69002B2A
:10AC500009D0FB691033184601F0FEFA0346002BB9
:10AC600001D002F091FC02F0B3FC01238AE03B68C2
:10AC7000002B0AD13B6A002B03D002F0CDFD00BFB0
:10AC8000FDE702F0A5FC00237CE07B6A002B06D1E7
:10AC900007F10C03184601F05BFB01237B6202F015
:10ACA00097FC01F099F802F081FCFB6993F84430BD
:10ACB0005BB2B3F1FF3F03D1FB69002283F844206C
:10ACC000FB6993F845305BB2B3F1FF3F03D1FB69F9
:10ACD000002283F8452002F07BFC3A4607F10C0382
:10ACE0001146184601F04AFB0346002B2CD1F869A7
:10ACF00000F046F90346002B20D0FB691B68002BAF
:10AD000009D102F053FCFB699B68184601F090FCE6
:10AD1000386202F05DFCFB6924333A68114618463C
:10AD200001F058FAF86900F0D9F801F063F8034629
:10AD3000002B7FF475AF02F027FC71E7F86900F093
:10AD4000CDF801F057F86BE7F86900F0C7F801F0AB
:10AD500051F8F86900F014F90346002B3FF460AF96
:10AD60003B6A002B0DD002F021FCF86900F00EF8D0
:10AD70007861FB699B687969184601F021FD02F052
:10AD800027FC002318462837BD4680BD80B485B017
:10AD900000AF78607B685B6A002B06D07B681B6B1A
:10ADA0001B68C3F13803FB6001E00023FB60FB6814
:10ADB00018461437BD465DF8047B704780B586B0F1
:10ADC00000AFF860B9607A6000237B61FB689B6B21
:10ADD0003B61FB681B6C002B0DD1FB681B68002BD3
:10ADE0004DD1FB689B68184601F08AFC7861FB68CE
:10ADF00000229A6043E07B68002B19D1FB685868F9
:10AE0000FB681B6C1A46B96803F0AEFAFB685A6817
:10AE1000FB681B6C1A44FB685A60FB685A68FB6845
:10AE20009B689A422BD3FB681A68FB685A6026E03D
:10AE3000FB68D868FB681B6C1A46B96803F094FA83
:10AE4000FB68DA68FB681B6C5B421A44FB68DA60DB
:10AE5000FB68DA68FB681B689A4207D2FB689A684D
:10AE6000FB681B6C5B421A44FB68DA607B68022B50
:10AE700005D13B69002B02D03B69013B3B613B693B
:10AE80005A1CFB689A637B6918461837BD4680BD1B
:10AE900080B582B000AF786039607B681B6C002B96
:10AEA00018D07B68DA687B681B6C1A447B68DA60B0
:10AEB0007B68DA687B689B689A4203D37B681A6870
:10AEC0007B68DA607B68D9687B681B6C1A463868D7
:10AED00003F04AFA00BF0837BD4680BD80B584B094
:10AEE00000AF786002F062FB7B6893F84530FB733B
:10AEF00011E07B685B6A002B12D07B682433184614
:10AF000001F0AAF90346002B01D001F08BFAFB7B7C
:10AF1000013BDBB2FB7397F90F30002BE9DC00E05B
:10AF200000BF7B68FF2283F8452002F051FB02F04E
:10AF30003DFB7B6893F84430BB7311E07B681B6971
:10AF4000002B12D07B681033184601F085F90346B8
:10AF5000002B01D001F066FABB7B013BDBB2BB7377
:10AF600097F90E30002BE9DC00E000BF7B68FF2280
:10AF700083F8442002F02CFB00BF1037BD4680BD93
:10AF800080B584B000AF786002F010FB7B689B6BEB
:10AF9000002B02D10123FB6001E00023FB6002F0E3
:10AFA00017FBFB6818461037BD4680BD80B584B0DE
:10AFB00000AF786002F0FAFA7B689A6B7B68DB6B13
:10AFC0009A4202D10123FB6001E00023FB6002F002
:10AFD000FFFAFB6818461037BD4680BD80B485B0C7
:10AFE00000AF786039600023FB6014E00F4AFB6813
:10AFF00052F83330002B0BD10C49FB683A6841F80A
:10B0000033200A4AFB68DB0013447A685A6006E082
:10B01000FB680133FB60FB68072BE7D900BF00BF6B
:10B020001437BD465DF8047B704700BFC438032069
:10B0300080B586B000AFF860B9607A60FB687B616C
:10B0400002F0B4FA7B6993F844305BB2B3F1FF3F8E
:10B0500003D17B69002283F844207B6993F8453053
:10B060005BB2B3F1FF3F03D17B69002283F8452037
:10B0700002F0AEFA7B699B6B002B06D17B6924330F
:10B080007A68B968184601F0C3F87869FFF726FFB7
:10B0900000BF1837BD4680BD80B58AB002AFF860EA
:10B0A000B9607A603B60BB6A7B613B68002B03D16F
:10B0B00002F0B2FB00BFFDE7BB6A002B03D102F038
:10B0C000ABFB00BFFDE7BA68FB689A4203D902F008
:10B0D000A3FB00BFFDE7BB68002B01D10123BB60D0
:10B0E0007B68002B02D00323FB7601E00223FB7672
:10B0F000FB68042B03D802F08FFB00BFFDE724237D
:10B100003B613B69242B03D002F086FB00BFFDE7C7
:10B110003B68002B14D0BB6A002B11D0FB7E009340
:10B12000BB68FA683968786900F045FB7B691B7F6A
:10B1300043F00203DAB27B691A77BB6AFB6101E074
:10B140000023FB61FB6918462037BD4680BD80B5F2
:10B1500088B002AF78607B683B6100237B613B690C
:10B16000002B03D102F058FB00BFFDE73B691B6ACF
:10B17000FB6002F01BFA3B691B69002B15D13B6990
:10B180005B69002B11D13B6999693B699A683B69FE
:10B19000D8683B691B7F00930346386900F00BFBBE
:10B1A00001237B613B69FA681A6202F011FA7B693C
:10B1B00018461837BD4680BD80B584B000AF7860B2
:10B1C0007B68BB60BB68002B03D102F025FB00BF8E
:10B1D000FDE7BB689A68BB681B681344FB60BB68EB
:10B1E0005B68FA68D31AFB60FB68013BFB60BB68D5
:10B1F0009B68FA689A4204D3BB689B68FA68D31AC2
:10B20000FB60FB6818461037BD4680BD80B584B032
:10B2100000AF78607B68FB60FB68002B03D102F015
:10B22000FBFA00BFFDE7F86800F0A5FAB860BB685C
:10B2300018461037BD4680BD80B58CB002AFF860AF
:10B24000B9607A603B60FB68FB6100237B627B68CE
:10B250003B62BB68002B03D102F0DEFA00BFFDE7C2
:10B26000FB69002B03D102F0D7FA00BFFDE7FB69B1
:10B270001B7F03F00103002B0AD03B6A04333B62BF
:10B280003A6A7B689A4203D802F0C6FA00BFFDE72B
:10B290003B68002B37D007F11003184601F038F84F
:10B2A00002F084F9F869FFF787FF78627A6A3B6AEF
:10B2B0009A4210D2002001F07BFDFB695B69002BF4
:10B2C00003D002F0A9FA00BFFDE701F083F90246BE
:10B2D000FB695A6102E002F07BF914E002F078F9B0
:10B2E0003B6800220021002001F036FBFB690022B0
:10B2F0005A613A4607F110031146184601F03EF82C
:10B300000346002BCCD07B6A002B03D1F869FFF7F2
:10B3100053FF78623B6A00937B6A7A68B968F86980
:10B3200000F078F8B861BB69002B19D0F86900F01B
:10B3300022FA0246FB69DB689A4211D300F04CFD09
:10B34000FB691B69002B09D0FB69186900230022E7
:10B35000002101F059FBFB6900221A6100F04AFD4F
:10B36000BB6918462837BD4680BD80B58CB002AF9A
:10B37000F860B9607A603B60FB683B627B687B6227
:10B38000BB68002B03D102F047FA00BFFDE73B6A20
:10B39000002B03D102F040FA00BFFDE73B6A1B7FA0
:10B3A00003F00103002B02D07B6A04337B62386A0E
:10B3B000FFF702FFF8617B6A0093FB697A68B9685E
:10B3C000386A00F027F8B861BB69002B1DD0386AD5
:10B3D00000F0D1F902463B6ADB689A4215D302F0CD
:10B3E0001BFA78613B6A1B69002B0BD03B6A18691A
:10B3F0003B68009300230022002101F0A7FB3B6A79
:10B4000000221A61786902F014FABB6918462837DD
:10B41000BD4680BD80B586B000AFF860B9607A6087
:10B420003B603B68002B02D100237B611DE0FB6881
:10B430001B7F03F00103002B08D101237B617A6895
:10B440003B68934228BF13467B600EE03A683B6A34
:10B450009A4208D301237B613B1D04221946F868F8
:10B4600000F0C7F801E000237B617B69002B07D067
:10B470007B681A46B968F86800F0BBF8386101E0EB
:10B4800000233B613B6918461837BD4680BD80B537
:10B490008AB002AFF860B9607A603B60FB683B61DC
:10B4A0000023FB61BB68002B03D102F0B5F900BF9C
:10B4B000FDE73B69002B03D102F0AEF900BFFDE7C9
:10B4C0003B691B7F03F00103002B02D004237B6147
:10B4D00001E000237B613B68002B2DD002F066F871
:10B4E000386900F048F9B861BA697B699A420FD8A7
:10B4F000002001F05DFC3B691B69002B03D002F0CA
:10B500008BF900BFFDE701F065F802463B691A615F
:10B5100002F05EF8BA697B699A4211D83B68002252
:10B520000021002001F018FA3B6900221A613869F5
:10B5300000F021F9B86103E0386900F01CF9B86146
:10B54000BA697B699A421DD97B690093BB697A68A5
:10B55000B968386900F01BF8F861FB69002B11D05D
:10B5600000F03AFC3B695B69002B09D03B695869E4
:10B5700000230022002101F047FA3B6900225A61B2
:10B5800000F038FCFB6918462037BD4680BD80B509
:10B5900088B000AFF860B9607A603B60BB6A002B8E
:10B5A00019D0FB681B68BB6107F110013B68BA6AE0
:10B5B000F86800F07BF83B69FB613A68BB6AD31A14
:10B5C0003B60FA697B689A4207D9FB68BA691A60DE
:10B5D0000023FB6101E07B68FB613B68FA69B968A5
:10B5E000F86800F063F878617B6918462037BD463B
:10B5F00080BD80B586B000AFF860B9607A607B68C6
:10B60000002B03D102F008F900BFFDE7FB685B687F
:10B610007B61FB689A687B69D31A7A68934228BF7A
:10B6200013463B617A693B691A44FB689B689A42FE
:10B6300003D902F0F1F800BFFDE7FB689A697B6966
:10B6400013443A69B968184602F08EFE7A683B697D
:10B650009A4215D97A683B69D21AFB689B689A426C
:10B6600003D902F0D9F800BFFDE7FB689869BA6812
:10B670003B69D1187A683B69D31A1A4602F074FE06
:10B680007A697B6813447B61FB689B687A699A429C
:10B6900004D3FB689B687A69D31A7B61FB687A697B
:10B6A0005A607B6818461837BD4680BD80B588B0A3
:10B6B00000AFF860B9607A603B607A683B6893429B
:10B6C00028BF1346BB61BB69002B4FD0FB681B68CA
:10B6D000FB61FB689A68FB69D31ABA69934228BF79
:10B6E00013467B617A697B689A4203D902F094F829
:10B6F00000BFFDE7FA697B691A44FB689B689A42C0
:10B7000003D902F089F800BFFDE7FB689A69FB697D
:10B7100013447A691946B86802F026FEBA697B6953
:10B720009A4212D9BA697B689A4203D902F074F836
:10B7300000BFFDE7BA687B69D018FB689969BA69F0
:10B740007B69D31A1A4602F00FFEFA69BB691344EB
:10B75000FB61FB689B68FA699A4204D3FB689B68AB
:10B76000FA69D31AFB61FB68FA691A60BB6918466B
:10B770002037BD4680BD80B485B000AF78607B685F
:10B780009A687B685B681344FB607B681B68FA6897
:10B79000D31AFB607B689B68FA689A4204D37B6883
:10B7A0009B68FA68D31AFB60FB6818461437BD46DD
:10B7B0005DF8047B704780B586B000AFF860B96073
:10B7C0007A603B6055237B617A687969B86802F0DA
:10B7D00021FD0246BB68934203D002F01DF800BF72
:10B7E000FDE724220021F86802F014FDFB68BA6826
:10B7F0009A61FB687A689A60FB683A68DA60FB686D
:10B8000097F820201A7700BF1837BD4680BD80B555
:10B810008CB004AFF860B9607A603B60FB6A002BC3
:10B8200003D101F0F9FF00BFFDE73B6B002B03D113
:10B8300001F0F2FF00BFFDE7AC237B617B69AC2B1D
:10B8400003D001F0E9FF00BFFDE77B693B6B002BF4
:10B850001ED0FB6A002B1BD03B6BFB61FB69FA6AB5
:10B860001A63FB69022283F8A92000230393FB6972
:10B87000029307F118030193BB6A00933B687A684F
:10B88000B968F86800F050F8F86900F0F1F801E0E4
:10B890000023BB61BB6918462037BD4680BD80B51B
:10B8A0008CB004AFF860B9603B601346FB80FB8846
:10B8B0009B00184602F018F878617B69002B0ED0C7
:10B8C000AC2002F011F8F861FB69002B03D0FB6992
:10B8D0007A691A6305E0786902F0BCF801E0002398
:10B8E000FB61FB69002B17D0FB69002283F8A920BC
:10B8F000FA8800230393FB690293FB6A0193BB6AF6
:10B9000000933B68B968F86800F00EF8F86900F039
:10B91000AFF80123BB6102E04FF0FF33BB61BB69AD
:10B9200018462037BD4680BD80B586B000AFF860B0
:10B93000B9607A603B60BB6A186B7B689B001A46F3
:10B94000A52102F067FCBB6A1A6B7B6803F1804398
:10B95000013B9B0013443B613B6923F007033B61C0
:10B960003B6903F00703002B03D001F055FF00BF34
:10B97000FDE7BB68002B1FD000237B6112E0BA6893
:10B980007B6913441978BA6A7B69134434330A46D5
:10B990001A70BA687B6913441B78002B06D07B6948
:10B9A00001337B617B690F2BE9D900E000BFBB6AE3
:10B9B000002283F8432003E0BB6A002283F834208E
:10B9C0003B6A372B01D937233B62BB6A3A6ADA629A
:10B9D000BB6A3A6ADA64BB6A00221A65BB6A04333E
:10B9E0001846FEF75BFDBB6A18331846FEF756FD96
:10B9F000BB6ABA6A1A613B6AC3F13802BB6A9A61D0
:10BA0000BB6ABA6A5A62BB6A00225A65BB6A0022E4
:10BA1000C3F8A420BB6A002283F8A820BB6A58336D
:10BA20004C220021184602F0F5FBBB6A0D4ADA658C
:10BA3000BB6A0D4A1A66BB6A0C4A5A66BB6A196B26
:10BA40003B68FA68386901F011FE0246BB6A1A6069
:10BA50007B6A002B02D07B6ABA6A1A6000BF183773
:10BA6000BD4680BD60570320C857032030580320CF
:10BA700080B582B000AF786001F098FD2A4B1B685A
:10BA80000133294A1360294B1B68002B09D1274A2F
:10BA90007B681360244B1B68012B10D100F0DEFC87
:10BAA0000DE0234B1B68002B09D1204B1B68DA6A81
:10BAB0007B68DB6A9A4202D81C4A7B6813601D4B84
:10BAC0001B6801331B4A13601A4B1A687B685A645F
:10BAD0007B68DA6A184B1B689A4203D97B68DB6A79
:10BAE000154A13607B68DA6A13469B0013449B0077
:10BAF000124A1A447B68043319461046FEF7DBFCF1
:10BB000001F066FD0A4B1B68002B08D0074B1B6831
:10BB1000DA6A7B68DB6A9A4201D201F035FD00BF28
:10BB20000837BD4680BD00BFD83D0320043903203F
:10BB3000E43D0320F43D0320E03D032008390320C9
:10BB400080B584B000AF786001F030FD7B68002BD9
:10BB500002D1264B1B6800E07B68FB60FB68043366
:10BB60001846FEF705FDFB689B6A002B04D0FB68B6
:10BB700018331846FEF7FCFC1D4B1B6801331C4AAA
:10BB800013601A4B1B68FA689A420BD1FB680433A6
:10BB900019461848FEF78FFC174B1B680133164AED
:10BBA000136009E0154B1B68013B144A1360F868E9
:10BBB00000F0C2FC00F0EEFC01F00AFD104B1B6827
:10BBC000002B0ED0094B1B68FA689A4209D10D4B25
:10BBD0001B68002B03D001F01FFE00BFFDE701F042
:10BBE000D3FC00BF1037BD4680BD00BF0439032021
:10BBF000F43D0320AC3D0320C03D0320D83D03208D
:10BC0000E43D0320003E032080B586B000AF78609D
:10BC1000396000237B617B68002B03D101F0FCFDC0
:10BC200000BFFDE73B68002B03D101F0F5FD00BF2D
:10BC3000FDE7234B1B68002B03D001F0EDFD00BF97
:10BC4000FDE700F0C9F81F4B1B683B617B681B6870
:10BC50003A681344FB607B681B683A699A420BD2CE
:10BC60007B681B68FA689A4211D2FA683B699A426B
:10BC70000DD901237B610AE07B681B68FA689A4250
:10BC800003D3FA683B699A4201D901237B617B683F
:10BC9000FA681A607B69002B06D0FA683B69D31AF0
:10BCA0000021184601F0AAF800F0A4F8B860BB68BB
:10BCB000002B01D101F068FC00BF1837BD4680BDE4
:10BCC000003E0320DC3D032080B584B000AF7860E7
:10BCD0000023FB607B68002B10D00D4B1B68002BF2
:10BCE00003D001F099FD00BFFDE700F075F80021D9
:10BCF000786801F083F800F07DF8F860FB68002BAD
:10BD000001D101F041FC00BF1037BD4680BD00BF2E
:10BD1000003E032080B588B004AF0023BB60002341
:10BD20007B603A46391D07F108031846FEF762FBAF
:10BD300039687B68BA68029201930023009300235C
:10BD40000A461D491D48FFF762FD03461C4A136061
:10BD50001B4B1B68002B02D00123FB6001E000237A
:10BD6000FB60FB68012B02D101F09CF8F860FB68D6
:10BD7000012B15D101F050FD124B1B685833124AAC
:10BD80001360124B4FF0FF321A60114B01221A6000
:10BD9000104B00221A60E4F727FC01F0F1FC07E0E9
:10BDA000FB68B3F1FF3F03D101F036FD00BFFDE7B3
:10BDB00000BF1037BD4680BDF0EC01083DC401084E
:10BDC000FC3D03200439032008020320F83D032032
:10BDD000E43D0320DC3D032080B400AF044B1B682E
:10BDE0000133034A136000BFBD465DF8047B704712
:10BDF000003E032080B584B000AF0023FB60002329
:10BE0000BB603B4B1B68002B03D101F005FD00BF5D
:10BE1000FDE701F0CBFB364B1B68013B344A136056
:10BE2000334B1B68002B5CD1324B1B68002B58D066
:10BE30002FE0314BDB68DB68FB60FB68183318468A
:10BE4000FEF796FBFB6804331846FEF791FBFB6890
:10BE5000DA6A2A4B1B689A4203D9FB68DB6A274AD5
:10BE60001360FB68DA6A13469B0013449B00244A64
:10BE70001A44FB68043319461046FEF71CFBFB68A6
:10BE8000DA6A204B1B68DB6A9A4202D31E4B0122FE
:10BE90001A60194B1B68002BCBD1FB68002B01D01B
:10BEA00000F078FB194B1B687B607B68002B10D07F
:10BEB00000F03EF80346002B02D0134B01221A601B
:10BEC0007B68013B7B607B68002BF1D10F4B00222C
:10BED0001A600D4B1B68002B03D00123BB6001F0DF
:10BEE00053FB01F075FBBB6818461037BD4680BD9B
:10BEF000003E0320D83D0320983D0320E03D032071
:10BF00000839032004390320EC3D0320E83D0320D9
:10BF100080B483B000AF054B1B687B607B6818461C
:10BF20000C37BD465DF8047B704700BFDC3D032045
:10BF300080B586B000AF00237B614B4B1B68002BA4
:10BF400040F08880494B1B6801333B61474A3B699D
:10BF500013603B69002B19D1454B1B681B68002BF4
:10BF600003D001F059FC00BFFDE7414B1B68FB60AB
:10BF7000404B1B683E4A13603E4AFB6813603E4BD1
:10BF80001B6801333C4A136000F004FB3B4B1B6809
:10BF90003A699A4249D3364B1B681B68002B04D17F
:10BFA000364B4FF0FF321A603FE0314B1B68DB68C5
:10BFB000DB68BB60BB685B687B603A697B689A4200
:10BFC00003D22E4A7B6813602FE0BB680433184607
:10BFD000FEF7CEFABB689B6A002B04D0BB6818330F
:10BFE0001846FEF7C5FABB68DA6A254B1B689A4209
:10BFF00003D9BB68DB6A224A1360BB68DA6A13465E
:10C000009B0013449B001F4A1A44BB680433194623
:10C010001046FEF750FABB68DA6A1B4B1B68DB6AF6
:10C020009A42B8D301237B61B5E7174B1B68DA6AE4
:10C03000144913469B0013449B000B441B68012BBF
:10C0400001D901237B61114B1B68002B07D0012311
:10C050007B6104E00E4B1B6801330D4A13607B6962
:10C0600018461837BD4680BD003E0320DC3D032046
:10C07000903D0320943D0320F03D0320F83D032034
:10C08000E03D03200839032004390320EC3D032060
:10C09000E83D032080B584B000AF464B1B68002B01
:10C0A00003D0454B01221A607FE0434B00221A6007
:10C0B000E4F7A8FA0346414A1360404B1A68404B24
:10C0C0001B689A4209D93D4B1A683D4B1B68D11A2F
:10C0D0003C4B1B685A6D0A445A65384B1B68384AFA
:10C0E0001360384B1B681B6BBB604FF0A5337B6044
:10C0F000BB681B687A689A4211D1BB6804331B681D
:10C100007A689A420BD1BB6808331B687A689A42F6
:10C1100005D1BB680C331B687A689A4208D0294B5A
:10C120001A68284B1B68343319461046E4F750FA56
:10C13000254B1B68FB6009E0FB68002B03D101F075
:10C140006BFB00BFFDE7FB68013BFB601F49FA6822
:10C1500013469B0013449B000B441B68002BEBD041
:10C16000FA6813469B0013449B00184A13443B6033
:10C170003B685B685A683B685A603B685A683B6832
:10C1800008339A4204D13B685B685A683B685A603E
:10C190003B685B68DB680B4A13600B4AFB68136003
:10C1A000084B1B6858330A4A136000BF1037BD465E
:10C1B00080BD00BF003E0320EC3D0320083E03206D
:10C1C000043E032004390320E03D03200839032006
:10C1D0000802032080B582B000AF786039607B68C8
:10C1E000002B03D101F018FB00BFFDE7074B1B68D4
:10C1F000183319467868FEF782F90121386800F093
:10C20000FDFD00BF0837BD4680BD00BF04390320D7
:10C2100080B584B000AFF860B9607A60FB68002B2D
:10C2200003D101F0F9FA00BFFDE70A4B1B68183390
:10C230001946F868FEF73FF97B68002B02D04FF0F3
:10C24000FF33BB607968B86800F0D8FD00BF1037D5
:10C25000BD4680BD0439032080B584B000AF78604E
:10C260007B68DB68DB68BB60BB68002B03D101F037
:10C27000D3FA00BFFDE7BB6818331846FEF778F91C
:10C280001D4B1B68002B1DD1BB6804331846FEF7FD
:10C290006FF9BB68DA6A194B1B689A4203D9BB680D
:10C2A000DB6A164A1360BB68DA6A13469B001344C4
:10C2B0009B00134A1A44BB68043319461046FEF724
:10C2C000FAF805E0BB68183319460E48FEF7F3F894
:10C2D000BB68DA6A0C4B1B68DB6A9A4205D90123FA
:10C2E000FB600A4B01221A6001E00023FB60FB683F
:10C2F00018461037BD4680BD003E0320E03D0320B8
:10C3000008390320983D032004390320EC3D032025
:10C3100080B582B000AF78607B68002B03D101F05C
:10C320007BFA00BFFDE701F041F9074B1A687B6813
:10C330001A60064B1A687B685A6001F049F900BF21
:10C340000837BD4680BD00BFF03D0320DC3D032023
:10C3500080B483B000AF7860064B1A687B681A60BF
:10C36000054B1A687B685A6000BF0C37BD465DF804
:10C37000047B7047F03D0320DC3D032080B586B090
:10C3800000AF786039607B68002B03D101F044FA7C
:10C3900000BFFDE73B68002B03D101F03DFA00BF71
:10C3A000FDE701F003F91D4B1B683B617B685B688F
:10C3B0003A69D31AFB603B681B68B3F1FF3F02D1B7
:10C3C00000237B6123E07B681A68154B1B689A4247
:10C3D00007D07B685B683A699A4202D301237B618C
:10C3E00015E03B681B68FA689A420BD23B681A68F2
:10C3F000FB68D21A3B681A607868FFF7A9FF002330
:10C400007B6104E03B6800221A6001237B6101F03C
:10C41000DFF87B6918461837BD4680BDDC3D032038
:10C42000F03D032080B400AF034B01221A6000BF2F
:10C43000BD465DF8047B7047EC3D032080B582B0BB
:10C4400000AF786000F04AF8034B1B68012BF9D964
:10C4500001F09AF8F6E700BF0839032080B582B0F2
:10C4600000AF00237B600CE07A6813469B00134406
:10C470009B00124A13441846FDF7F0FF7B68013316
:10C480007B607B68372BEFD90D48FDF7E7FF0D4840
:10C49000FDF7E4FF0C48FDF7E1FF0C48FDF7DEFF78
:10C4A0000B48FDF7DBFF0B4B054A1A600A4B054AA8
:10C4B0001A6000BF0837BD4680BD00BF08390320A1
:10C4C000683D03207C3D0320983D0320AC3D0320C4
:10C4D000C43D0320903D0320943D032080B582B0ED
:10C4E00000AF19E001F062F8104BDB68DB687B609D
:10C4F0007B6804331846FEF73BF80D4B1B68013B85
:10C500000B4A13600B4B1B68013B0A4A136001F096
:10C510005FF8786800F010F8064B1B68002BE1D13B
:10C5200000BF00BF0837BD4680BD00BFAC3D032043
:10C53000D83D0320C03D032080B582B000AF7860B5
:10C540007B685833184601F06DFE7B6893F8A9307C
:10C55000002B08D17B681B6B184601F07BFA7868CA
:10C5600001F078FA11E07B6893F8A930012B03D130
:10C57000786801F06FFA08E07B6893F8A930022B25
:10C5800003D001F049F900BFFDE700BF0837BD4601
:10C5900080BD000080B483B000AF0C4B1B681B68EB
:10C5A000002B04D10A4B4FF0FF321A6008E0074B12
:10C5B0001B68DB68DB687B607B685B68044A136030
:10C5C00000BF0C37BD465DF8047B7047903D0320EB
:10C5D000F83D032080B483B000AF054B1B687B603F
:10C5E0007B6818460C37BD465DF8047B704700BF7A
:10C5F0000439032080B483B000AF0B4B1B68002BC1
:10C6000002D101237B6008E0084B1B68002B02D19C
:10C6100002237B6001E000237B607B6818460C37B7
:10C62000BD465DF8047B7047E43D0320003E0320D7
:10C6300080B584B000AF78607B68BB600023FB608E
:10C640007B68002B51D0BB68DA6A2A4B1B68DB6A17
:10C650009A4241D2BB689B69002B06DB254B1B68C5
:10C66000DB6AC3F13802BB689A61BB685969BB6871
:10C67000DA6A13469B0013449B001F4A13449942F5
:10C6800022D1BB6804331846FDF772FF194B1B68B3
:10C69000DA6ABB68DA62BB68DA6A184B1B689A42CE
:10C6A00003D9BB68DB6A154A1360BB68DA6A1346B4
:10C6B0009B0013449B00104A1A44BB68043319467C
:10C6C0001046FDF7F8FE04E00A4B1B68DA6ABB6807
:10C6D000DA620123FB6008E0BB68DA6C054B1B687B
:10C6E000DB6A9A4201D20123FB60FB6818461037CF
:10C6F000BD4680BD0439032008390320E03D0320F6
:10C7000080B584B000AF78607B68BB600023FB60BD
:10C710007B68002B48D0274B1B68BA689A4203D02D
:10C7200001F07AF800BFFDE7BB681B6D002B03D159
:10C7300001F072F800BFFDE7BB681B6D5A1EBB68B5
:10C740001A65BB68DA6ABB68DB6C9A422CD0BB689E
:10C750001B6D002B28D1BB6804331846FDF708FF7A
:10C76000BB68DA6CBB68DA62BB68DB6AC3F13802AB
:10C77000BB689A61BB68DA6A0F4B1B689A4203D99F
:10C78000BB68DB6A0C4A1360BB68DA6A13469B001D
:10C7900013449B00094A1A44BB68043319461046E7
:10C7A000FDF789FE0123FB60FB6818461037BD4684
:10C7B00080BD00BF04390320E03D03200839032079
:10C7C00080B586B000AF786039607B683B6101233B
:10C7D000FB607B68002B5CD03B691B6D002B03D199
:10C7E00001F01AF800BFFDE73B69DB6C3A689A423A
:10C7F00002D93B687B6102E03B69DB6C7B613B6992
:10C80000DB6A7A699A4244D03B691B6DFA689A42A6
:10C810003FD1224B1B683A699A4203D100F0FCFFDA
:10C8200000BFFDE73B69DB6ABB603B697A69DA629E
:10C830003B699B69002B04DB7B69C3F138023B69D0
:10C840009A613B695969BA6813469B0013449B007F
:10C85000134A134499421CD13B6904331846FDF72F
:10C8600087FE3B69DA6A0F4B1B689A4203D93B6922
:10C87000DB6A0C4A13603B69DA6A13469B00134477
:10C880009B00074A1A443B69043319461046FDF7DA
:10C8900012FE00BF1837BD4680BD00BF043903201B
:10C8A00008390320E03D032080B400AF074B1B682C
:10C8B000002B04D0054B1B681A6D01321A65034B1F
:10C8C0001B681846BD465DF8047B70470439032099
:10C8D00080B584B000AF7860396000F067FE1D4B12
:10C8E0001B68D3F8A430002B0DD11A4B1B68012212
:10C8F00083F8A8203B68002B05D00121386800F0A0
:10C900007DFA00F041FE00F063FE00F04FFE114B97
:10C910001B68D3F8A430FB60FB68002B0ED07B684B
:10C92000002B05D00B4B1B680022C3F8A42005E0A8
:10C93000084B1B68FA68013AC3F8A420054B1B6832
:10C94000002283F8A82000F043FEFB681846103749
:10C95000BD4680BD0439032080B586B000AFF860C5
:10C96000B9607A603B6000F021FE264B1B6893F8AB
:10C97000A830DBB2022B16D0224B1B68D3F8A410D0
:10C98000FA68D2430A40C3F8A4201E4B1B68012258
:10C9900083F8A8203B68002B05D00121386800F0FF
:10C9A0002DFA00F0F1FD00F013FE00F0FFFD7B68B2
:10C9B000002B05D0134B1B68D3F8A4207B681A60AA
:10C9C000104B1B6893F8A830DBB2022B02D0002377
:10C9D0007B610AE00B4B1B68D3F8A410BA68D24302
:10C9E0000A40C3F8A42001237B61064B1B68002288
:10C9F00083F8A82000F0ECFD7B6918461837BD4687
:10CA000080BD00BF0439032080B588B000AFF86056
:10CA1000B9603B601346FB710123FB61FB68002B8F
:10CA200003D100F0F9FE00BFFDE7FB68BB6100F039
:10CA3000BDFD3B68002B04D0BB69D3F8A4203B6844
:10CA40001A60BB6993F8A830FB75BB69022283F8B2
:10CA5000A820FB79042B2ED801A252F823F000BFA6
:10CA6000CBCA010875CA010887CA010897CA01081C
:10CA7000A1CA0108BB69D3F8A420BB681A43BB69EB
:10CA8000C3F8A42024E0BB69D3F8A4305A1CBB69C6
:10CA9000C3F8A4201CE0BB69BA68C3F8A42017E05F
:10CAA000FB7D022B04D0BB69BA68C3F8A4200FE059
:10CAB0000023FB610CE0BB69D3F8A430B3F1FF3F66
:10CAC00005D000F0A9FE00BFFDE700BF00E000BFF9
:10CAD000FB7D012B2DD1BB6904331846FDF748FDC2
:10CAE000BB69DA6A164B1B689A4203D9BB69DB6AD9
:10CAF000134A1360BB69DA6A13469B0013449B0018
:10CB0000104A1A44BB69043319461046FDF7D3FC9A
:10CB1000BB699B6A002B03D000F07EFE00BFFDE7DF
:10CB2000BB69DA6A084B1B68DB6A9A4201D900F0DC
:10CB30002BFD00F04DFDFB6918462037BD4680BD3A
:10CB4000E03D0320083903200439032080B588B074
:10CB500000AFF860B9603B601346FB710123FB61D5
:10CB6000FB68002B03D100F057FE00BFFDE7FB6818
:10CB7000BB6100F051FE78613B68002B04D0BB69BB
:10CB8000D3F8A4203B681A60BB6993F8A830FB7403
:10CB9000BB69022283F8A820FB79042B2DD801A2BF
:10CBA00052F823F00FCC0108B9CB0108CBCB010818
:10CBB000DBCB0108E5CB0108BB69D3F8A420BB6837
:10CBC0001A43BB69C3F8A42024E0BB69D3F8A4309E
:10CBD0005A1CBB69C3F8A4201CE0BB69BA68C3F83F
:10CBE000A42017E0FB7C022B04D0BB69BA68C3F811
:10CBF000A4200FE00023FB610CE0BB69D3F8A43054
:10CC0000B3F1FF3F05D000F007FE00BFFDE700BF16
:10CC100000E000BFFB7C012B3FD1BB699B6A002B6E
:10CC200003D000F0F9FD00BFFDE7204B1B68002B8F
:10CC30001DD1BB6904331846FDF79AFCBB69DA6A5B
:10CC40001B4B1B689A4203D9BB69DB6A184A136005
:10CC5000BB69DA6A13469B0013449B00154A1A44C9
:10CC6000BB69043319461046FDF725FC05E0BB6996
:10CC7000183319461048FDF71EFCBB69DA6A0F4BE2
:10CC80001B68DB6A9A4208D9BB6A002B02D0BB6AD8
:10CC900001221A600A4B01221A60786900F0C9FD6E
:10CCA000FB6918462037BD4680BD00BF003E03200B
:10CCB000E03D032008390320983D03200439032078
:10CCC000EC3D032080B586B000AF786039607B68AA
:10CCD000002B03D100F0A0FD00BFFDE77B687B6166
:10CCE00000F09AFD38617B6993F8A830FB737B698B
:10CCF000022283F8A8207B69D3F8A4305A1C7B69F0
:10CD0000C3F8A420FB7B012B3FD17B699B6A002BDE
:10CD100003D000F081FD00BFFDE71F4B1B68002B17
:10CD20001DD17B6904331846FDF722FC7B69DA6A62
:10CD30001A4B1B689A4203D97B69DB6A174A136056
:10CD40007B69DA6A13469B0013449B00144A1A4419
:10CD50007B69043319461046FDF7ADFB05E07B699E
:10CD6000183319460F48FDF7A6FB7B69DA6A0E4BAC
:10CD70001B68DB6A9A4208D93B68002B02D03B68EB
:10CD800001221A60094B01221A60386900F051FD36
:10CD900000BF1837BD4680BD003E0320E03D0320A4
:10CDA00008390320983D032004390320EC3D03207B
:10CDB00080B584B000AF78607B68002B02D10E4B49
:10CDC0001B6800E07B68BB6000F0F0FBBB6893F879
:10CDD000A830DBB2022B06D1BB68002283F8A82062
:10CDE0000123FB6001E00023FB6000F0F1FBFB6826
:10CDF00018461037BD4680BD0439032080B584B085
:10CE000000AF78603960214B1B68FB60204B1B68CA
:10CE100004331846FDF7ACFB7B68B3F1FF3F0AD142
:10CE20003B68002B07D01A4B1B680433194619487E
:10CE3000FDF741FB26E0FA687B681344BB60144BA6
:10CE40001B68BA685A60BA68FB689A4209D2124BEA
:10CE50001A680F4B1B68043319461046FDF74FFB49
:10CE600010E00E4B1A680A4B1B6804331946104633
:10CE7000FDF745FB0A4B1B68BA689A4202D2084A82
:10CE8000BB68136000BF1037BD4680BDDC3D03208A
:10CE900004390320C43D0320943D0320903D03202A
:10CEA000F83D032080B588B004AF0023FB6000F09C
:10CEB000D3FA184B1B68002B20D00023BB60002343
:10CEC0007B603A46391D07F108031846FDF7ACFAB6
:10CED00039687B68BA6802920193022300930023A9
:10CEE0000A460D490D48FEF792FC03460C4A1360B2
:10CEF0000B4B1B68002B01D00123FB60FB68002B50
:10CF000003D100F089FC00BFFDE7FB68184610372D
:10CF1000BD4680BD3C3E032020ED01083DD0010808
:10CF2000403E032080B58AB000AFF860B9607A60F7
:10CF30003B6000237B62FB68002B03D100F06CFC9C
:10CF400000BFFDE7194B1B68002B2AD0BB687B6133
:10CF50007B68BB61FB68FB61BB68052B18DCFFF7D6
:10CF600049FB0346022B09D1104B186807F1140145
:10CF700000233A6BFDF72CFC786212E00B4B18682B
:10CF800007F1140100230022FDF722FC786208E07B
:10CF9000064B186807F1140100233A68FDF7E5FC19
:10CFA00078627B6A18462837BD4680BD3C3E032028
:10CFB00080B586B002AF786039601F4B1B68DB68B4
:10CFC000DB68FB60FB6804331846FDF7D1FAFB68A9
:10CFD00093F8283003F00403002B1BD0FB689A69F8
:10CFE0007B68D1187B683A68F86800F0C5F803469A
:10CFF000002B18D00023009300237A680021F868E2
:10D00000FFF790FFB860BB68002B0CD100F004FC68
:10D0100000BFFDE7FB6893F8283023F00103DAB284
:10D02000FB6883F82820FB681B6AF868984700BFF4
:10D030001037BD4680BD00BF343E032080B584B0AC
:10D0400000AF786007F10803184600F051F8F86067
:10D05000BB681946F86800F005F800F0CFF800BF8B
:10D06000F0E7000080B584B000AF78603960FEF76B
:10D07000B3FE07F10803184600F05EF8F860BB68DD
:10D08000002B2AD13B68002B0AD17A68FB689A42B0
:10D0900006D8FEF7AFFEF9687868FFF789FF1EE053
:10D0A0003B68002B08D0104B1B681B68002B01D17C
:10D0B000012300E000233B600C4B18687A68FB6892
:10D0C000D31A3A681946FDF7B3FFFEF793FE0346FD
:10D0D000002B04D100F058FA01E0FEF78BFE00BFF0
:10D0E0001037BD4680BD00BF383E03203C3E0320C4
:10D0F00080B485B000AF78600E4B1B681B68002BB6
:10D1000001D1012200E000227B681A607B681B6865
:10D11000002B05D1074B1B68DB681B68FB6001E037
:10D120000023FB60FB6818461437BD465DF8047B9E
:10D13000704700BF343E032080B584B000AF7860F4
:10D14000FEF7E6FEF8600B4B1B68FA689A4205D2C0
:10D1500000F024F97B6801221A6002E07B6800225B
:10D160001A60044AFB681360FB6818461037BD4616
:10D1700080BD00BF443E032080B586B000AFF8609C
:10D18000B9607A603B6000237B61FB68BA685A60D3
:10D19000FB68FA681A61BA687B689A4212D87A68A2
:10D1A0003B68D21AFB689B699A4202D301237B61D8
:10D1B0001BE0104B1A68FB68043319461046FDF754
:10D1C0009EF912E07A683B689A4206D2BA683B68D8
:10D1D0009A4202D301237B6107E0074B1A68FB6880
:10D1E000043319461046FDF78AF97B69184618374B
:10D1F000BD4680BD383E0320343E032080B58CB050
:10D2000002AFB8E0BB68002B12DA07F10803043361
:10D210007B627B6A002B03D100F0FEFA00BFFDE7C2
:10D220007B6A1B687A6A50687A6A926811469847E6
:10D23000BB68002BC0F29F803B693B623B6A5B6925
:10D24000002B04D03B6A04331846FDF791F93B1DCF
:10D250001846FFF771FFF861BB68092B00F2888060
:10D2600001A252F823F000BF91D2010891D2010827
:10D2700091D20108F7D201080BD3010847D3010866
:10D2800091D2010891D20108F7D201080BD301080D
:10D290003B6A93F8283043F00103DAB23B6A83F823
:10D2A0002820FA683B6A9B69D118FB68FA69386ADA
:10D2B000FFF762FF0346002B5CD03B6A1B6A386AAB
:10D2C00098473B6A93F8283003F00403002B51D0B1
:10D2D000FA683B6A9B691A440023009300230021EB
:10D2E000386AFFF71FFEB861BB69002B42D100F01E
:10D2F00093FA00BFFDE73B6A93F8283023F001035F
:10D30000DAB23B6A83F8282035E03B6A93F828308C
:10D3100043F00103DAB23B6A83F82820FA683B6ADB
:10D320009A613B6A9B69002B03D100F075FA00BF3C
:10D33000FDE73B6A9A69FB69D118FB69FA69386AAB
:10D34000FFF71AFF17E03B6A93F8283003F0020357
:10D35000002B03D1386A00F07DFB0CE03B6A93F8A8
:10D36000283023F00103DAB23B6A83F8282002E078
:10D3700000BF00E000BF084B1B6807F10801002256
:10D380001846FDF766FB0346002B7FF43BAF00BF5A
:10D3900000BF2837BD4680BD3C3E032080B588B025
:10D3A00002AF41E02A4B1B68DB681B683B61284BDE
:10D3B0001B68DB68DB68FB60FB6804331846FDF71D
:10D3C000D7F8FB681B6AF8689847FB6893F8283021
:10D3D00003F00403002B27D0FB689B693A691344D0
:10D3E000BB60BA683B699A420ED9FB68BA685A605A
:10D3F000FB68FA681A61164B1A68FB680433194611
:10D400001046FDF77CF80FE00023009300233A69F3
:10D410000021F868FFF786FD78607B68002B03D158
:10D4200000F0FAF900BFFDE7094B1B681B68002BF1
:10D43000B8D1074B1B687B61064B1B68044A13601D
:10D44000044A7B69136000BF1837BD4680BD00BF2A
:10D45000343E0320383E032080B582B002AF00F096
:10D46000A5F8154B1B68002B20D11448FCF7F6FFDC
:10D470001348FCF7F3FF134B104A1A60124B104A83
:10D480001A6000230093114B114A10210A20FDF766
:10D49000F2F80346084A1360074B1B68002B05D0BF
:10D4A000054B1B680B491846FDF798FD00F090F8F6
:10D4B00000BFBD4680BD00BF3C3E03200C3E0320A4
:10D4C000203E0320343E0320383E0320E83E032064
:10D4D000483E032028ED010880B400AF0B4B00222A
:10D4E0001A600B4B00221A600A4B1B680A4AA2FB07
:10D4F00003239B09094A013B1360044B07221A606E
:10D5000000BFBD465DF8047B704700BF10E000E03F
:10D5100018E000E0D8010320D34D621014E000E0D1
:10D5200080B582B000AF00237B600A4B1B68B3F16B
:10D53000FF3F03D000F070F900BFFDE700F06CF989
:10D5400000BF7B68002BFCD000BF00BF0837BD4682
:10D5500080BD00BF0402032080B400AF084B1B68ED
:10D56000074A43F470031360064B1B68054A43F0F7
:10D570004043136000BFBD465DF8047B704700BFA9
:10D5800088ED00E034EF00E080B400AF064B4FF0D0
:10D5900080521A60BFF34F8FBFF36F8F00BFBD463D
:10D5A0005DF8047B704700BF04ED00E080B500AF7C
:10D5B00000F032F9054B1B680133044A1360BFF3D6
:10D5C0004F8FBFF36F8F00BF80BD00BF04020320E9
:10D5D00080B500AF0A4B1B68002B03D100F01CF98B
:10D5E00000BFFDE7064B1B68013B054A1360044B77
:10D5F0001B68002B02D1002000F01BF900BF80BD8A
:10D600000402032080B582B000AF00F005F9786015
:10D61000FEF78EFC0346002B03D0054B4FF08052E3
:10D620001A60786800F005F900BF0837BD4680BD74
:10D6300004ED00E080B584B000AF78607B689B6942
:10D64000FB60FB68023B1B78FB72FB7A022B04D168
:10D65000FFF782FF00F0B4F803E000F0DDF800BF50
:10D66000FDE700BF1037BD4680BD000080B485B027
:10D6700000AFF860B9607A603B60FB68043BFB6018
:10D68000FB684FF080721A60FB68043BFB607A68AD
:10D69000FB681A60FB68043BFB60384AFB681A6051
:10D6A000FB68043BFB60FB684FF012321A60FB68BA
:10D6B000043BFB60FB684FF003321A60FB68043BDD
:10D6C000FB60FB684FF002321A60FB68043BFB60B2
:10D6D000FB684FF001321A60FB68043BFB603A685C
:10D6E000FB681A60FB68043BFB60FB684FF011327B
:10D6F0001A60FB68043BFB60FB684FF010321A6055
:10D70000FB68043BFB60FB684FF009321A60FB6862
:10D71000043BFB60FB684FF008321A60FB68043B77
:10D72000FB60FB684FF007321A60FB68043BFB604C
:10D73000FB684FF006321A60FB68043BFB60FB6835
:10D740004FF005321A60FB68043BFB60FB684FF04A
:10D7500004321A60FB68043BFB60FB686FF0430215
:10D760001A60FB68043BFB60BA68FB681A60FB68E0
:10D7700018461437BD465DF8047B704721D5010873
:10D7800080B500AF0C4B1B680B4A43F47F0313605A
:10D79000094B1B68084A43F07F431360FFF79CFE68
:10D7A000064B00221A6000F023F8FEF773FCFFF727
:10D7B000B7FE0023184680BD20ED00E004020320E0
:10D7C000074A1168086806C881F30B88022181F3B3
:10D7D0001488203080F30988BFF36F8F104700BF93
:10D7E0000439032000BF00BF00000000000000005B
:10D7F00007480068006880F3088862B661B6BFF326
:10D800004F8FBFF36F8F02DF00BF00BFAFF3008009
:10D8100008ED00E000BF00BFEFF311804FF0A00162
:10D8200081F31188BFF34F8FBFF36F8F704700BF35
:10D83000184680F31188BFF34F8FBFF36F8F704787
:10D8400000BF000000000000000000000000000019
:10D85000EFF309801EF0100F08BF20ED108AEFF3E0
:10D860000B82734620E9FC0F114A116808604FF0E3
:10D87000A00080F31188BFF34F8FBFF36F8FFEF7C7
:10D8800009FC4FF0000080F31188094A116808680C
:10D89000B0E8FC0F13F0100F08BFB0EC108A82F351
:10D8A0000B8880F309881847AFF30080AFF300803E
:10D8B0000439032000BF00BF00000000000000008A
:10D8C0001EF0040F0CBFEFF30880EFF3098004494A
:10D8D000084700BFAFF30080AFF30080AFF30080D4
:10D8E00035D6010800BF00BF80B586B000AF7860B4
:10D8F0000023FB60FEF770FA504B1B68002B01D130
:10D9000000F0FCF84E4B1A687B681340002B40F087
:10D9100085807B68002B16D008227B6813447B60CF
:10D920007B6803F00703002B0DD07B6823F007030F
:10D9300008337B607B6803F00703002B03D0FFF7FD
:10D940006BFF00BFFDE77B68002B67D03D4B1B687A
:10D950007A689A4262D83C4B3B613B4B1B687B61C7
:10D9600004E07B693B617B691B687B617B695B6869
:10D970007A689A4203D97B691B68002BF1D12F4B3F
:10D980001B687A699A4249D03B691B680822134494
:10D99000FB607B691A683B691A607B695A687B681F
:10D9A000D21A08235B009A4218D97A697B6813441B
:10D9B000BB60BB6803F00703002B03D0FFF72CFF0D
:10D9C00000BFFDE77B695A687B68D21ABB685A6062
:10D9D0007B697A685A60B86800F0F2F8194B1A68E7
:10D9E0007B695B68D31A174A1360164B1A68174B8A
:10D9F0001B689A4203D2134B1B68144A13607B695D
:10DA00005A680F4B1B681A437B695A607B69002276
:10DA10001A600F4B1B6801330D4A1360FEF7EAF9D9
:10DA2000FB6803F00703002B03D0FFF7F5FE00BFF0
:10DA3000FDE7FB6818461837BD4680BD40570320F8
:10DA400054570320445703203857032048570320D6
:10DA50004C57032080B584B000AF78607B68FB60D2
:10DA60007B68002B3FD008235B42FA681344FB60BD
:10DA7000FB68BB60BB685A681D4B1B681340002BDA
:10DA800003D1FFF7C9FE00BFFDE7BB681B68002B91
:10DA900003D0FFF7C1FE00BFFDE7BB685A68144B17
:10DAA0001B681340002B1ED0BB681B68002B1AD1CB
:10DAB000BB685A680E4B1B68DB431A40BB685A6050
:10DAC000FEF78AF9BB685A680A4B1B681344094A77
:10DAD0001360B86800F074F8074B1B680133064AFE
:10DAE0001360FEF787F900BF1037BD4680BD00BF49
:10DAF00054570320445703205057032080B485B067
:10DB000000AF4FF4C053BB60274BFB60FB6803F0D2
:10DB10000703002B0CD0FB680733FB60FB6823F086
:10DB20000703FB60BA68FB68D31A1F4A1344BB6043
:10DB3000FB687B601D4A7B6813601C4B00225A60A7
:10DB40007B68BA681344FB600822FB689B1AFB6081
:10DB5000FB6823F00703FB60FB68154A1360144B56
:10DB60001B6800225A60124B1B6800221A607B68F7
:10DB70003B603B68FA68D21A3B685A600C4B1A68E3
:10DB80003B681A603B685B680A4A13603B685B68E5
:10DB9000094A1360094B4FF000421A6000BF143766
:10DBA000BD465DF8047B7047383F0320385703209B
:10DBB000405703204857032044570320545703205D
:10DBC00080B485B000AF7860284BFB6002E0FB6852
:10DBD0001B68FB60FB681B687A689A42F7D8FB6891
:10DBE000BB60FB685B68BA6813447A689A4208D1E4
:10DBF000FB685A687B685B681A44FB685A60FB687C
:10DC00007B607B68BB607B685B68BA681A44FB68B2
:10DC10001B689A4218D1FB681A68154B1B689A4218
:10DC20000DD07B685A68FB681B685B681A447B6888
:10DC30005A60FB681B681A687B681A6008E00C4B26
:10DC40001A687B681A6003E0FB681A687B681A60D0
:10DC5000FA687B689A4202D0FB687A681A6000BF53
:10DC60001437BD465DF8047B704700BF385703206A
:10DC70004057032080B584B000AF78607B68D3F84C
:10DC8000D832FB60FB6803F2AA227B6803F5267397
:10DC900019461046FCF7C4F97B68D3F8D8227B6894
:10DCA00003F5267319461046FBF76DFA00BF1037CF
:10DCB000BD4680BD80B582B000AF78600B46FB707A
:10DCC0007B68D3F8D802FA78796813469B0013442E
:10DCD000DB000B4403F5B2731A68FB781946FBF7B7
:10DCE000B9FA00BF0837BD4680BD80B582B000AF2D
:10DCF00078600B46FB707B68D3F8D802FA787968B5
:10DD000013469B001344DB000B4424331A68FB7852
:10DD10001946FBF702FB00BF0837BD4680BD80B542
:10DD200082B000AF78607B68D3F8D8321846FBF732
:10DD300016FC00BF0837BD4680BD80B584B000AF7B
:10DD400078600123FB737B685B79022B01D0E3F7DA
:10DD50006FFE7B68D3F8D832FA7B11461846FBF782
:10DD6000C0FB7B68D3F8D8321846FBF76CFB00BFCA
:10DD70001037BD4680BD000080B582B000AF78602E
:10DD80007B68D3F8D8321846FBF7BBFB7B685B7A1D
:10DD9000002B05D0044B1B69034A43F006031361B3
:10DDA00000BF0837BD4680BD00ED00E080B582B001
:10DDB00000AF78607B685B7A002B07D0084B1B694B
:10DDC000074A23F00603136100F0FDF87B68D3F8DF
:10DDD000D8321846FBF7ABFB00BF0837BD4680BD05
:10DDE00000ED00E080B584B000AF786008461146D1
:10DDF0001A460346FB700B46BB7013463B8000235C
:10DE0000FB730023BB737B68D3F8CC02BB783A88E2
:10DE1000F978EFF770FD0346FB73FB7B184600F0C3
:10DE2000D9F80346BB73BB7B18461037BD4680BD8F
:10DE300080B584B000AF78600B46FB700023FB73A5
:10DE40000023BB737B68D3F8CC32FA7811461846AE
:10DE5000EFF716FE0346FB73FB7B184600F0BAF89B
:10DE60000346BB73BB7B18461037BD4680BD80B5EB
:10DE700084B000AF78600B46FB700023FB73002377
:10DE8000BB737B68D3F8CC32FA7811461846EFF7AB
:10DE900049FE0346FB73FB7B184600F09BF80346E4
:10DEA000BB73BB7B18461037BD4680BD80B485B0C0
:10DEB00000AF78600B46FB707B68D3F8CC32FB6018
:10DEC00097F90330002B0BDAFB7803F07F02F96837
:10DED00013469B001344DB000B4412331B780BE00A
:10DEE000FB7803F07F02F96813469B001344DB00C4
:10DEF0000B4403F5A9731B7818461437BD465DF82B
:10DF0000047B704780B584B000AF78600B46FB702F
:10DF10000023FB730023BB737B68D3F8CC32FA7801
:10DF200011461846EFF7C3FC0346FB73FB7B18460C
:10DF300000F050F80346BB73BB7B18461037BD4654
:10DF400080BD80B586B000AFF8607A603B600B465C
:10DF5000FB720023FB750023BB75FB68D3F8CC0272
:10DF6000F97A3B687A68EFF754FD0346FB75FB7D51
:10DF7000184600F02FF80346BB75BB7D18461837CE
:10DF8000BD4680BD80B586B000AFF8607A603B606A
:10DF90000B46FB720023FB750023BB75FB68D3F8AF
:10DFA000CC02F97A3B687A68EFF702FD0346FB750D
:10DFB000FB7D184600F00EF80346BB75BB7D184686
:10DFC0001837BD4680BD80B500AFE2F7BFFC00BF8B
:10DFD00080BD000080B485B000AF0346FB71002314
:10DFE000FB73FB79032B17D801A252F823F000BF73
:10DFF00001E0010807E001080DE0010813E0010855
:10E000000023FB730BE00323FB7308E00123FB7386
:10E0100005E00323FB7302E00323FB7300BFFB7BDC
:10E0200018461437BD465DF8047B704770B50F4E37
:10E030000C460546316811B900F052F930602146AE
:10E04000284600F04DF9431C03D14FF0FF34204621
:10E0500070BDC41C24F00304A042F8D0211A284645
:10E0600000F03EF90130F2D1EFE700BF585703202E
:10E070002DE9F843CD1C064625F0030508350C2D87
:10E0800038BF0C25002D01DBA94204D90C233360D5
:10E090000020BDE8F883DFF8D48000F069F8D8F8F4
:10E0A00000301C4644BB29463046FFF7BFFF431CE7
:10E0B000044658D1D8F800402746002F43D1002C01
:10E0C0004BD023683946304604EB030900F008F9C9
:10E0D000814542D1216830466D1A2946FFF7A6FFD7
:10E0E00001303AD023682B442360D8F800305A68B6
:10E0F00062BBC8F800700FE02268521B20D40B2AC4
:10E1000017D96119A342256018BF5960636808BF19
:10E11000C8F8001062514B60304600F02FF804F14F
:10E120000B00231D20F00700C21A1CBF1B1AA350AE
:10E13000AFE76268A3420CBFC8F800205A60EBE763
:10E1400023466468AEE73C467F68B6E71A465B68DC
:10E15000A342FBD100235360DEE70C23304633603B
:10E1600000F00CF894E70560D6E700BF5C57032089
:10E17000014800F0EFB800BF9C580320014800F0B0
:10E18000EAB800BF9C5803200CB4194B30B50C1EE4
:10E190009DB01D6808DA8B234FF0FF302B601DB057
:10E1A000BDE8304002B070474FF402730290069011
:10E1B00002A9ADF814304FF00003209A28461B93B3
:10E1C00014BF04F1FF332346049307934FF6FF7304
:10E1D000ADF8163021AB019300F07AF9431CBCBFB7
:10E1E0008B232B60002CDAD0029B00221A70D6E71A
:10E1F000080203200139024410B5904201D10020E9
:10E2000005E0037811F8014FA34201D0181B10BD9F
:10E210000130F2E702440346934200D1704703F80D
:10E22000011BF9E72D4B1B68834270B5044653D0A0
:10E23000C3691BB3DB6863B10025E369DB68595927
:10E24000B1B90435802DF8D1E3692046D96800F0D2
:10E2500099F8E369196811B1204600F093F8E36971
:10E260009D685DB1294620462D6800F08BF8F8E7DF
:10E270000E68204600F086F83146E1E7616911B189
:10E28000204600F07FF8E16911B1204600F07AF8ED
:10E29000216B11B1204600F075F8616B11B1204679
:10E2A00000F070F8A16B11B1204600F06BF8A16C82
:10E2B00011B1204600F066F8616C11B1204600F003
:10E2C00061F8E16A11B1204600F05CF8236A1BB1E5
:10E2D0002046BDE87040184770BD00BF080203200B
:10E2E00038B50023054D044608462B60EAF77EFA50
:10E2F000431C02D12B6803B1236038BD985803201A
:10E30000014B1868704700BF0802032070B50D4D1F
:10E3100000260D4C641BA410A64209D10B4D00260B
:10E320000B4C00F0BFFB641BA410A64205D170BDCE
:10E3300055F8043B01369847EEE755F8043B0136A3
:10E340009847F2E7ACF30108ACF30108ACF301081D
:10E35000B0F3010870477047034611F8012B03F82A
:10E36000012B002AF9D170470A44431E914200D183
:10E37000704710B511F8014B914203F8014FF9D1E4
:10E3800010BD000038B50546002941D051F8043CC5
:10E390000C1F002BB8BFE418FFF7EAFE1D4A1368F4
:10E3A00033B9636014602846BDE83840FFF7E6BE25
:10E3B000A34208D9206821188B4201BF19685B6805
:10E3C00009182160EDE71A465B680BB1A342FAD940
:10E3D00011685018A0420BD12068014450181160F8
:10E3E0008342E0D118685B68084453601060DAE744
:10E3F00002D90C232B60D6E7206821188B4202BF7C
:10E4000019685B680918636008BF21605460CAE737
:10E4100038BD00BF5C5703202DE9F0471F468E68CA
:10E4200082460C46BE4290460B682DD8B1F90C20AE
:10E4300012F4906F26D06569096905EB4505A3EBD9
:10E4400001097B1C05EBD5754B446D109D4238BF0F
:10E450001D46530527D52946FFF70AFE064660B339
:10E460004A462169FFF780FFA38923F4906343F0B4
:10E470008003A38126614E446561A5EB09052660F2
:10E480003E46A560BE4200D93E463246414620681F
:10E4900000F0AAFAA36800209B1BA3602368334402
:10E4A0002360BDE8F0872A4600F0C6FA0646002839
:10E4B000E0D121695046FFF765FF0C234FF0FF3094
:10E4C000CAF80030A38943F04003A381E9E70000C4
:10E4D0002DE9F04F98468B899DB007461B060D46E7
:10E4E000144610D50B6973B94021FFF7C1FD2860B0
:10E4F000286130B90C233B604FF0FF301DB0BDE800
:10E50000F08F40236B610023CDF80C804FF00109A0
:10E51000DFF8A081099320238DF8293030238DF86E
:10E520002A3023469A4613F8012B0AB1252AF9D13D
:10E53000BAEB040B0BD05B46224629463846FFF760
:10E540006BFF013000F0A780099A5A4409929AF8AB
:10E550000030002B00F09F8000234FF0FF320AF1C3
:10E56000010A049307938DF853301A93CDE90523DC
:10E57000544605224F4814F8011B00F04FFA049A44
:10E58000D8B9D00644BF20238DF85330110744BFBB
:10E590002B238DF853309AF800302A2B15D0079A88
:10E5A000544600204FF00A0C214611F8013B303B45
:10E5B000092B4BD9B0B1079214E0A0EB0803A24697
:10E5C00009FA03F313430493D2E7039B191D1B6855
:10E5D000002B0391BBBF5B4242F0020207930793FB
:10E5E000B8BF049223782E2B0AD163782A2B32D11C
:10E5F000039B02341A1D1B6843EAE37303920593DD
:10E60000DFF8C0A003222178504600F007FA38B1A5
:10E61000A0EB0A004022049B013482401343049380
:10E6200014F8011B062224488DF8281000F0F6F992
:10E63000002836D0214B1BBB039B073323F0070375
:10E6400008330393099B334409936AE70CFB0232B6
:10E650000C460120A8E7002301344FF00A0C1946AC
:10E660000593204610F8012B303A092A03D9002BD4
:10E67000C6D00591C4E70CFB012104460123F0E755
:10E6800003AB2A4604A9384600930D4BAFF3008034
:10E69000421C0646D6D1AB895B063FF52DAF0998E3
:10E6A0002CE703AB2A4604A938460093044B00F03C
:10E6B0007DF8EDE770F301087AF30108000000002F
:10E6C00019E4010876F301082DE9F047164698464B
:10E6D0008A6807460B690C46DDF820909342B8BF64
:10E6E0001346336091F843200AB101333360236845
:10E6F000990642BF336802333360256815F006057A
:10E7000006D104F1190AE36832689B1AAB422BDC8C
:10E7100094F843302268003B18BF0123920630D49E
:10E7200004F1430241463846C847013023D02368EC
:10E730001A3454F80A2C03F00603042B0ABF54F8C9
:10E740000E5C002533684FF0000608BFED1A54F840
:10E75000123C08BF25EAE5759342C4BF9B1AED1829
:10E76000B5421AD1002008E00123524641463846FE
:10E77000C847013003D14FF0FF30BDE8F0870135C5
:10E78000C1E7E1185A1C30200233224481F84300CB
:10E7900094F8451082F84310C2E70123224641460F
:10E7A0003846C8470130E6D00136D9E72DE9FF47A2
:10E7B0000F7E914680460C46782F9A460C9E01F1BA
:10E7C000430207D8622F0AD8002F00F0D180582FBB
:10E7D00000F0B88004F1420684F842703AE0A7F1F4
:10E7E0006303152BF6D801A151F823F045E8010881
:10E7F00059E80108D5E70108D5E70108D5E7010880
:10E80000D5E7010859E80108D5E70108D5E701086F
:10E81000D5E70108D5E7010857E9010883E80108B1
:10E8200011E90108D5E70108D5E7010879E90108F0
:10E83000D5E7010883E80108D5E70108D5E7010815
:10E8400019E9010833681A1D1B68326004F1420699
:10E8500084F8423001239CE033682068191D316040
:10E86000060601D51D6803E04506FBD5B3F9005047
:10E87000002D03DA2D236D4284F8433058480A23D3
:10E8800011E021683368080653F8045B02D4490696
:10E8900048BFADB26F2F3360514814BF0A2308231D
:10E8A000002184F843106668002EA66005DB21680D
:10E8B0002E4321F0040121604BD01646B5FBF3F145
:10E8C00003FB1157C75D06F8017D2F460D46BB427D
:10E8D000F4D9082B0BD12368DF0708D523696168B9
:10E8E0009942DEBF302306F8013C06F1FF36921B49
:10E8F00022614B4603AA21464046CDF800A0FFF70F
:10E90000E3FE01304AD14FF0FF3004B0BDE8F0879C
:10E91000236843F02003236078273248236884F873
:10E9200045701F06316851F8045B02D45F0648BF8A
:10E93000ADB23160D90744BF43F0200323601DB15D
:10E940001023ADE72648E9E7236823F0200323607E
:10E95000F6E71646BDE733682568181D6169306023
:10E960002E061B6801D5196002E06806FBD51980E8
:10E97000002316462361BCE7336800211A1D32606C
:10E980001E686268304600F049F808B1801B60607C
:10E9900063682361002384F84330AAE72369324681
:10E9A00049464046D0470130ADD023689B0713D479
:10E9B000E068039B9842B8BF1846A6E70123324699
:10E9C00049464046D04701309DD00135E368039960
:10E9D0005B1AAB42F2DCEBE7002504F11906F5E720
:10E9E00081F3010892F30108884210B501EB02049B
:10E9F00002D98442234607D8431EA14208D011F809
:10EA0000012B03F8012FF8E7024401468A4200D1A6
:10EA100010BD13F8014D02F8014DF7E7C9B20346E6
:10EA2000024410B59342184601D1002003E0047857
:10EA300001338C42F6D110BD2DE9F0410746144652
:10EA40000D4621B91146BDE8F041FFF711BB2AB9C7
:10EA50002546FFF797FC2846BDE8F08100F01AF83C
:10EA60008442064602D8B4EB500FF4D8214638460B
:10EA7000FFF7FEFA804608B94546ECE7B442224665
:10EA8000294628BF3246FFF76FFC29463846FFF774
:10EA900079FCF1E751F8043C181F002BBCBF0B5860
:10EAA000C0187047F8B500BFF8BC08BC9E46704758
:10EAB000F8B500BFF8BC08BC9E46704700000000D7
:08EAC0005FF800F05902032089
:10EAC80052414D4E5F526563656976655553420004
:10EAD80052414D4E5F5265636569766543414E000C
:10EAE80052414D4E5F53656E6443414E0000000035
:10EAF80052414D4E5F506572696F64696300000052
:10EB080052414D4E5F4572726F725461736B0000D3
:10EB180052414D4E5F4469616752580052414D4E13
:10EB28005F4469616754580052414D4E5F53656EAA
:10EB3800645553420000000052414D4E5F527854D4
:10EB480061736B320000000052414D4E5F5478549F
:10EB580061736B3200000000666C61677B4F4E4545
:10EB68005F42595F4F4E457D00000000666C61674B
:10EB78007B494E5F43414E5F464C4147537D000001
:10EB8800666C61677B494E5F43414E5F54494D490E
:10EB98004E477D00666C61677B43414E5F46495234
:10EBA80053545F4D4553534147457D00666C61673B
:10EBB8007B43414E5F5254525F414E535745527DFD
:10EBC8000000000047495645464C414700000000F8
:10EBD800666C61677B43414E5F464C41475F4745E2
:10EBE800547D0000666C61677B43414E5F42494E2D
:10EBF8004152595F414E414C595349537D000000E1
:10EC080043414E205258202D2049443A203078253F
:10EC18006C582C204C656E3A2025642C2044617475
:10EC2800613A2000253032582000000048656C6C9D
:10EC38006F2066726F6D2052414D4E0D000000002E
:10EC480043414C4942524154494F4E2049443000B7
:10EC5800454355442D426F6479000000666C616736
:10EC68007B524541445F4D454D4F52597D00000050
:10EC7800666C61677B5544535F444154415F52451C
:10EC880041447D00666C61677B41555448454E544C
:10EC98004943415445447D00666C61677B55445344
:10ECA8005F454E554D45524154494F4E7D00000039
:10ECB8004F637420203620323032350032303A30FB
:10ECC800363A32390000000052414D4E0000000033
:10ECD800666C61677B48494444454E5F53455256CC
:10ECE8004943457D0000000049444C4500000000B0
:10ECF8000925630925750925750925750D0A00007B
:10ED08000925750909257525250D0A00092575099F
:10ED1800093C3125250D0A00546D72205376630095
:10ED2800546D725100000000C8EA0108000000009C
:10ED380000000000000000000000000000040000C7
:10ED4800180000000000000000000000D8EA0108D8
:10ED5800000000000C0F0320AC0000000C0B032087
:10ED6800000400001800000000000000000000007F
:10ED7800E8EA010800000000BC130320AC00000012
:10ED8800BC0F032000040000280000000000000061
:10ED980000000000F8EA0108000000006C180320D9
:10EDA800AC0000006C1403200004000020000000E8
:10EDB800000000000000000008EB0108000000004F
:10EDC8001C1D0320AC0000001C19032000040000D7
:10EDD80031000000000000000000000018EB0108EE
:10EDE80000000000CC210320AC000000CC1D032053
:10EDF80000040000100000000000000000000000F7
:10EE080024EB0108000000007C260320AC00000071
:10EE18007C220320000400000F0000000000000016
:10EE28000000000030EB01080000000000000000B6
:10EE38000000000000000000000400003000000096
:10EE4800000000000000000040EB01080000000086
:10EE580000000000000000000000000000080000A2
:10EE680029000000000000000000000050EB01082D
:10EE7800000000000000000000000000000000008A
:10EE8800000400002A00000000000000000000004C
:10EE980024004300D301A7015001E307DF0756050B
:10EEA800030756047207570458040000FECA770087
:10EEB80000000000963007772C610EEEBA510999D0
:10EEC80019C46D078FF46A7035A563E9A395649E2C
:10EED8003288DB0EA4B8DC791EE9D5E088D9D29750
:10EEE8002B4CB609BD7CB17E072DB8E7911DBF90AC
:10EEF8006410B71DF220B06A4871B9F3DE41BE84D0
:10EF08007DD4DA1AEBE4DD6D51B5D4F4C785D3832B
:10EF180056986C13C0A86B647AF962FDECC9658ACF
:10EF28004F5C0114D96C0663633D0FFAF50D088D2B
:10EF3800C8206E3B5E10694CE44160D5727167A2CF
:10EF4800D1E4033C47D4044BFD850DD26BB50AA52B
:10EF5800FAA8B5356C98B242D6C9BBDB40F9BCAC4F
:10EF6800E36CD832755CDF45CF0DD6DC593DD1ABAB
:10EF7800AC30D9263A00DE518051D7C81661D0BFCF
:10EF8800B5F4B42123C4B3569995BACF0FA5BDB82B
:10EF98009EB802280888055FB2D90CC624E90BB1CF
:10EFA800877C6F2F114C6858AB1D61C13D2D66B62B
:10EFB8009041DC760671DB01BC20D2982A10D5EF8F
:10EFC8008985B1711FB5B606A5E4BF9F33D4B8E8EB
:10EFD800A2C9077834F9000F8EA8099618980EE18F
:10EFE800BB0D6A7F2D3D6D08976C6491015C63E6EB
:10EFF800F4516B6B62616C1CD83065854E0062F20F
:10F00800ED95066C7BA5011BC1F4088257C40FF56A
:10F01800C6D9B06550E9B712EAB8BE8B7C88B9FC8E
:10F02800DF1DDD62492DDA15F37CD38C654CD4FBEA
:10F038005861B24DCE51B53A7400BCA3E230BBD48E
:10F0480041A5DF4AD795D83D6DC4D1A4FBF4D6D3EA
:10F058006AE96943FCD96E34468867ADD0B860DA8E
:10F06800732D0444E51D03335F4C0AAAC97C0DDDEA
:10F078003C710550AA41022710100BBE86200CC90E
:10F0880025B56857B3856F2009D466B99FE461CE6A
:10F098000EF9DE5E98C9D9292298D0B0B4A8D7C78E
:10F0A800173DB359810DB42E3B5CBDB7AD6CBAC0EA
:10F0B8002083B8EDB6B3BF9A0CE2B6039AD2B17406
:10F0C8003947D5EAAF77D29D1526DB048316DC7362
:10F0D800120B63E3843B64943E6A6D0DA85A6A7A06
:10F0E8000BCF0EE49DFF099327AE000AB19E077D62
:10F0F80044930FF0D2A3088768F2011EFEC2066986
:10F108005D5762F7CB67658071366C19E7066B6EE1
:10F11800761BD4FEE02BD3895A7ADA10CC4ADD6705
:10F128006FDFB9F9F9EFBE8E43BEB717D58EB06061
:10F13800E8A3D6D67E93D1A1C4C2D83852F2DF4F05
:10F14800F167BBD16757BCA6DD06B53F4B36B24861
:10F15800DA2B0DD84C1B0AAFF64A0336607A044105
:10F16800C3EF60DF55DF67A8EF8E6E3179BE694661
:10F178008CB361CB1A8366BCA0D26F2536E2685285
:10F1880095770CCC03470BBBB91602222F260555E1
:10F19800BE3BBAC5280BBDB2925AB42B046AB35C05
:10F1A800A7FFD7C231CFD0B58B9ED92C1DAEDE5B61
:10F1B800B0C2649B26F263EC9CA36A750A936D0245
:10F1C800A906099C3F360EEB8567077213570005A1
:10F1D800824ABF95147AB8E2AE2BB17B381BB60CC5
:10F1E8009B8ED2920DBED5E5B7EFDC7C21DFDB0B21
:10F1F800D4D2D38642E2D4F1F8B3DD686E83DA1F45
:10F20800CD16BE815B26B9F6E177B06F7747B718A0
:10F21800E65A0888706A0FFFCA3B06665C0B011144
:10F22800FF9E658F69AE62F8D3FF6B6145CF6C16A0
:10F2380078E20AA0EED20DD75483044EC2B3033944
:10F24800612667A7F71660D04D476949DB776E3EA0
:10F258004A6AD1AEDC5AD6D9660BDF40F03BD837C4
:10F2680053AEBCA9C59EBBDE7FCFB247E9FFB53020
:10F278001CF2BDBD8AC2BACA3093B353A6A3B42444
:10F288000536D0BA9306D7CD2957DE54BF67D923A0
:10F298002E7A66B3B84A61C4021B685D942B6F2A44
:10F2A80037BE0BB4A18E0CC31BDF055A8DEF022DA0
:10F2B80056554C4E45524142494C4954590000005C
:10F2C8000001020304050607080C1014182030403A
:10F2D8004543554400000000000000000000000005
:10F2E80001020304060708090000000001020304E4
:10F2F800A0860100400D0300801A060000350C00AE
:10F3080040420F0080841E0000093D0000127A0070
:10F318000024F40000366E010048E801006CDC02AD
:10F3280000000000000000000000000000000000D5
:10F338000001020304050607080C101418203040C9
:10F34800010002000400060008000A000C0010007A
:10F3580020004000800000010101010307010000B6
:10F368000804020408010101232D302B2000686CD9
:10F378004C006566674546470030313233343536D0
:10F388003738394142434445460030313233343509
:0CF3980036373839616263646566000036
:08F3A4009C0EFE7F0100000039
:04F3AC00250200082E
:04F3B000010200084E
:10F3B4000000000000000000000000000000000049
:10F3C4000000000000000000000000000000000039
:10F3D4000000000000000000000000000200000027
:10F3E40001000000000000000000000000000040D8
:10F3F4000000000002000000010000000000000006
:10F4040000000000010000000000000000000000F7
:10F414000000FF07010001000000000000000000E0
:10F42400000000000000000000000000D4000320E1
:10F43400440103200100000001000000EB0700006C
:10F4440000000000000000000000000000000000B8
:10F4540000000000000000000000000000000000A8
:10F46400EB070000000000000000000000000000A6
:10F474000000000000000000000000000000000088
:10F4840000000000B80100000000000000000000BF
:10F494000800000000000000000000000000000060
:10F4A4000000000000000000000000000000000058
:10F4B4000000000000000000000000000000000048
:10F4C4000000000000000000000000000000000038
:10F4D4000000000000000000000000000000000028
:10F4E40000000000000000006400000000000000B4
:10F4F40000000000BB01000000000000000000004C
:10F5040008000000000000000000000000000000EF
:10F5140000000000000000000000000000000000E7
:10F5240000000000000000000000000000000000D7
:10F5340000000000000000000000000000000000C7
:10F5440000000000000000000000000000000000B7
:10F554000000000000000000640000000000000043
:10F56400000000005705000000000000000000003B
:10F574000000000000000000000000000000000087
:10F58400000000000000000000093D000800000029
:10F594000100000000000000000000000000000066
:10F5A4000000000001000000000000000000000056
:10F5B40020000000AAAAAAAA0C020320000000004E
:10F5C40060570320C8570320305803200000000070
:10F5D4000000000000000000000000000000000027
:10F5E4000000000000000000000000000000000017
:10F5F4000000000000000000000000000000000007
:10F60400000000000000000080B58CB000AF72B6AE
:10F6140000BF3B46184600F097F806233B604FF4C2
:10F6240000537B61BB6943F08063BB61AA233B61E8
:10F634003C4B9B6A002B05DA3A4B3B4A9A60394BA8
:10F644003A4A9A60374B9B6A03F08043002B05D0FB
:10F65400344B374A1A61334B364A1A61364B1B789E
:10F66400012B01D1022359E0334B01221A70324B92
:10F6740000225A604FF47A7000F062F8034687F86B
:10F684002F3097F82F30002B2BD10023BB6200239F
:10F694007B62244B1B6C23F0FF023B69214913431B
:10F6A4000B64BB6903F08063BA6A1343BB627B6A71
:10F6B40043F080637B621B4B1A6C7B6ADB431A400A
:10F6C4001849BB6A13430B64164B9B6A154A43F4EF
:10F6D400003393624FF47A7000F032F8034687F8EF
:10F6E4002F30154B00221A7097F82F30002B06D1BB
:10F6F4000C4B9B6A0B4A43F0006393620BE0094B8B
:10F704009B6A084A43F080439362064B9B6A054A0E
:10F7140043F00043936262B600BF012318463037BA
:10F72400BD4680BD0020024023016745AB89EFCD73
:10F734003B2A19087F6E5D4CE401032000000000A1
:10F744005FF800F085BA00085FF800F031BD0008EA
:04000005080089D98D
:00000001FF
